{"max": [0.0, 1.92, 0.543729], "centroid": [-0.1034540595611286, 0.9750918103448302, 0.017713888714733526], "id": "9b1175f3e0b7f0938ab7e957399ebbf0", "numVertices": 638, "min": [-0.6, 0.0, 0.0]}
