{"max": [0.0, 0.839922, -0.0103162], "centroid": [-1.1838493659420248, 0.5094896117127761, -0.317952493017127], "id": "575595ab81e657315b3aba3f0877c74f", "numVertices": 6072, "min": [-2.3749, -0.00738632, -0.599267]}
