{"max": [-0.355001, 0.8, -4.91769], "centroid": [-1.5794987926267203, 0.5542538986175096, -5.149382295768747], "id": "84caee0c9f3b03571c56cd199c0bfbf8", "numVertices": 2387, "min": [-2.805, 0.0, -5.36769]}
