{"max": [0.299578, 0.886198, -0.0278395], "centroid": [-0.7388317099118878, 0.5278021983323564, -0.46888406719022835], "id": "bfaad1f9dadac9b6a385f05be5d65f80", "numVertices": 10314, "min": [-1.77715, -0.00836915, -0.900558]}
