{"max": [0.0, 0.922698, 0.0399292], "centroid": [-1.5878185217738505, 0.6122277367687634, -0.38645128091542913], "id": "bdf722327e02a0f0ce7719c693f5802e", "numVertices": 13778, "min": [-2.78199, 0.0, -0.949291]}
