{"max": [0.8, 0.78, 0.0], "centroid": [5.881976289404803e-18, 0.36409926490066225, -0.3631125827814568], "id": "25c3964cf7a607b1f51fa0238791f5dc", "numVertices": 151, "min": [-0.8, 0.0, -0.48]}
