{"max": [-1.38915, 0.864606, 2.61505], "centroid": [-2.3054715223436757, 0.46278056502799636, 2.322701261820899], "id": "fbf16da56e709e422056b4bd5d870b47", "numVertices": 10786, "min": [-3.22493, -0.0015875, 1.95214]}
