{"max": [0.0, 0.933715, 0.625427], "centroid": [-0.9144000350877165, 0.620190710526316, 0.47899143201754446], "id": "6e27b6fc7769089f4fb4dee5181bee", "numVertices": 456, "min": [-1.8288, 0.0, 0.0]}
