{"max": [1.8288, 0.4572, 0.0], "centroid": [0.911611811805556, 0.23648294716666632, -0.19399001458333323], "id": "241f99f97083f685beedb4c8fd29e2d1", "numVertices": 288, "min": [0.0, 0.0, -0.381]}
