{"max": [0.0, 2.38, 0.6], "centroid": [-1.7564152813559393, 1.0122684192090372, 0.2096033898305079], "id": "68582049d02c7c979ebcda765f4eafa1", "numVertices": 885, "min": [-2.96, 0.0, -0.08]}
