{"max": [0.0, 1.3335, 0.7239], "centroid": [-0.2283847457627118, 0.6877014124293781, 0.01185692090395477], "id": "3b6042e3f223da66200ec3fc5b3ae5f4", "numVertices": 177, "min": [-0.4572, 0.0, -0.015875]}
