{"max": [0.0, 0.845, 0.609], "centroid": [-0.14892486681663458, 0.5371852988316745, 0.19517888311290238], "id": "d8cd6611c5f407cdbe81a9109a782712", "numVertices": 1058, "min": [-0.4, 1.02445e-08, 3.72529e-09]}
