{"max": [0.767556, 0.7366, 0.508], "centroid": [-1.4601846302135212e-16, 0.46759472347826025, 0.14550575813043523], "id": "1074bdcb3c2032fe0f3f8b6e1796773", "numVertices": 460, "min": [-0.767556, 0.0, 0.0]}
