{"max": [0.0, 0.8763, 0.0], "centroid": [-0.28436174297124783, 0.5607365271565531, -0.5846825261074564], "id": "779cda069c3b6338824662341ce2b233", "numVertices": 939, "min": [-0.5334, 0.0, -0.658241]}
