{"max": [0.0, 20.9294, 2.08538], "centroid": [-18.709655697361246, 11.497268734518096, -3.184998664006456], "id": "f197553928fccdd2b12aa6a0f050b3", "numVertices": 3714, "min": [-37.4193, 0.0, -12.8372]}
