{"max": [0.862105, 1.0668, 0.288458], "centroid": [0.4355969520737329, 0.541712525069125, 0.16795475668202758], "id": "698debfccb32f7404c62bee40dcdc539", "numVertices": 217, "min": [0.0, 0.0, -0.348733]}
