{"max": [0.933886, 1.20895, -0.31114], "centroid": [0.6845643012704177, 0.8041050249546208, -0.4057053221415634], "id": "8dc8d2e0bdf870ec95d0ca3fdb30532a", "numVertices": 2204, "min": [0.247572, 0.281375, -0.45084]}
