{"max": [0.762, 0.762, 0.0], "centroid": [0.08667426631999976, 0.44527196400000013, -0.6095992200000047], "id": "2b9b2ece245dffbaaa11adad6b2a69c", "numVertices": 500, "min": [-0.0254, 0.0, -1.2192]}
