{"max": [1.3, 0.8, 0.02], "centroid": [0.6249684466932273, 0.2954007274900396, -0.2388047808764944], "id": "4a007c5263b36c35f51f77a6d7299806", "numVertices": 502, "min": [0.0, 0.0, -0.48]}
