{"max": [1.8288, 0.4572, 0.0], "centroid": [0.9122833333333334, 0.22860000000000028, -0.2000250000000001], "id": "35e62b9c23928bc57f5df2bc47846a54", "numVertices": 96, "min": [0.0, 0.0, -0.40005]}
