{"max": [0.00635, 0.893869, 0.0], "centroid": [-0.5793768215990655, 0.5643615362659532, -0.4043817223371378], "id": "243ac273ab2262b117b4e4e00788e093", "numVertices": 2978, "min": [-1.16535, 0.0, -0.883733]}
