{"max": [0.265378, 0.868401, 0.0184009], "centroid": [-0.25960717778683073, 0.5739326042090968, -0.21549201770882587], "id": "b58a0307a86959bd564f6f5de611dfed", "numVertices": 1473, "min": [-0.580032, 0.0, -0.600838]}
