{"max": [0.0, 0.96, 0.3], "centroid": [-0.20253129999999991, 0.41499520689948055, 0.04365320623916835], "id": "703a95f9e0f51654f51f77a6d7299806", "numVertices": 1154, "min": [-0.4, 0.0, 0.0]}
