{"max": [0.0, 2.1336, 0.4699], "centroid": [-0.6123406133815126, 1.5527656823529394, 0.19818726471932765], "id": "b28d1c49cfe93a3f79368d1198f406e7", "numVertices": 595, "min": [-1.40335, 0.0, 0.0]}
