{"max": [0.0298172, 0.731639, 0.0374698], "centroid": [-0.9105900999402846, 0.3475305445305405, -0.24822367742618895], "id": "dfb1e5e85b5892adf155d75bbf62b80", "numVertices": 24081, "min": [-1.85296, 0.0, -0.52124]}
