{"max": [0.0, 0.67, 0.37252], "centroid": [-0.3269000465341863, 0.541654775727465, 0.10330558847882575], "id": "429488f8be42c9ed73149e0cf45b2c4e", "numVertices": 4227, "min": [-0.90704, 0.0, 0.0]}
