{"max": [0.718475, 0.316871, 0.320136], "centroid": [0.3722012999999998, 0.14697011461538462, 0.16033711711538456], "id": "84cd6e96a464894af132460d3f8b116", "numVertices": 52, "min": [0.0296221, -0.00952103, 0.00537668]}
