{"max": [0.118, 1.4, 0.018], "centroid": [-0.6000000739896334, 0.45080813264247943, -0.19711325938291038], "id": "f2a3ac936fcabeb8d1ccbd5d84e5bc86", "numVertices": 1930, "min": [-1.318, 0.0, -0.6]}
