{"max": [0.527443, 0.9271, -0.123392], "centroid": [-0.3298072496621622, 0.5405331165540531, -0.6276806824324332], "id": "575d99ba4197caf041ba999b450870a8", "numVertices": 592, "min": [-1.18706, 0.0, -0.650442]}
