{"max": [0.0298371, 0.61, 0.33213], "centroid": [-0.235162962554581, 0.4131965063953495, 0.03382708339821271], "id": "b64d237b3718134b6e5b9257c4084ca2", "numVertices": 2752, "min": [-0.500163, 0.0, -0.0398929]}
