{"max": [-0.0104665, 2.136, 0.63137], "centroid": [-0.6200675118279574, 1.0932134031989256, 0.4129046622043019], "id": "230a987c4ff5f673921dd903dd0b8b17", "numVertices": 744, "min": [-1.22967, 0.00240017, 0.00924067]}
