{"max": [0.0, 0.801877, -2.98023e-08], "centroid": [-0.9160183014258235, 0.395899042904779, -0.3058515839998481], "id": "3c2ffb35d0b3d831e1aab65fbcc9b689", "numVertices": 2595, "min": [-1.8288, -0.175862, -0.640913]}
