{"max": [0.00635, 1.15365, 0.377825], "centroid": [-0.2968260904272411, 0.6209644105364599, -0.030298641696113314], "id": "a32e351352e1053ad124fd2a448c2915", "numVertices": 6226, "min": [-0.6, 0.0, -0.0425159]}
