{"max": [4.56848, 0.917762, 0.542429], "centroid": [2.149325357142857, 0.4615692100816328, 0.3184237102040818], "id": "3b2f0fa67b29b6cd389a52d0b0203298", "numVertices": 49, "min": [0.0, 0.0, 0.0]}
