{"max": [2.09976, 0.4826, -0.3223], "centroid": [1.3012502466124645, 0.4367994306233506, -0.5249441556007178], "id": "f0c2b4f3e73873998cbb8bac2032149c", "numVertices": 4428, "min": [0.499562, 0.0, -0.7287]}
