{"max": [0.06, 2.205, 0.0], "centroid": [-0.6975000096848502, 1.1198021572864356, -0.37189125771715786], "id": "a09130501c18c324404449202e2d8881", "numVertices": 5572, "min": [-1.455, 0.0, -0.475]}
