{"max": [0.0, 2.19912, 0.609633], "centroid": [-0.6138464550986328, 0.3563404851320685, 0.2708651582245811], "id": "aca4241639feb8f0921dd903dd0b8b17", "numVertices": 1318, "min": [-1.2192, 1.19209e-07, -0.0164004]}
