{"max": [0.0, 0.877416, -5.96046e-08], "centroid": [-1.2187647604843206, 0.5433383996706964, -0.33289653255159674], "id": "c71738e3b314a72411afa9f5eb84a7ae", "numVertices": 10325, "min": [-2.43688, 0.0132086, -0.688659]}
