{"max": [-3.72529e-09, 0.75, 0.538695], "centroid": [-0.8122018133639939, 0.1265150722559999, 0.2301766348914464], "id": "8f30bc2f3ae12300a4669f677ccd56a9", "numVertices": 9375, "min": [-1.63, 0.0, -3.72529e-09]}
