{"max": [-10.1016, 3.42, -15.9859], "centroid": [-11.689129010989008, 1.2059982417582418, -17.278954945055002], "id": "382b6f8e93e1f576149dc0f3c5ce899e", "numVertices": 455, "min": [-13.1016, 0.0, -17.3059]}
