{"max": [0.0, 0.839922, -0.0103162], "centroid": [-1.1871799208704223, 0.5101537732146338, -0.31877827161226435], "id": "1f4ab55de315d6aa7d77abe0f9632d4", "numVertices": 6066, "min": [-2.3749, -0.00738632, -0.599267]}
