{"max": [0.0, 0.853106, 0.581785], "centroid": [-1.2837188874576615, 0.4286448576167075, 0.31946586636983004], "id": "cc7ab68e97b381eead5067eac75a07f7", "numVertices": 2466, "min": [-2.50633, -2.87528e-05, 0.0]}
