{"max": [1.8288, 0.4953, 0.0], "centroid": [0.9236199818877555, 0.3937618265306123, -0.25129155918367335], "id": "918507f83ae9eb64ad5067eac75a07f7", "numVertices": 392, "min": [0.0, 0.0, -0.50165]}
