{"max": [0.0, 0.853152, 0.100594], "centroid": [-0.6176561137254754, 0.5412873574497348, -0.12410629516924476], "id": "5ed9651c928575aab719144d1cd30cfc", "numVertices": 9690, "min": [-1.2319, 0.0, -0.588777]}
