{"max": [0.0, 0.0, 0.0], "centroid": [-0.5471499731543613, -0.32739454955828184, -0.2543645033557046], "id": "1e73a722906872b64da5feafe6f1c8fc", "numVertices": 298, "min": [-0.8382, -0.5969, -0.336853]}
