{"max": [-0.483868, 1.175, 3.7922], "centroid": [-1.4854031419634166, 0.5121924086621622, 3.280880158806404], "id": "d08027b0f50619ef5c2f6ec7d4720d0b", "numVertices": 8312, "min": [-2.46387, 0.016603, 3.17837]}
