{"max": [-1.37555, 0.851704, 2.63468], "centroid": [-2.3107936148525554, 0.4746696172551861, 2.3304313105205674], "id": "78f68a5f65ef88482056b4bd5d870b47", "numVertices": 2747, "min": [-3.23293, 0.0, 1.95728]}
