{"max": [3.9957, 2.29849, 0.657546], "centroid": [2.2084991951149022, 1.6102442844864087, 0.3195036988742055], "id": "89ddbdf6366df2a93c2e50348f23d3d", "numVertices": 28388, "min": [-0.00635, 0.0, -0.0324807]}
