{"max": [0.0, 0.8763, 0.0], "centroid": [-0.3301545829596399, 0.5500153587443974, -0.4374469073243647], "id": "221d442d733de66144221bef0fa3c36b", "numVertices": 669, "min": [-0.6096, 0.0, -0.62865]}
