{"max": [0.762, 0.370322, 0.227525], "centroid": [0.006176614406779953, 0.15611434629604598, -0.0005373874011299119], "id": "427df0fbd51ba54560f140e76bfa752a", "numVertices": 708, "min": [-0.750152, 0.0, -0.2286]}
