{"max": [0.05, 0.432241, 0.022], "centroid": [-0.7579191192457853, 0.3146315225215272, -0.2814365812500008], "id": "82071d0daa90cc15ed98cca8f0ccd5f7", "numVertices": 2496, "min": [-1.56612, -0.003, -0.582361]}
