{"max": [0.0249365, 0.839642, 0.115689], "centroid": [-0.9096432268137861, 0.32936556257180366, -0.23035155168823113], "id": "7631a05d80484ad6d2b12aa6a0f050b3", "numVertices": 28756, "min": [-1.84421, 0.0, -0.568255]}
