{"max": [0.0, 2.25, 0.5222], "centroid": [-0.9391073195219117, 0.7948039729083648, 0.0790374501992032], "id": "124cd036611b65b514038d588fd1342f", "numVertices": 502, "min": [-1.94, 0.0, 0.0]}
