{"max": [0.0, 0.8, 0.458073], "centroid": [-0.5937808346752069, 0.46663417886550734, 0.017863658051235225], "id": "5fec62a43a64ecb6f51f77a6d7299806", "numVertices": 2186, "min": [-1.3, 0.0, 0.0]}
