{"max": [1.2192, 0.8763, 0.0], "centroid": [0.6203461172161168, 0.615908523809525, -0.562482391941392], "id": "a9bfa9259f31ef9fde650492e45fb14f", "numVertices": 273, "min": [0.0, 0.0, -0.666753]}
