{"max": [0.808003, 1.08515, 0.589029], "centroid": [0.41742490749999994, 0.48142379388888945, 0.4205062499999998], "id": "784e9add253365c15a7771962bfe7829", "numVertices": 144, "min": [-0.00461358, 0.0, 0.182664]}
