{"max": [0.0, 1.95, 0.63], "centroid": [-0.7104270626409108, 0.9216216755233491, 0.19193786964573378], "id": "13a42286f65c8b559f8c3d2002c77ddb", "numVertices": 1242, "min": [-1.44, 0.0, -0.02]}
