{"max": [0.01, 0.77883, 0.130242], "centroid": [-0.7169118481808354, 0.45653443205247246, -0.2494495768202264], "id": "206904737710cfdded98cca8f0ccd5f7", "numVertices": 4667, "min": [-1.44566, -0.003, -0.635381]}
