{"max": [0.022225, 1.19063, 0.428964], "centroid": [-0.37083319213299265, 0.6414319028389235, -0.03394921340822859], "id": "37d41aa1ab8e7318534f016fc3878f48", "numVertices": 6587, "min": [-0.765175, -0.015875, -0.0578048]}
