{"max": [0.0, 0.93, 0.6], "centroid": [-0.7492452696054775, 0.47884457024960503, 0.011078943112922844], "id": "a2dcea3f88c397f487d0ef3f1f8b9c07", "numVertices": 9936, "min": [-1.5, 0.030959, -0.0278724]}
