{"max": [1.19209e-07, 0.762, 0.0], "centroid": [-0.6413739052237365, 0.2813153976525825, -0.2244451690140847], "id": "158134028cc664b5c59350d819542ec7", "numVertices": 213, "min": [-1.2192, 0.0, -0.365125]}
