{"max": [0.01905, 0.9017, -0.000929361], "centroid": [-0.6879996691304348, 0.434047047258977, -0.2934583702873341], "id": "7769891a8af54054bfde7937440ef438", "numVertices": 529, "min": [-1.40017, 0.0, -0.601563]}
