{"max": [0.0, 0.9, 0.5], "centroid": [-0.865505691780821, 0.5160826438356161, 0.10852886917808219], "id": "931fcaa08876700e788f926f4d51e733", "numVertices": 584, "min": [-1.7, 0.0, 0.0]}
