{"max": [0.00877739, 0.791885, 0.0207034], "centroid": [-1.3010239978128755, 0.4282520180779464, -0.293049803430347], "id": "294613465801739b4739fd13bce14311", "numVertices": 4516, "min": [-2.61984, 0.0, -0.630513]}
