{"max": [0.0, 0.8763, 0.0], "centroid": [-0.3035018098159509, 0.6787886073619647, -0.5162004761193288], "id": "45c91d543ef3c1a829a50a2b3c5e5b6", "numVertices": 326, "min": [-0.6096, 0.0, -0.659666]}
