{"max": [-0.771456, 0.4318, 2.32455], "centroid": [-1.3848401025641, 0.3150983974358978, 2.108277863247861], "id": "9ad5cab6ff1e45fd48113d3612de043b", "numVertices": 234, "min": [-1.99066, 0.0, 1.89275]}
