{"max": [0.0, 0.857321, 0.556531], "centroid": [-0.7413849582521006, 0.543682625586684, 0.41822447371428517], "id": "91c949736e4887002ea98d69e91ba870", "numVertices": 560, "min": [-1.48298, -2.32831e-09, 0.0]}
