{"max": [0.0379212, 0.833456, 0.181332], "centroid": [-0.9225603261876769, 0.5048597807105104, -0.11065956483138581], "id": "b90a642198dfd67ba6cf6cbb9f4c2bb", "numVertices": 7786, "min": [-1.88042, 0.0, -0.463299]}
