{"max": [-1.86911, 0.774952, 2.08143], "centroid": [-2.7918475631488557, 0.4272171360576431, 1.7538352626685296], "id": "a90115832bb80dc956f6fc4b4ce1db04", "numVertices": 12906, "min": [-3.71442, 0.0, 1.43268]}
