{"max": [0.762, 0.0, 0.0], "centroid": [0.3841794260882162, -0.49707438485779964, -0.3068776308763794], "id": "c07a52687cad81a4824662341ce2b233", "numVertices": 1723, "min": [0.0, -0.9144, -0.353441]}
