{"max": [1.2192, 0.50165, 0.6604], "centroid": [0.6138185125952381, 0.2459327229166667, 0.20043997979761913], "id": "7eecf98d3b8f93a684c210032662e046", "numVertices": 336, "min": [0.0, 0.0, 0.0]}
