{"max": [0.0, 1.99, 0.56], "centroid": [-0.6499792436708858, 0.9470614968354443, 0.13943013291139253], "id": "484aac3c3f3ee4aadfcedefd655bc18c", "numVertices": 632, "min": [-1.36, 0.0, -0.0262]}
