{"max": [0.0, 0.85, 0.0], "centroid": [-0.5424249870899955, 0.5060033340000027, -0.3762317730900012], "id": "c1f419412a6960a27775562146ecea9", "numVertices": 2000, "min": [-0.855, 0.0, -0.4]}
