{"max": [0.265378, 0.799437, 0.0197308], "centroid": [-0.8303798491002631, 0.5420312101542442, -0.2717866841388178], "id": "f100d0524db0b12c2c031fa3f6d7bfc7", "numVertices": 1556, "min": [-1.94178, 0.0, -0.632311]}
