{"max": [3.12691, 0.448353, -1.41071], "centroid": [2.2072700925925663, 0.35441286741814576, -1.711143248792301], "id": "bff5fff9215b5c412056b4bd5d870b47", "numVertices": 7452, "min": [1.2861, 0.0, -1.99896]}
