{"max": [0.0, 0.853152, 0.100594], "centroid": [-0.922512992309814, 0.5438320529859881, -0.12373271873866938], "id": "b997659a319cae6369923f7b2ea9aba", "numVertices": 14564, "min": [-1.8415, 0.0, -0.588777]}
