{"max": [0.01924, 0.893, 0.015], "centroid": [-0.18137697370673167, 0.6903913655860351, -0.2931943993321711], "id": "78c4b505894342269299936b751bd77b", "numVertices": 2005, "min": [-0.41, 0.0, -0.625]}
