{"max": [-0.304409, 2.4384, 0.0], "centroid": [-1.9687123647798752, 1.2540679442389935, -0.4491331233584906], "id": "bf504bde782c3f2ce8ced3508709e1db", "numVertices": 159, "min": [-3.6576, 0.0, -2.1336]}
