{"max": [2.38419e-07, 0.381, 8.9407e-08], "centroid": [-0.7588512581033343, 0.19007433696098727, -0.39100842211742515], "id": "6eb88254824387bfc59350d819542ec7", "numVertices": 1948, "min": [-1.0668, 0.0, -0.435769]}
