{"max": [-0.569801, 2.7729, -1.04684], "centroid": [-3.2210317699999953, 0.9865136979999963, -1.6661181599999983], "id": "46629a0cff77972aa47e6c0a5f3e8240", "numVertices": 500, "min": [-5.17737, -0.115538, -1.81627]}
