{"max": [0.0, 0.449914, 0.500574], "centroid": [-1.2819684942210114, 0.18537812517665425, 0.25029098740337213], "id": "9f27ed5d7877a38fd46c340938e2ff1c", "numVertices": 771, "min": [-2.5642, 0.0, 0.0]}
