{"max": [0.006096, 0.840861, 1.11759e-08], "centroid": [-0.9685357803403125, 0.4416381073298449, -0.32170143667231504], "id": "ec3b32347c823f258c2b40655482a651", "numVertices": 764, "min": [-2.17169, 0.0, -0.601107]}
