{"max": [0.239386, 0.564415, -0.013729], "centroid": [-0.7720269721004612, 0.38821199570895093, -0.4189753460101107], "id": "7536b671103f96e5b12a55dfcc392e26", "numVertices": 9098, "min": [-1.78225, -0.00373179, -0.788788]}
