{"max": [1.41054, 1.37311, 0.734084], "centroid": [0.7250843269502425, 0.9843531356144978, 0.43269628416260664], "id": "3250f6d70feb1e77d2b12aa6a0f050b3", "numVertices": 6371, "min": [0.0770425, 0.533749, 0.0860249]}
