{"max": [0.6477, 1.7695, 0.0], "centroid": [0.3180940151136052, 0.8888034785342304, -0.2755643188601299], "id": "92ef2c5091a97df18a6e1efe1f5fc0a3", "numVertices": 2667, "min": [0.0, 0.0, -0.531624]}
