{"max": [-0.00660527, 1.37319, -0.00423123], "centroid": [-0.6154247419736841, 0.7271327585526315, -0.5100448363157889], "id": "6543e0c78675e6eb868fb986bc092533", "numVertices": 152, "min": [-1.22581, 0.0, -0.720194]}
