{"max": [0.0, 0.8382, 0.5334], "centroid": [-0.5500168224299063, 0.47987009345794457, 0.12367663551401874], "id": "a55b6196e3402ba340789cf33f2f1153", "numVertices": 214, "min": [-1.0668, 0.0, 0.0]}
