{"max": [-1.36782, 0.427246, 2.1933], "centroid": [-2.2579148254580597, 0.39159313384763095, 1.913527481195727], "id": "6afb907e76102e222056b4bd5d870b47", "numVertices": 5185, "min": [-3.14644, 0.0, 1.61915]}
