{"max": [0.0, 0.8763, 8.9407e-08], "centroid": [-0.7334446781884351, 0.5767949371338167, -0.4724485341475964], "id": "a746b71bbbb56c93c59350d819542ec7", "numVertices": 6315, "min": [-1.524, 0.0, -0.506413]}
