{"max": [0.0, 0.8763, 5.96046e-08], "centroid": [-0.31622951620370343, 0.5289487276234542, -0.5846077071641524], "id": "298dcf7bd982cf0712de5317fe5b354f", "numVertices": 1296, "min": [-0.6096, 0.0, -0.657225]}
