{"max": [-2.77275, 0.96, 0.677411], "centroid": [-3.580063243243266, 0.5103134815724834, 0.2545844070434092], "id": "6ee01e861f10b1f044175b4dddf5be08", "numVertices": 1221, "min": [-4.33577, 0.0, 0.192156]}
