{"max": [0.07474, 2.91353, 0.532069], "centroid": [-0.7268413881835346, 1.7361440943591746, 0.11279330857339871], "id": "90f66de8ce581ee39aa778fe3a2080af", "numVertices": 11594, "min": [-1.46663, 0.0, -0.07474]}
