{"max": [2.28886, 0.75, 3.82133], "centroid": [1.6006790333333327, 0.3346666666666668, 3.575663333333333], "id": "5c80714fa7f21981bf2e25c697250b54", "numVertices": 120, "min": [0.891204, 0.0, 3.30133]}
