{"max": [0.582053, 0.251554, 0.261148], "centroid": [-0.024886273156899928, 0.15014641587902167, 0.0009508488582230259], "id": "1d9fd401e86ab773d2b12aa6a0f050b3", "numVertices": 2116, "min": [-0.611747, -0.206608, -0.259552]}
