{"max": [0.0321469, 0.79755, 0.00134513], "centroid": [-0.8927976468071325, 0.38913609599594956, -0.36555413181543966], "id": "e5af69132cc95133f155d75bbf62b80", "numVertices": 8886, "min": [-1.82031, 0.0, -0.687586]}
