{"max": [0.0506563, 0.86161, 0.588646], "centroid": [-0.9749201619005188, 0.47807877533407567, 0.26736377695924013], "id": "32b62bb2758b4c7fd2b12aa6a0f050b3", "numVertices": 10776, "min": [-2.00725, -0.00635, -0.100129]}
