{"max": [1.73056, 11.0792, -3.01715], "centroid": [-1.2165921861111104, 3.9266433541666736, -6.6414344675925925], "id": "90e6262b1713ab09fa3b6936d7879478", "numVertices": 432, "min": [-4.16498, 0.0, -7.14721]}
