{"max": [0.0249365, 0.839229, 0.0466326], "centroid": [-1.1995404310714777, 0.35125559554005886, -0.29232626002355333], "id": "e0ecbe3b106f94dbd2b12aa6a0f050b3", "numVertices": 14054, "min": [-2.42365, 0.0, -0.632103]}
