{"max": [0.45085, 1.7907, 0.34925], "centroid": [0.22542499999999982, 0.7083777777777773, 0.18012999999999987], "id": "84a374fd72bab291ccff75c3d7aff973", "numVertices": 90, "min": [0.0, 0.0, 0.0]}
