{"max": [0.01905, 1.13098, 0.508], "centroid": [-0.4055035488958988, 0.5779445804416392, 0.002083280757097811], "id": "50c7e5dace1d5dffc6256085755e32ef", "numVertices": 634, "min": [-0.79375, 0.0, -0.01905]}
