{"max": [0.0, 0.7366, 0.0], "centroid": [-0.1827447499999999, 0.5163657431906616, -0.4732046713249568], "id": "31c94abeda52273286d53ab0fe94e911", "numVertices": 514, "min": [-0.4572, 0.0, -0.582613]}
