{"max": [2.43267, 0.712186, 0.00194518], "centroid": [1.2076851818508199, 0.42932462314312125, -0.3218857576263499], "id": "4145da9aceda5bcc8b6ad894ae3d111", "numVertices": 9747, "min": [-0.0184339, 0.0, -0.645746]}
