{"max": [6.06705, 0.884392, 0.55545], "centroid": [5.30255717584785, 0.27564734681260017, 0.24008456367572847], "id": "2eea9c22b37967006e40121acd58a004", "numVertices": 8314, "min": [4.5377, 0.0175834, -0.0232568]}
