{"max": [0.0, 0.840861, 1.11759e-08], "centroid": [-1.2497354818656672, 0.4464403308457729, -0.32371569355428903], "id": "abd7c6ee28e19480a00f752d8c024637", "numVertices": 804, "min": [-2.17778, 0.0, -0.601107]}
