{"max": [0.0, 1.016, 0.0], "centroid": [-0.9928807898658703, 0.5596328017883726, -0.47319094038747783], "id": "367044e655cdce1f109be8beeb87a681", "numVertices": 671, "min": [-1.8288, 0.0, -0.7874]}
