{"max": [1.8165, 0.629722, 0.543042], "centroid": [0.8980636306209587, 0.3180492901142578, 0.2785801791872842], "id": "4f44a4d47a8911c4f155d75bbf62b80", "numVertices": 10065, "min": [-0.0321469, 0.0, -0.00107391]}
