{"max": [0.0, 1.3716, 1.19209e-07], "centroid": [-0.46441257234217936, 0.5992493171892204, -0.3919799152399691], "id": "23b7a3961eda17df4da5feafe6f1c8fc", "numVertices": 3881, "min": [-0.9144, 0.0, -0.42545]}
