{"max": [0.0, 0.4, 0.0], "centroid": [-1.2741322666666661, 0.21348205333333253, -0.2924999864000002], "id": "4f4416c9c53cee10b3a46b931571f116", "numVertices": 300, "min": [-2.58, 0.0, -0.585]}
