{"max": [0.0, 0.3, 0.45], "centroid": [-0.24954832152777787, 0.05352394401800687, 0.2287947202110795], "id": "53e5fe30d92d6733e6c5cd45aa112726", "numVertices": 576, "min": [-0.5, -4.47035e-08, -2.98023e-08]}
