{"max": [0.0, 0.434547, 0.00384404], "centroid": [-0.9115945255509509, 0.3731973379243982, -0.26958202473513837], "id": "d03199998c84839a844cd843a27223e5", "numVertices": 7487, "min": [-1.82677, 0.0, -0.556862]}
