{"max": [-0.514006, 0.8636, 0.308255], "centroid": [-0.9219289665893052, 0.40109003247151653, 0.02833766170907684], "id": "c2ac91973d449b18738e43095496b061", "numVertices": 18527, "min": [-1.32681, 0.0, -0.123545]}
