{"max": [0.0, 0.790392, 0.575508], "centroid": [-0.9096156775455159, 0.44746367430883305, 0.3770456131409291], "id": "a11db718438648a0ad5067eac75a07f7", "numVertices": 1483, "min": [-1.8288, 0.0, 0.0]}
