{"max": [-2.16708, 1.76004, -0.0949501], "centroid": [-2.622926322339774, 0.9599188196204085, -0.4978991492843836], "id": "530d7817abf9b54e73f47577531a0b51", "numVertices": 1607, "min": [-3.07708, 0.0, -0.54155]}
