{"max": [0.453026, 20.955, 6.78], "centroid": [-6.491301656381244, 12.298212859095804, -0.17764749067473865], "id": "8b188db0cd8ecb909f076a53721d9427", "numVertices": 10241, "min": [-13.473, 0.0, -0.589709]}
