{"max": [1.06393, 1.8, 0.063969], "centroid": [0.06970453593314775, 0.6987301225626735, -0.3284480088579383], "id": "47fa0f6c9b9f019742cc639a26c5af8c", "numVertices": 359, "min": [-0.936075, 0.0, -0.436031]}
