{"max": [-0.147638, 1.00683, -0.0957527], "centroid": [-1.0635747784697402, 0.5088434719750895, -0.4079539776690386], "id": "a973a401412f5561cb2a965e75be701c", "numVertices": 2248, "min": [-1.97644, 0.0, -0.768442]}
