{"max": [-4.91247, 2.2987, -1.94481], "centroid": [-5.538111111111102, 1.0685031049382705, -2.6008002777777914], "id": "d599d283cc1d2615a7547743355554a7", "numVertices": 324, "min": [-6.15707, 0.0, -2.66871]}
