{"max": [1.77241, 0.59055, 0.0214685], "centroid": [0.8569737228920279, 0.3231916753354996, -0.25374836282954344], "id": "7be476ad18fc7b40d201085e80edb26a", "numVertices": 7392, "min": [-0.056642, 0.0, -0.531292]}
