{"max": [-1.07593, 0.852031, 1.64004], "centroid": [-1.9931745194085906, 0.48134872939001716, 1.3321300160197151], "id": "2b529b43c73da6e92056b4bd5d870b47", "numVertices": 3246, "min": [-2.91743, 0.0, 0.943016]}
