{"max": [0.3048, 0.8763, 0.0], "centroid": [0.08917332900662256, 0.6343640397350994, -0.4915695629139075], "id": "4ae5df17829fb50799dd23ec22c4943b", "numVertices": 151, "min": [0.0, 0.0, -0.666753]}
