{"max": [0.0, 0.568318, 0.761427], "centroid": [-0.9829580644949536, 0.4720288383838322, 0.3804603782706271], "id": "895563d304772f50ad5067eac75a07f7", "numVertices": 8712, "min": [-1.96446, 0.0, 1.19209e-07]}
