{"max": [0.0, 0.91, 0.589098], "centroid": [-0.5934885136612026, 0.5080760874316931, 0.1766540765027319], "id": "5d8c63fce0f30a46f251828d7c328331", "numVertices": 183, "min": [-1.22353, 0.0, 0.15]}
