{"max": [1.8288, 0.811638, 0.53975], "centroid": [0.9148187314391851, 0.42798758516635327, 0.3871889598649185], "id": "8d3e69ee2d0168a6d4d8765e3910f617", "numVertices": 4042, "min": [0.0, 0.0, -0.0100324]}
