{"max": [-0.817107, 2.09437, 0.52], "centroid": [-1.3029874672970794, 1.4890833531323944, 0.3000386350472825], "id": "12bb12017516f20d28b780bf7c8edf1d", "numVertices": 10152, "min": [-1.77711, 0.094367, 0.19191]}
