{"max": [0.0, 1.32715, 0.295275], "centroid": [-0.43842278515901073, 0.6950885731448768, 0.046164761406360146], "id": "c184edddd3530a8161e1dc6d433ab6c3", "numVertices": 1132, "min": [-1.00489, 0.0, -0.03175]}
