{"max": [-3.72529e-09, 1.00016, 0.0662364], "centroid": [-1.2406948483205222, 0.4173364468505237, -0.4028410419166603], "id": "52867aee1e2e137912a905e721b748f5", "numVertices": 10878, "min": [-2.484, -0.00166454, -0.761017]}
