{"max": [-2.24083, 2.46283, 0.007], "centroid": [-4.078429096573202, 1.1551760120872259, -0.23227725856697842], "id": "cc492f2749d63136504721639e19f609", "numVertices": 321, "min": [-5.82565, 0.00852934, -0.485]}
