{"max": [0.0, 0.8763, 0.0], "centroid": [-0.4699042962695201, 0.5412980297860139, -0.6131820076387843], "id": "de23f702d6e8232f12de5317fe5b354f", "numVertices": 3458, "min": [-0.9144, 0.0, -0.653498]}
