{"max": [0.0, 1.8161, 0.492125], "centroid": [-0.6129349667953672, 0.9522998330115856, 0.07473117867987551], "id": "8f39d603e733eb58fcbe4e14ff0c4707", "numVertices": 1036, "min": [-1.2192, 0.0, -0.01905]}
