{"max": [2.4877, 0.737467, 0.832894], "centroid": [1.243885714285712, 0.42146260000000024, 0.44677499999999953], "id": "38d4d7313a3698704bbe1e20736de8a2", "numVertices": 560, "min": [0.0, 0.0, 0.060656]}
