{"max": [0.847898, 0.256851, 0.207385], "centroid": [-0.03514137267759558, 0.16606785402029875, -0.010383296856752527], "id": "4bd994f25cd3e1fd2b12aa6a0f050b3", "numVertices": 5124, "min": [-0.933004, -0.188612, -0.208836]}
