{"max": [-17.9812, 0.0762, 4.2454], "centroid": [-18.739318115942016, -0.021505782608695678, 3.991398478260872], "id": "1acf34aa0cb8f06a19fb4103277a6b93", "numVertices": 414, "min": [-19.5052, -0.381, 3.7374]}
