{"max": [0.0, 0.856326, 0.0], "centroid": [-0.7451685565894721, 0.5053548677894735, -0.36554819663157917], "id": "72d098aad341ae4c436455e65b78c0e3", "numVertices": 475, "min": [-1.5, 0.0139487, -0.725874]}
