{"max": [-0.70976, 1.08585, -0.729102], "centroid": [-4.108642049894791, 0.6201130475876313, -1.6627648403967075], "id": "ea4e8de5b98a0463c955e5ed03ef3a2f", "numVertices": 6654, "min": [-7.56776, -2.794e-07, -2.59643]}
