{"max": [-0.484291, 1.11478, 1.35275], "centroid": [-1.3238019265306025, 0.5064711114693873, 0.9760017010204103], "id": "7f4f6fc801f4f957263e68b45fad1e64", "numVertices": 980, "min": [-2.19879, 0.0, 0.584819]}
