{"max": [24.25, 0.610819, 58.2179], "centroid": [23.02905, 0.1456072857142857, 57.875285714285745], "id": "c89d4c95f1e7c950a805114916841d69", "numVertices": 28, "min": [21.8081, -0.2286, 57.5034]}
