{"max": [0.00635, 0.893869, 0.0], "centroid": [-1.168915335450905, 0.5764592696361124, -0.42661179250862274], "id": "6e683e60075bff408f98ac7ca14e08ed", "numVertices": 6669, "min": [-2.34475, 0.0, -0.883733]}
