{"max": [0.0, 0.712784, 0.677125], "centroid": [-1.828893591533197, 0.29474005286041155, 0.43219656361556114], "id": "6d420bec5284eb43ad5067eac75a07f7", "numVertices": 874, "min": [-3.6576, 0.0, 0.0]}
