{"max": [0.0, 0.8763, 0.0], "centroid": [-0.13669463968571477, 0.5778448342857154, -0.604071384296358], "id": "3b307c9b473270a1c59350d819542ec7", "numVertices": 1400, "min": [-0.2286, 0.0, -0.65405]}
