{"max": [2.22083, 0.480558, 0.125614], "centroid": [1.110432031318323, 0.41281862379421286, -0.20835574790996722], "id": "9790980a8ff823287ed9296ee19fa384", "numVertices": 1244, "min": [0.0, 0.0, -0.542304]}
