{"max": [0.0, 0.8763, 8.9407e-08], "centroid": [-0.3516340281501428, 0.5531227255747134, -0.4602129055826203], "id": "83bb0c92d3ede1e8c59350d819542ec7", "numVertices": 2784, "min": [-0.6858, 0.0, -0.509587]}
