{"max": [0.00563626, 0.783065, 0.0301668], "centroid": [-0.9386932579996162, 0.4464189079367181, -0.28891728737501554], "id": "651141a1e0138b82ba6cf6cbb9f4c2bb", "numVertices": 12262, "min": [-1.88524, 0.0, -0.621094]}
