{"max": [0.0254, 0.866456, 0.0135231], "centroid": [-1.197138478128615, 0.3488026527608776, -0.35126374557373946], "id": "b8eb131fb74aa39af7436fe692c24f3e", "numVertices": 5194, "min": [-2.413, 0.0, -0.669257]}
