{"max": [0.0250677, 0.755047, 0.0], "centroid": [-1.4973244837153303, 0.3487774567417246, -0.30452596417785244], "id": "2b6ac3eb1232e99b3cf1509e0eed7683", "numVertices": 1192, "min": [-3.02225, -0.0020053, -0.680431]}
