{"max": [-1.82933, 2.48237, 1.29173], "centroid": [-3.601463590733583, 1.0020522351351369, 0.9147441891891908], "id": "bc1bca3cce664ab11fc2b865c2a185b", "numVertices": 518, "min": [-5.47227, -0.423387, 0.739731]}
