{"max": [-1.37997, 21.4549, 4.13144], "centroid": [-14.209730054436552, 7.017518780620517, 2.5414676021774665], "id": "6c4fa2f9e7e938a15cc8912051dd9ae3", "numVertices": 1837, "min": [-29.8858, 0.0, 0.0323403]}
