{"max": [0.0, 0.888558, 0.0118194], "centroid": [-0.8483042927896245, 0.4315865238879909, -0.27076841116477696], "id": "879fec928fbb6ff36b95ce378e386482", "numVertices": 896, "min": [-1.7018, -0.00437576, -0.616542]}
