{"max": [1.7907, 0.575734, 0.565082], "centroid": [0.8826087407341145, 0.37971485729633, 0.283998301144865], "id": "6ba411c181323fecea2b566ddae9e6f6", "numVertices": 1117, "min": [-0.0254, 0.003175, -0.000573481]}
