{"max": [0.0, 0.8763, 8.9407e-08], "centroid": [-0.19543580149770767, 0.5629772618441178, -0.4605792221813624], "id": "1a4ff09890565843c59350d819542ec7", "numVertices": 1963, "min": [-0.4572, 0.0, -0.50165]}
