{"max": [1.11759e-08, 1.941, 0.39193], "centroid": [-0.45065469968676086, 0.9637246965882362, 0.1316345998390086], "id": "444ff46c1275b83fefead98a255f706f", "numVertices": 646, "min": [-0.9, -1e-09, -7.0126e-05]}
