{"max": [9.05773, 2.58, 0.641069], "centroid": [7.787086925172309, 1.3990225704445844, 0.3273017753537789], "id": "8fcaa6e3a07bcf5038169f16cecf9bd", "numVertices": 31940, "min": [6.0922, 0.0, 0.014321]}
