{"max": [0.00952506, 0.812205, -0.129485], "centroid": [-0.9429507185990215, 0.4230066029620038, -0.5140636273747835], "id": "6a6aba2dd0491b99cb2a965e75be701c", "numVertices": 4632, "min": [-1.89547, 0.0, -0.822641]}
