{"max": [-5.96046e-08, 0.559014, 0.509054], "centroid": [-0.9364695523286584, 0.36120197746805927, 0.24865152771567914], "id": "2c183b1b94d94d34ad5067eac75a07f7", "numVertices": 1722, "min": [-1.87332, 0.0, 0.0]}
