{"max": [1.93358, 0.673149, 0.65405], "centroid": [0.9652165656925296, 0.33088644771839354, 0.36837169942421655], "id": "7cbde340db4f4ee2cb2a965e75be701c", "numVertices": 12852, "min": [-0.00317502, 0.0, 0.082549]}
