{"max": [-0.0548227, 2.28354, 0.47], "centroid": [-0.9773288014598522, 0.8740918237226281, 0.07861096350365003], "id": "e0d37d661f26e9eb4b8710a3469971b1", "numVertices": 548, "min": [-1.98822, 0.0141958, -0.03]}
