{"max": [0.0, 0.850884, 0.684571], "centroid": [-0.6159499999999979, 0.4637088137015965, 0.2542934373897838], "id": "c293f2fbc66af3dbf4fb4dee5181bee", "numVertices": 3874, "min": [-1.2319, 0.0, -0.0266056]}
