{"max": [0.112735, 0.339561, 0.231882], "centroid": [-1.1261473180210848, -0.1941820144048797, -0.06342958138503411], "id": "2212ad7db1587578d2b12aa6a0f050b3", "numVertices": 21315, "min": [-2.36377, -0.543202, -0.391039]}
