{"max": [0.0, 0.929419, 0.622294], "centroid": [-0.6127749848734171, 0.5808791455696205, 0.4404821265822783], "id": "40280757b447eb3cf4fb4dee5181bee", "numVertices": 316, "min": [-1.22555, 0.0, 0.0]}
