{"max": [0.0, 0.753988, 0.563711], "centroid": [-0.5687094750990294, 0.5317080099417463, 0.1497412117087389], "id": "5a3428f5690f57a7cf004563556ddb36", "numVertices": 2575, "min": [-1.13742, 0.0, 0.0]}
