{"max": [0.00513885, 0.7366, -0.205053], "centroid": [-0.44038032997402743, 0.4787735064935082, -0.6515159402597447], "id": "1d7b35cda1bbd2e6eb1f243bab39fb29", "numVertices": 385, "min": [-0.883861, 0.0, -0.706703]}
