{"max": [0.0, 0.381, 8.9407e-08], "centroid": [-0.7039606122152673, 0.1901482278063868, -0.39258393526505886], "id": "c8f5521a1f0ddac6c59350d819542ec7", "numVertices": 1942, "min": [-0.9906, 0.0, -0.435769]}
