{"max": [0.0, 0.762, 0.0], "centroid": [-0.6935335876349508, 0.16159342333333312, -0.28195710666666607], "id": "9a7263ce1cb720d7c59350d819542ec7", "numVertices": 450, "min": [-0.9906, 0.0, -0.353219]}
