{"max": [0.0, 0.839922, 0.00110904], "centroid": [-1.1844955199539233, 0.46006952136991736, -0.26232747409669926], "id": "38dff7c9994cda58f4273dc8988e4c4", "numVertices": 5212, "min": [-2.3749, 0.0, -0.599267]}
