{"max": [-2.02732, 0.33, -1.25613], "centroid": [-2.7704706849315084, 0.22339041095890402, -1.4131847945205473], "id": "26299b4f8e03f3ae9470a3e695aa4fae", "numVertices": 73, "min": [-3.52732, 0.0, -1.56613]}
