{"max": [0.177291, 0.569495, 0.0463285], "centroid": [-1.0840001421387901, 0.39158849315177924, -0.36543509420495085], "id": "7def648b4fd4d1e419eeae21e79bb898", "numVertices": 11089, "min": [-2.34858, 0.00737489, -0.737958]}
