{"max": [0.0508, 0.642621, 0.262901], "centroid": [-1.1684000000000074, 0.374732546028884, 1.3627286222835856e-17], "id": "50612adf11f22931d2b12aa6a0f050b3", "numVertices": 4432, "min": [-2.3876, 0.0, -0.262901]}
