{"max": [-0.0777875, 0.85137, -0.0843332], "centroid": [-0.9794894489329392, 0.4459319016768281, -0.3641117858231705], "id": "c069553c08631597cb2a965e75be701c", "numVertices": 1312, "min": [-1.88119, 0.0, -0.754821]}
