{"max": [-0.244964, 1.8796, 0.320383], "centroid": [-1.6204895661147023, 0.9796543088116079, 0.13167881782097404], "id": "576170f154143ff2de421c2ab5cfb52", "numVertices": 4167, "min": [-2.99451, 0.0, -0.114592]}
