{"max": [0.6, 0.9, 1.83], "centroid": [0.21563259629594267, 0.6229954988066806, 0.9171360379474935], "id": "5a60822959b28856920de219c00d1c3b", "numVertices": 419, "min": [0.0, 0.0, 0.0]}
