{"max": [1.8161, 0.47625, 0.0127], "centroid": [0.9000779607276103, 0.25568722033582036, -0.22906706256902895], "id": "6f607a06c0d86895ad5067eac75a07f7", "numVertices": 1072, "min": [-0.0127, 0.0, -0.4699]}
