{"max": [2.7852, 2.605, -0.0131736], "centroid": [2.2345500104384137, 1.6355018225469786, -0.34352985970772554], "id": "4ac617dbce5ab494985850bfaa8d58e8", "numVertices": 958, "min": [1.74268, 0.706, -0.533174]}
