{"max": [0.00217693, 0.760362, 0.18307], "centroid": [-0.8867618507029748, 0.33261636059580224, -0.007198065044008147], "id": "6ee844357bbc5bddd4d8765e3910f617", "numVertices": 17724, "min": [-1.77582, 0.0, -0.4378]}
