{"max": [1.29503, 0.637332, -0.278427], "centroid": [-0.005689608917197459, 0.2175233004490446, -0.5803142914012718], "id": "47c991f72eaa53c6a8737fcf23389014", "numVertices": 628, "min": [-1.11599, -0.122032, -0.892547]}
