{"max": [0.0, 2.11, 0.0], "centroid": [-0.6998950847461253, 0.7890587195665925, -0.37346687497344866], "id": "4417497ef6af4cad74555f58f0503de3", "numVertices": 9414, "min": [-1.65, 0.0, -0.426964]}
