{"max": [0.4572, 0.8763, 0.0], "centroid": [0.12024781786666694, 0.6379158, -0.4948466933333336], "id": "114b810af4a847ca99dd23ec22c4943b", "numVertices": 150, "min": [0.0, 0.0, -0.666753]}
