{"max": [0.0, 0.8255, -1.86265e-09], "centroid": [-0.5105266210427093, 0.5433385979899533, -0.5859464706507083], "id": "47f477a8b67d28028f1735145fdf5c5c", "numVertices": 1592, "min": [-0.9906, 0.0, -0.663575]}
