{"max": [0.00043876, 2.1336, 0.683919], "centroid": [-0.6397886139827722, 1.3174867127659653, 0.05563817745694066], "id": "1ded292e60cf7f11178e7d331e641179", "numVertices": 1974, "min": [-1.06001, 0.0, 0.012363]}
