{"max": [7.07809, 2.90913, 0.981944], "centroid": [4.37652808558559, 1.9006285720720735, 0.48672832432432234], "id": "53b396d2ff7af087d01673c7c57450c9", "numVertices": 444, "min": [1.95505, 0.012206, 0.049064]}
