{"max": [0.145146, 1.5632, 0.553483], "centroid": [-0.9989059772199501, 0.9364320611571685, 0.14186228240418003], "id": "ab131feec69007a42250bf58700b4d8f", "numVertices": 12416, "min": [-2.1375, -0.00323063, -0.479582]}
