{"max": [0.0, 0.8763, 8.9407e-08], "centroid": [-0.32945459393188997, 0.5208834972136238, -0.44326464590837167], "id": "973023bbf9c6a603c59350d819542ec7", "numVertices": 1615, "min": [-0.6096, 0.0, -0.511209]}
