{"max": [-1.02824, 0.56515, 0.0], "centroid": [-2.104567358490567, 0.20706528301886776, -0.36503855094339627], "id": "1042d723dfc31ce5ec56aed2da084563", "numVertices": 53, "min": [-3.18089, 0.0254, -0.5969]}
