{"max": [1.2192, 0.8763, 0.0], "centroid": [0.29085480894197957, 0.6382684470989765, -0.5241575938566554], "id": "31a7cd3b7990834cde650492e45fb14f", "numVertices": 293, "min": [0.0, 0.0, -0.660403]}
