{"max": [0.0, 1.8, 0.0], "centroid": [-0.3699871465295606, 1.04174374485861, -0.5308205629820028], "id": "4e31ddf3828a40f3cd525309aaf63a44", "numVertices": 1556, "min": [-0.74, 0.0, -0.558022]}
