{"max": [0.265378, 0.799437, 0.0274535], "centroid": [-0.5588841612758332, 0.5386571464510338, -0.2574825343665767], "id": "59c914e55665b02cf24b3c783ba45ac1", "numVertices": 1113, "min": [-1.38298, 0.0, -0.632311]}
