{"max": [0.9144, 0.4572, 0.0], "centroid": [0.4529472779359431, 0.3181304248099646, -0.19539303930035581], "id": "56f65bffa385a635f4b6538438a0b930", "numVertices": 281, "min": [0.0, 0.0, -0.387361]}
