{"max": [-31.3502, 2.197, 0.616051], "centroid": [-32.61776176853059, 1.1322250845253592, 0.27089224217945057], "id": "580add3e9e4bd75939a06c149bd5b5b3", "numVertices": 769, "min": [-33.3502, 0.0, 0.0]}
