{"max": [-1.61805, 0.28448, 5.16309], "centroid": [-2.465320430769229, -0.03413547876923087, 4.747154553846154], "id": "5b6195448cbcfc04b8cac7fbb9e49985", "numVertices": 325, "min": [-3.31477, -0.466725, 4.66493]}
