{"max": [0.0, 2.3, 0.63], "centroid": [-1.6247655268595054, 1.2554541818181817, 0.0428970330578511], "id": "1dcd59ab33d275705ac7b7ceda74ec30", "numVertices": 484, "min": [-3.11, 0.0, 0.0]}
