{"max": [-2.71797e-05, 1.05364, -1.80602e-05], "centroid": [-0.25833810054158096, 0.5609384324063793, -0.2083407904651824], "id": "4e62d6e735b8bf2b90071898148dca0e", "numVertices": 26808, "min": [-0.696578, 1.09896e-07, -0.518587]}
