{"max": [0.00589597, 0.8763, 0.0], "centroid": [-0.23489654163415352, 0.5797947939814828, -0.5950977762345674], "id": "7fbd264b7031c399d37a1bae74ee50a2", "numVertices": 1296, "min": [-0.984704, 0.0, -0.660851]}
