{"max": [0.0, 2.19912, 0.609633], "centroid": [-0.4627036705677547, 0.35597380499929315, 0.26981574054504], "id": "7fadf6464f6ba381921dd903dd0b8b17", "numVertices": 1321, "min": [-0.9144, 1.19209e-07, -0.0164004]}
