{"max": [-1.23057, 0.65, 1.37471], "centroid": [-2.9607162897526655, 0.3558359999999997, 1.0177975441696079], "id": "86059f6fa56a8c5e44175b4dddf5be08", "numVertices": 566, "min": [-4.71027, 0.0, 0.974715]}
