{"max": [5.58794e-09, 1.03, 0.0], "centroid": [-0.44579807911285896, 0.42677527082215005, -0.2610609507491853], "id": "54c4eb19c59440128f7c4148465d43b6", "numVertices": 307, "min": [-0.9, 0.0, -0.31]}
