{"max": [0.0254, 0.574675, 0.38735], "centroid": [-0.36704600840336105, 0.17503357647058787, 0.19231430252100842], "id": "2375dfeeab7fd8678430b7446f9e1252", "numVertices": 238, "min": [-0.80645, 0.0, -0.04445]}
