{"max": [0.0, 0.8382, 0.5334], "centroid": [-0.9144000911949683, 0.4951403050314461, 0.032369025157232806], "id": "c28ae120a2d2829e50e9662c8e47fff", "numVertices": 636, "min": [-1.8288, 0.0, 0.0]}
