{"max": [0.237744, 0.500652, 0.462063], "centroid": [-0.8747777692307709, 0.4211345769230767, 0.14818039711538447], "id": "abf250a01f526137a035c800c58595d9", "numVertices": 208, "min": [-1.9873, 0.0, -0.164636]}
