{"max": [-0.0014605, 0.6096, 0.480434], "centroid": [-0.9436382253642536, 0.4466805584894438, 0.2379852965019313], "id": "eb038519c5ba87b663b2acb037dfbcde", "numVertices": 3363, "min": [-1.90703, 0.0, -0.0013415]}
