{"max": [0.0, 1.2101, 0.0], "centroid": [-1.610999581700359, 0.5054976483568343, -0.34015267994205167], "id": "a31ab48a2b96574b9c3a7877712317b8", "numVertices": 2623, "min": [-3.37503, 0.0, -0.8128]}
