{"max": [2.52, 0.73, 2.57], "centroid": [0.7277275082174466, 0.3597191807838182, 1.6558971605562534], "id": "76958ab9aa25d309c9eed7651b77d0f", "numVertices": 791, "min": [-0.05, 0.0, -0.05]}
