{"max": [0.0, 0.9398, 0.9144], "centroid": [-1.0922699517509686, 0.6673348132295667, 0.3716026588845667], "id": "3891210a28be585fb9ac96152ab66583", "numVertices": 771, "min": [-2.10185, 0.0, -0.0381]}
