{"max": [0.0, 0.828556, 0.47625], "centroid": [-1.4335659021406644, 0.28059882324159013, 0.22476267339449538], "id": "1c79aa69e4ec26b65dc236dd32108e81", "numVertices": 327, "min": [-2.87655, 0.0, 0.0]}
