{"max": [0.0, 0.55245, 0.0], "centroid": [-0.5077238476923076, 0.26188833076923074, -0.3176259192307693], "id": "1b6e680e76d452a097144612c70a9099", "numVertices": 130, "min": [-0.991616, 0.0, -0.4445]}
