{"max": [0.03, 0.901702, 0.025517], "centroid": [-0.9923687296849034, 0.5940007993366541, -0.25739405721393044], "id": "a2ee6b6eb6f94856c35213a917b76486", "numVertices": 1206, "min": [-2.03, 0.0, -0.6]}
