{"max": [-0.280988, 0.708229, 1.41561e-05], "centroid": [-1.8384864586206915, 0.3308107099999996, -0.22360337169862057], "id": "d0ae223012be978a49a531253b5beabf", "numVertices": 290, "min": [-3.41747, -0.207751, -0.5842]}
