{"max": [0.0, 2.08915, 0.485775], "centroid": [-0.7105008710045593, 0.7363897979487799, 0.10002160695267442], "id": "39b51f3a6e8447c3c8a1a154de62786", "numVertices": 13904, "min": [-1.40653, 0.0, -0.0332228]}
