{"max": [-1.7968, 0.835405, -0.3251], "centroid": [-2.34424890848953, 0.31922191069459627, -0.7284792403528091], "id": "c129e7434b33f3cf1b17743c18fb63dc", "numVertices": 1814, "min": [-2.8968, 0.0, -0.8551]}
