{"max": [0.868413, 0.9144, 0.294766], "centroid": [0.44174262990291274, 0.45333735364077654, 0.17721075951456308], "id": "6219b46946f62474c62bee40dcdc539", "numVertices": 206, "min": [0.00630863, -0.0015875, -0.342425]}
