{"max": [0.0, 0.762, 0.0], "centroid": [-0.7766697145323754, 0.2591256773525187, -0.2918203021582714], "id": "adb7c7229f4871c2c59350d819542ec7", "numVertices": 695, "min": [-1.3716, 0.0, -0.358775]}
