{"max": [0.0, 0.4064, 0.4318], "centroid": [-0.7749015809523818, 0.2673116825396829, 0.21589999999999993], "id": "c0840a82cd05765c924bf081da6f024c", "numVertices": 126, "min": [-1.524, 0.0, 0.0]}
