{"max": [0.0, 0.97, 0.0], "centroid": [-0.280357142857142, 0.3308756964285716, -0.4229999999999992], "id": "283fed24177526de7eee615e75bc3b77", "numVertices": 280, "min": [-0.6, 0.0, -0.61]}
