{"max": [0.0, 0.793749, 1.98347], "centroid": [-0.7620000000000001, 0.3420747902758621, 1.5362098275862066], "id": "a9aa868b77c3769ba873941124e3356f", "numVertices": 116, "min": [-1.524, -0.0825515, 1.06907]}
