{"max": [-0.495835, 656.367, 0.361883], "centroid": [-221.1856956535437, 78.05165999999905, -174.36630604724456], "id": "584de35ad1e27820365f491f6e3dbc3f", "numVertices": 635, "min": [-308.977, -16.0927, -233.818]}
