{"max": [1.9685, 0.13596, 0.2794], "centroid": [1.0032207502697525, -0.12062650442373586, -0.0012860009612554544], "id": "ff8f8d280de66226d2b12aa6a0f050b3", "numVertices": 4078, "min": [0.0381, -0.4572, -0.280988]}
