{"max": [0.161606, 0.452427, -0.00235042], "centroid": [-0.48862435701099965, 0.3957135407333991, -0.37961278001982107], "id": "797d99a5ca291a2085fcf80cfce883fd", "numVertices": 5045, "min": [-1.08704, 0.0, -0.736703]}
