{"max": [2.4384, 0.358199, 0.0], "centroid": [1.0438824002605436, 0.31533132150313187, -0.21226767318246317], "id": "fd2d7b385db7d186f9e8cd846ef13776", "numVertices": 479, "min": [0.0, 0.0, -0.4445]}
