{"max": [0.0, 0.933401, 0.622986], "centroid": [-1.1731640018907559, 0.6327012857142866, 0.4825565378151261], "id": "81d5dd006f418712f4fb4dee5181bee", "numVertices": 476, "min": [-2.34633, 0.0, 0.0]}
