{"max": [-0.0277, 0.922904, 0.0], "centroid": [-0.7768700000000005, 0.3978386774193547, -0.1952203306451613], "id": "c1973b3aeb0e54df653ac91111db738b", "numVertices": 62, "min": [-1.52604, 0.0, -0.626122]}
