{"max": [0.675909, 2.19197, 0.599506], "centroid": [0.4504748033143947, 0.9880329180871159, 0.06283942041666646], "id": "9a688545112c2650ca703e831bf56f93", "numVertices": 2112, "min": [0.0, 0.0, 0.0]}
