{"max": [0.0, 7.84971, 3.015], "centroid": [-5.968265545762711, 3.720444664406778, 1.4674126049491534], "id": "346419b6e2131dda5785f58f071c8c43", "numVertices": 295, "min": [-12.0, 0.0, -0.015]}
