{"max": [0.0, 0.8255, 0.4318], "centroid": [-0.7528342124161048, 0.4859520251677842, 0.09125517432885881], "id": "9166dfd18ac60504f0fb3e3d2a0d34c9", "numVertices": 596, "min": [-1.524, 0.0, 0.0]}
