{"max": [0.0184009, 0.868401, 0.019664], "centroid": [-0.6446017369996089, 0.5819776869324933, -0.20673638549467052], "id": "ecbc04934735cbc852dff9108cf86a17", "numVertices": 2533, "min": [-1.38298, 0.0, -0.600838]}
