{"max": [0.0, 0.8763, 5.96046e-08], "centroid": [-0.5149208451084529, 0.5575419243027868, -0.6030185747165797], "id": "6e2beb63c61144f54da5feafe6f1c8fc", "numVertices": 2259, "min": [-0.9906, 0.0, -0.663575]}
