{"max": [1.2065, 0.45438, 0.150363], "centroid": [0.603250332026155, 0.3491472895424826, -0.11228786431372526], "id": "23378697712a8dc2d2b12aa6a0f050b3", "numVertices": 3060, "min": [0.0, 0.0, -0.375439]}
