{"max": [-0.246801, 2.025, 0.176984], "centroid": [-1.3502935997000025, 1.1780513611999954, 0.06663065653200217], "id": "87708c9ebd845c21854c6e2381cc9350", "numVertices": 10000, "min": [-2.6468, 0.0, -0.00301562]}
