{"max": [0.0, 0.8763, 8.9407e-08], "centroid": [-0.23107091062761512, 0.5708080585774062, -0.37433788762350295], "id": "233612a657bbda534da5feafe6f1c8fc", "numVertices": 239, "min": [-0.4572, 0.0, -0.511175]}
