{"max": [0.0, 0.8763, 0.0], "centroid": [-0.15224302985347982, 0.6540702399267394, -0.5008383575364478], "id": "315f29b2492f66a9c59350d819542ec7", "numVertices": 546, "min": [-0.3048, 0.0, -0.658019]}
