{"max": [0.0, 0.7239, 0.611632], "centroid": [-0.622447692416457, 0.4091947724255316, 0.0597444449251606], "id": "65dcdb468234c4f64e2e1b2af0cc59a7", "numVertices": 3525, "min": [-1.2192, 0.0, -1.86265e-09]}
