{"max": [1.4, 0.448105, 0.02], "centroid": [0.32711808880308835, 0.33070340991505737, -0.25269184864864824], "id": "7a8dbe4a1ce3be987962800be79c6e52", "numVertices": 2590, "min": [0.0, 0.0, -0.52]}
