{"max": [0.0, 0.424423, 0.45], "centroid": [-0.7510776957527237, 0.3980023403351046, 0.23005233721369894], "id": "5d463e4412600a3213afadfff198a630", "numVertices": 4497, "min": [-1.5, 0.0, -0.000913925]}
