{"max": [-2.61734, 2.49955, 1.4281], "centroid": [-4.096052486842107, 1.3687592084210514, 1.1548676631578878], "id": "7f726fa36a428c0e11fc2b865c2a185b", "numVertices": 760, "min": [-5.32435, 0.0230966, 0.875104]}
