{"max": [0.0, 0.9144, 0.6096], "centroid": [-0.9059375876811593, 0.4098949286231883, 0.2096984197463771], "id": "93eaa414c043264910a7acb23a71a618", "numVertices": 552, "min": [-1.8288, 0.0, 0.0]}
