{"max": [0.0, 2.1336, 0.6096], "centroid": [-0.38100258198581377, 1.144420890070926, 0.031952688652482235], "id": "33445d9d7f166d6c5588a2543ef0b0b4", "numVertices": 564, "min": [-0.762, 0.0, -0.0471932]}
