{"max": [5.14125, 6.41985, -0.147985], "centroid": [-0.44354876793863685, 4.880505129870123, -1.3283659009740276], "id": "2df3eafe6c699c1a6baba085b51d97", "numVertices": 616, "min": [-3.7424, 1.55856, -2.04029]}
