{"max": [0.0839498, 0.774394, 0.582957], "centroid": [-0.4945048952194756, 0.3114211001641461, 0.3030654895593889], "id": "a001663b61ea6accf4fb4dee5181bee", "numVertices": 12184, "min": [-1.07155, 0.0, -0.00759315]}
