{"max": [0.424837, 2.35969, -1.03644], "centroid": [-0.08872929658048395, 0.8589705087573047, -1.5494266889074255], "id": "c9576be714b6cf2d219113a79b8c092d", "numVertices": 1199, "min": [-0.605163, 0.119692, -1.65895]}
