{"max": [-1.2238, 2.12, 1.43758], "centroid": [-1.820187399267398, 0.8353967362637379, 0.8006200329670321], "id": "54cbe81983534dc153b10fab8d9d7b30", "numVertices": 273, "min": [-2.2238, 0.0, 0.752579]}
