{"max": [1.73604, 1.42424, 0.873813], "centroid": [-0.11110007317073162, 0.7146236351761501, 0.1556783357723578], "id": "ddab02e0fc2921caf46518fccab79b6f", "numVertices": 738, "min": [-2.11877, -0.113587, -0.662806]}
