{"max": [0.9906, 0.4572, -0.00081473], "centroid": [0.4682735112333388, 0.3201823612543855, -0.1924006006684558], "id": "c2b940127ae286832d07d128adae16ff", "numVertices": 4847, "min": [-0.0762, 0.0, -0.37849]}
