{"max": [0.1524, 0.79446, 0.0], "centroid": [-1.0848891728312304, 0.31052631432414285, -0.31021833554808265], "id": "89cb6473e1b3882af7436fe692c24f3e", "numVertices": 2974, "min": [-2.286, 0.0, -0.640269]}
