{"max": [1.23138, 0.0, 1.56743], "centroid": [0.6217800499999999, -0.16192500000000004, 1.4261333333333341], "id": "18d0aff1a5eb486ae2be3aed8abfbbaf", "numVertices": 24, "min": [0.0121801, -0.3048, 1.26263]}
