{"max": [0.5186, 0.762, 1.2679], "centroid": [-0.003512523315726817, 0.38205699429838447, 0.5997500225979322], "id": "1a46011ef7d2230785b479b317175b55", "numVertices": 9471, "min": [-0.03387, 0.0, -0.0275]}
