{"max": [1.15e-06, 0.713729, 0.0], "centroid": [-0.7432620986208618, 0.46940614336039976, -0.39701268707057985], "id": "1b0463c11f3cc1b3601104cd2d998272", "numVertices": 1601, "min": [-1.485, -0.00330031, -0.699995]}
