{"max": [0.0, 0.732522, 0.0126751], "centroid": [-1.1348314606741547, 0.3659737865168534, -0.3759258397752806], "id": "205b404cdee5d81cc624b11e153a6d87", "numVertices": 356, "min": [-2.4, 0.0, -0.864]}
