{"max": [0.0, 1.8288, 0.0], "centroid": [-0.76273835835821, 0.7399969311641785, -0.3761756214925383], "id": "dd6ebb99b2346757da8c66dd9a203cf0", "numVertices": 670, "min": [-1.524, 0.0, -0.5588]}
