{"max": [0.0321469, 0.629722, 0.00107391], "centroid": [-0.8962888472890693, 0.342898570437017, -0.27564874059593086], "id": "50db85e4889831dff155d75bbf62b80", "numVertices": 8558, "min": [-1.82285, 0.0, -0.543042]}
