{"max": [2.185, 0.48, 0.03375], "centroid": [1.1128792560202032, 0.2932913374613011, -0.19209583364052502], "id": "1480fa8916f31b6d3c77a85180cab6b6", "numVertices": 323, "min": [-0.115, 0.0, -0.41625]}
