{"max": [0.0254, 0.8763, 0.6096], "centroid": [-0.100154129076397, 0.5590350742117647, 0.11092170735463253], "id": "6fcae7f06d9f86b2ce5d6e9371bb5c33", "numVertices": 272, "min": [-0.4064, 0.0, -0.0476306]}
