{"max": [0.0, 0.690052, 0.41], "centroid": [-0.13959892283851624, 0.13333209560955311, 0.14421147538154774], "id": "c01ecf4426f58beec3c7482d23c2379", "numVertices": 2638, "min": [-0.28, 0.0, -0.027]}
