{"max": [0.0, 0.789572, 0.455297], "centroid": [-0.985617592504544, 0.5794083118266514, 0.27855288289117663], "id": "c0d3d5f8941c8014ad5067eac75a07f7", "numVertices": 8261, "min": [-1.9649, 0.0, 0.0]}
