{"max": [-0.0801916, 0.676676, 0.676101], "centroid": [-0.5063893815991216, 0.06896493696385673, 0.47557651807228857], "id": "19127cb1f535bf2c62c9e7b595148d6a", "numVertices": 1826, "min": [-0.930192, -0.00248337, 0.276101]}
