{"max": [0.0, 2.01073, 0.280095], "centroid": [-0.39910782333333356, 0.841702244444444, 0.13549779033333317], "id": "9deca642cbf3e4ef49a734174fea032e", "numVertices": 90, "min": [-0.798145, 0.0, 0.0]}
