{"max": [0.0, 2.05, 0.586284], "centroid": [-1.0453012984007553, 0.8543253151834438, 0.27343773980233793], "id": "94b497f0a8606eb96dc1f81f95db52d6", "numVertices": 5315, "min": [-2.05, 0.0, 3.72529e-09]}
