{"max": [-0.858758, 1.29831, 1.75633], "centroid": [-1.8929203473684353, 0.493232610553999, 1.3461320907894758], "id": "14a73dd6b5d7ef35feea12256ad59f11", "numVertices": 3800, "min": [-2.88168, 0.0, 0.694554]}
