{"max": [0.0, 0.8763, 5.96046e-08], "centroid": [-0.5009193198756533, 0.6049721013869035, -0.600995777754544], "id": "8c1cd3c09ffef7efc59350d819542ec7", "numVertices": 2091, "min": [-0.9906, 0.0, -0.663575]}
