{"max": [0.0, 0.948068, -0.137171], "centroid": [-0.9429748945545466, 0.47283931039273547, -0.42897601839097477], "id": "9ff0e30c911ef3a3cb2a965e75be701c", "numVertices": 13648, "min": [-1.88595, 0.0, -0.836179]}
