{"max": [0.0, 1.83, 0.621899], "centroid": [-0.4020534440654836, 0.39147124693042284, 0.007791514481582557], "id": "66c38b5e6d9ad852307776da88d1350f", "numVertices": 1466, "min": [-0.8, 0.0, 0.0]}
