{"max": [0.0, 1.125, 0.0], "centroid": [-0.3968676626712347, 0.565754103881275, -0.4103252579908661], "id": "2620701a50216dbed0b36851d61b6fca", "numVertices": 1752, "min": [-0.8, 0.0, -0.444605]}
