{"max": [0.0, 0.85, 0.49], "centroid": [-0.7356826149305563, 0.47592667333333416, 0.05347046527777716], "id": "a5b61e473c6ceef9f51f77a6d7299806", "numVertices": 864, "min": [-1.44, 0.0, 0.0]}
