{"max": [0.0, 0.830375, 0.664819], "centroid": [-1.4724273918331692, 0.4211159660006994, 0.42200825513494483], "id": "25f916e08a803ad5067eac75a07f7", "numVertices": 2853, "min": [-2.96762, 0.0, 0.0]}
