{"max": [0.0147611, 0.57519, 0.0], "centroid": [-0.22007706192103632, 0.23155384431770598, -0.19507590900678204], "id": "8bd6e4ce15468e1ad6eefa796d2f261c", "numVertices": 3242, "min": [-0.450868, 0.0, -0.217586]}
