{"max": [0.185, 1.15407, 0.581279], "centroid": [-3.0240611942748443, 0.6339017072460592, 0.34969335877240737], "id": "f3ce6a320a9f2791b1a00a31bfed97b", "numVertices": 1841, "min": [-6.22137, 0.0, 0.0]}
