{"max": [-0.0856494, 1.04385, -1.24373], "centroid": [-1.3649723528301918, 0.5778465408805026, -1.453647893081762], "id": "7f7956f11a1fdfd0d81202a54291c0af", "numVertices": 318, "min": [-2.6443, 0.0, -1.83889]}
