{"max": [0.0, 0.840861, 1.11759e-08], "centroid": [-0.8847915045749287, 0.43355249567723564, -0.3145950588150555], "id": "d014dd996cb7b8ba4f34c3dabeae093", "numVertices": 694, "min": [-1.7653, 0.0, -0.601107]}
