{"max": [0.0, 0.8763, 0.0], "centroid": [-0.23607433595113442, 0.5345480645724262, -0.4881980837956387], "id": "74c058f9f24fbb524692707833167ca3", "numVertices": 573, "min": [-0.4572, 0.0, -0.650474]}
