{"max": [0.0, 0.8255, 0.4318], "centroid": [-0.7528342124161059, 0.485952025167786, 0.09125517432885909], "id": "68220c134171d105f0fb3e3d2a0d34c9", "numVertices": 596, "min": [-1.524, 0.0, 0.0]}
