{"max": [-0.00172337, 1.99, 0.517217], "centroid": [-0.6310693045749018, 0.9317766936572246, -0.002357907651822061], "id": "85868e1440bec257a4bc7fdb4c84963", "numVertices": 1482, "min": [-1.26172, 0.0, -0.0502703]}
