{"max": [3.23694, 2.22, -1.22413], "centroid": [1.8183079203319668, 0.9530954356846473, -1.455070746887987], "id": "ba1230fc38050b1bbf1d236bec6d905", "numVertices": 1205, "min": [0.421942, 0.0, -1.53413]}
