{"max": [0.499402, 0.534625, 0.1505], "centroid": [-2.877697870673696e-08, 0.2026593522938273, 0.012934834132657037], "id": "be9c2b70082503eb352fc7e973ba7787", "numVertices": 5282, "min": [-0.499402, 0.0, -0.150001]}
