{"max": [-3.02804, 1.876, -1.27295], "centroid": [-3.4768193633105504, 1.362021939393984, -1.555252420331935], "id": "958fa3ccebcaa8246c4866b1c92b8a35", "numVertices": 15345, "min": [-3.91904, 0.0, -1.58239]}
