{"max": [-4.25599, 1.09537, 1.87536], "centroid": [-4.615177777777782, 0.583301818181818, 1.3400374747474715], "id": "727a4dbadbb74c33bf1b16662b6673df", "numVertices": 99, "min": [-4.96719, 0.0, 1.27846]}
