{"max": [-1.16419, 0.422275, 2.2635], "centroid": [-1.5824033240611972, 0.31405807844228323, 1.9191364603616055], "id": "18d84c10a5068315fe5c8ffd0f5eba47", "numVertices": 1438, "min": [-2.00239, 0.0, 1.78248]}
