{"max": [0.0, 0.8763, 8.9407e-08], "centroid": [-0.5005838552775275, 0.5701905821201025, -0.47729517177934655], "id": "70b15dbfed77ad2d4da5feafe6f1c8fc", "numVertices": 4396, "min": [-0.9906, 0.0, -0.523081]}
