{"max": [0.048, 0.484189, 0.040466], "centroid": [-0.536084214910529, 0.3064990034859337, -0.18713662558067526], "id": "643cac07025f195750f9fc0e2c94dd76", "numVertices": 2132, "min": [-1.12012, -0.00599999, -0.420534]}
