{"max": [0.0, 0.8, 0.610769], "centroid": [-0.5904825396825404, 0.37036450793650816, 0.3089402112539684], "id": "f5d370e9fe5b7452dbbc9440457e303e", "numVertices": 126, "min": [-1.2, 0.0, 0.0]}
