{"max": [4.24758, 1.74, 0.805311], "centroid": [2.765727185929651, 0.7486737035175882, 0.6125708140703526], "id": "9702a1fa518b960784db07849359372d", "numVertices": 199, "min": [1.22758, 0.0, 0.355311]}
