{"max": [-5.40843, 19.7396, -39.5069], "centroid": [-27.61878757812501, 13.075457578125002, -43.76850546875], "id": "1bb14f4633ad52e3ae944a46a2846086", "numVertices": 128, "min": [-49.9237, 5.52743, -51.6703]}
