{"max": [0.0, 1.06367, 0.0], "centroid": [-0.33694131557788914, 0.8477028195142324, -0.1730128601340031], "id": "2e6c2878b005b5c8bd7feb85baf9225b", "numVertices": 2388, "min": [-3.3, 0.0, -0.565]}
