{"max": [-0.421917, 4.21928, 5.3274], "centroid": [-6.041802929203527, 1.8856579221238954, 3.4416159292035404], "id": "5d9dd008caf920b8c29a08a3db9fbe1", "numVertices": 226, "min": [-11.4894, 0.0, 1.06248]}
