{"max": [0.0, 0.821132, 0.568965], "centroid": [-0.7539953291307078, 0.18227506766929122, 0.26662508938976365], "id": "65e7b3316245780bb5512a11bb8b2bf4", "numVertices": 508, "min": [-1.50799, 0.0, 0.0]}
