{"max": [0.0, 0.0, 0.0], "centroid": [-0.5541884814814805, -0.30840140977891384, -0.25887080246913585], "id": "c4802a2901dcd6e84da5feafe6f1c8fc", "numVertices": 324, "min": [-0.8382, -0.5969, -0.336853]}
