{"max": [0.0, 0.723, 0.009], "centroid": [-1.097128907953528, 0.48045418266309453, -0.5508178488361798], "id": "c99ec52d66a6e89c3c8d0fdfb1cc2535", "numVertices": 5595, "min": [-2.2, 0.0, -0.582]}
