{"max": [0.0, 0.8763, 0.0], "centroid": [-0.11451695470588188, 0.5793864812834224, -0.5791552681917793], "id": "17d25c26485edcf94da5feafe6f1c8fc", "numVertices": 1496, "min": [-0.2286, 0.0, -0.65405]}
