{"max": [0.01905, 0.775384, 0.508], "centroid": [-0.46163291517857136, 0.3870540223214283, 0.03328080357142856], "id": "a3a6f9e80956ec6f4035f93ab9531db", "numVertices": 224, "min": [-0.94615, 0.0, -0.01905]}
