{"max": [0.0, 0.762, 1.26962], "centroid": [-0.888999883306325, 0.3402077199351701, 0.41514567970826566], "id": "f3a44bf9a27f1446ae23680cee12f145", "numVertices": 1234, "min": [-1.778, 0.0, -0.434594]}
