{"max": [0.0, 2.518, 0.005], "centroid": [-1.500000000000002, 1.4733407819668172, -0.2912290501700685], "id": "6e03d2f837cfeb8ee75ac485a81d5fa9", "numVertices": 358, "min": [-3.0, -0.018, -0.6]}
