{"max": [0.0762, 2.1082, 0.0], "centroid": [-1.142648292682927, 0.7979768048780489, -0.12390243902439042], "id": "8390466432e2c364298a4bdd07dbdc0", "numVertices": 164, "min": [-2.3622, -0.0762, -0.3556]}
