{"max": [0.153424, 1.0033, 0.393957], "centroid": [-1.1207973333008785, 0.5541545277507303, -0.058292727952677974], "id": "9a87c9d904851205bfcc4c7214610fe3", "numVertices": 5135, "min": [-2.37864, 0.0, -0.596643]}
