{"max": [1.19209e-07, 0.381, 0.0], "centroid": [-0.8707033555689044, 0.19016217688752093, -0.3177880374935795], "id": "56e1f35c70ad2859c59350d819542ec7", "numVertices": 1947, "min": [-1.2192, 0.0, -0.359569]}
