{"max": [0.0168, 2.08, 0.45], "centroid": [-0.8563786548648649, 1.241457437837838, 0.06240665457297305], "id": "1a7b9b946e797ce59f8c3d2002c77ddb", "numVertices": 370, "min": [-1.68, 0.0, -0.0531061]}
