{"max": [0.9, 1.972, 0.0], "centroid": [0.4566394479190763, 0.5865996037572259, -0.35638161271676433], "id": "7f137684240ee0d62fb11210723490ee", "numVertices": 692, "min": [0.0, 0.0, -0.385]}
