{"max": [-1.38825, 0.852031, 2.62018], "centroid": [-2.3082953208934147, 0.49050299202713415, 2.3507664942041115], "id": "ae1adc589a37317b2056b4bd5d870b47", "numVertices": 7074, "min": [-3.22975, 0.0, 1.92316]}
