{"max": [0.0510786, 2.06383, 0.56], "centroid": [-0.4602538424644549, 0.8942863048341207, 0.16893779320695063], "id": "8e897603bc5217174b8710a3469971b1", "numVertices": 1266, "min": [-0.978136, 0.0, -0.01]}
