{"max": [1.7653, 0.649288, 0.477838], "centroid": [0.8805621820895526, 0.41247733134328696, 0.238283889850746], "id": "9399c7769b01d4742591fa6348c25a73", "numVertices": 670, "min": [0.0, 0.0, 0.0]}
