{"max": [-1.60877, 2.0, 1.4987], "centroid": [-2.2423243902438976, 0.967933634146342, 0.721013609756097], "id": "b31c1b94a2badecf43d2fa0a85ff9354", "numVertices": 164, "min": [-2.87877, 0.0, 0.588696]}
