{"max": [0.762, 0.0, 1.905e-08], "centroid": [0.38701961849711, -0.5659922809248552, -0.25130236371250897], "id": "953f545f33716fd01d860ee2ad2a42e1", "numVertices": 173, "min": [0.0, -1.0668, -0.3556]}
