{"max": [0.0, 0.8763, 8.9407e-08], "centroid": [-0.34148305043676214, 0.5622961579946889, -0.45480967456969806], "id": "59b0ac376af08592824662341ce2b233", "numVertices": 2633, "min": [-0.6858, 0.0, -0.498335]}
