{"max": [0.0, 0.8763, 8.9407e-08], "centroid": [-0.23218020842718562, 0.5935491557281501, -0.46922171802994705], "id": "3c2a50e5907b0fb64da5feafe6f1c8fc", "numVertices": 2575, "min": [-0.4572, 0.0, -0.511969]}
