{"max": [-0.62747, 0.879602, 0.769465], "centroid": [-1.713852165284354, 0.3938223966350712, 0.23084450296208336], "id": "a0beaab9a8c2f0954e7d60def15dcb8b", "numVertices": 1688, "min": [-2.61978, -0.131763, 0.139228]}
