{"max": [1.18163, 0.460265, 0.438008], "centroid": [0.5902549918846556, 0.3631028992820513, 0.18376999195163657], "id": "272a4cf3cfff3eb1e173cee47fbaa88", "numVertices": 1131, "min": [-2.30502e-08, 0.0, -3.82848e-05]}
