{"max": [5.18369, 10.0934, -14.5754], "centroid": [0.8093549588235303, 3.5120925935828877, -21.79686631016041], "id": "a8a4fbca233fbadb7ef0119f8dd1f40b", "numVertices": 374, "min": [-2.82464, 0.0, -23.0256]}
