{"max": [0.0, 0.902, 0.4], "centroid": [-0.5999999999999996, 0.4918181800000004, 0.09012121139520847], "id": "b4130f8f597c8f38986f688b80d667f0", "numVertices": 264, "min": [-1.2, 0.0, -3.95812e-09]}
