{"max": [0.265378, 0.868401, 0.019664], "centroid": [-0.5928512955555594, 0.5857285455555596, -0.21180903347785215], "id": "ca21ae1c48c020db1a7fdfcca5768f88", "numVertices": 2700, "min": [-1.38298, 0.0, -0.600838]}
