{"max": [0.0555499, 1.89997, 0.55], "centroid": [-0.5860970430537633, 0.6889225909462365, 0.1357569892473131], "id": "18798a19664ed14c14038d588fd1342f", "numVertices": 930, "min": [-1.24445, 0.0, -0.0175]}
