{"max": [0.0, 0.8763, 5.96046e-08], "centroid": [-0.22783936605504776, 0.6153092236238574, -0.6002029370898729], "id": "2cd6ee7e592939a9824662341ce2b233", "numVertices": 1744, "min": [-1.0668, 0.0, -0.6604]}
