{"max": [0.0227227, 1.05482, 0.144994], "centroid": [-0.8713951994964559, 0.7037783007092181, -0.03954320384751804], "id": "66670424b72dc0beefe2ffb03223403f", "numVertices": 1128, "min": [-1.6826, 0.0, -0.700972]}
