{"max": [0.0, 2.42851, 0.753009], "centroid": [-0.5771795481595119, 1.2864437837423321, 0.051850568688650976], "id": "d9e69e6cd318d34380d6227ff9b21190", "numVertices": 1304, "min": [-0.921258, 0.003429, 0.0]}
