{"max": [-0.378016, 1.11, -0.830505], "centroid": [-3.3673615975609756, 0.4957849024390242, -1.3546092682926838], "id": "d9de3b770e53a41d5b7bc62e486d578c", "numVertices": 82, "min": [-6.37802, 0.0, -1.6105]}
