{"max": [0.0, 0.8763, 0.0], "centroid": [-0.6124753175965667, 0.55281110515022, -0.49124407081544996], "id": "6a49166d5852d23044221bef0fa3c36b", "numVertices": 932, "min": [-1.2192, 0.0, -0.62865]}
