{"max": [0.0174334, 0.880339, 0.00392669], "centroid": [-0.597639115682133, 0.5576012385185168, -0.3517174483709089], "id": "c3feda2ac776a972b8962f874d138696", "numVertices": 7425, "min": [-1.26175, 0.0, -0.793623]}
