{"max": [0.0, 1.9304, 0.6096], "centroid": [-0.4727108563106797, 0.65809213592233, 0.08723543689320401], "id": "a631a1a99b21cd92b87eaf81a9afbbe", "numVertices": 103, "min": [-0.9652, 0.0, -0.0254]}
