{"max": [-1.10091, 0.864606, 2.61505], "centroid": [-2.3163145667996945, 0.4692729411749139, 2.3288022485716615], "id": "92d4dbddae3f26772056b4bd5d870b47", "numVertices": 12777, "min": [-3.53931, -0.0015875, 1.95214]}
