{"max": [1.23362, 0.748728, -1.53725], "centroid": [0.23361604597701296, 0.29966929898023226, -1.8921404474548433], "id": "870562aca7165d703c78f7fe78269073", "numVertices": 2436, "min": [-0.766384, -0.00104702, -2.24897]}
