{"max": [0.0, 0.8, 0.5], "centroid": [-1.1109619320148143, 0.42011630149333357, 0.11953865247407407], "id": "a3407d2fdef7386c278d386bfa54545", "numVertices": 135, "min": [-1.95, 0.0, 0.0]}
