{"max": [0.820351, 0.452944, 0.327144], "centroid": [0.0029275680933854445, 0.1356727940295718, 0.000939357976653729], "id": "b95994218ee416f492d9da2668ec34c", "numVertices": 257, "min": [-0.820327, -7.5692e-06, -0.32727]}
