{"max": [-1.28897, 1.86055, 1.55448], "centroid": [-1.7710932422062309, 0.8855235981824495, 1.3901277529975802], "id": "54f801646e066ce92afc25cef0918375", "numVertices": 4170, "min": [-2.2323, 0.0, 1.17874]}
