{"max": [0.0, 1.03105, 0.40837], "centroid": [-0.772302422125575, 0.7029559978395848, -0.008682510696732338], "id": "1f822298caef0302143802691fd0e33f", "numVertices": 7406, "min": [-1.545, 0.226046, -0.0339298]}
