{"max": [0.0100696, 0.8289, 1.96401], "centroid": [-0.5258310014191422, 0.4735995181518146, 1.4379918547854784], "id": "56a818c4e5891f1d39316df04169d12f", "numVertices": 606, "min": [-1.53774, 0.0, 0.983367]}
