{"max": [0.02, 1.1, 0.452481], "centroid": [-0.22039132935285016, 0.3362984576271175, 0.0975627191679509], "id": "df509063ec7b78ce8f7d9678498f2295", "numVertices": 2596, "min": [-0.46, 0.04, -0.0425126]}
