{"max": [1.3081, 0.45085, 0.0381], "centroid": [0.6049184242424236, 0.3377492000000005, -0.14045624242424246], "id": "ea96a04c68b969c5c35f34f09f11667", "numVertices": 165, "min": [-0.0889, 0.0, -0.3175]}
