{"max": [0.0047575, 0.877416, -5.96046e-08], "centroid": [-1.52424593591172, 0.5528826157646539, -0.3348238501784291], "id": "3ecf8f8f3b24350bbd17a7d75b77705d", "numVertices": 13359, "min": [-3.05157, 0.0, -0.68866]}
