{"max": [1.77845, 0.646212, 0.4754], "centroid": [0.8894218734452035, 0.4181364097475708, 0.2639843750496715], "id": "6b4e4125c1a680cd2cc92e3c03668ea8", "numVertices": 3193, "min": [0.0, 0.0, -0.00124531]}
