{"max": [1.85, 1.85, 0.0], "centroid": [0.9177394807692296, 0.9295467788461547, -0.19500000000000023], "id": "5bfc4cb92e9d3b1f79b0363dd1368699", "numVertices": 208, "min": [0.0, 0.0, -0.39]}
