{"max": [0.0, 0.762, 0.0], "centroid": [-0.7548321608695651, 0.2944380996739133, -0.21212565760869576], "id": "46e31ba5963a89fac59350d819542ec7", "numVertices": 184, "min": [-1.3716, 0.0, -0.365125]}
