{"max": [0.0, 0.833264, 0.69013], "centroid": [-0.9819993995871212, 0.4182571001639277, 0.31066622441780867], "id": "b8ae866a44a272bead5067eac75a07f7", "numVertices": 1752, "min": [-1.96399, 0.0, 0.0]}
