{"max": [0.0, 2.18, 0.0], "centroid": [-0.9821428571428571, 0.47236833928571414, -0.3667910714285714], "id": "35948e4d06a9b07e8ba8ff316aec8d3d", "numVertices": 112, "min": [-2.0, 0.0, -3.22]}
