{"max": [0.1778, 0.8509, 0.889], "centroid": [-0.7373314381054903, 0.4745343896663079, 0.3562421134553251], "id": "f1252c297d7ad9a47c51ec7d2716b33d", "numVertices": 1858, "min": [-1.651, 0.0, -0.1778]}
