{"max": [0.7, 0.905, 0.002], "centroid": [0.35000005046728877, 0.4064610591900284, -0.2604087352024911], "id": "cb6ca53673e681797292641f4348a707", "numVertices": 1284, "min": [0.0, 0.0, -0.367]}
