{"max": [0.0, 0.8763, 5.96046e-08], "centroid": [-0.502908545045044, 0.6773974401544389, -0.5651950788735447], "id": "720ee748eb25f010c59350d819542ec7", "numVertices": 777, "min": [-0.9906, 0.0, -0.663575]}
