{"max": [0.0, 0.87, 0.62715], "centroid": [-0.29952663280575526, 0.5079818273381291, 0.04300611510791363], "id": "9b34b5983bd64409e08dea88cca8641e", "numVertices": 278, "min": [-0.6, 0.0, 0.0]}
