{"max": [-2.50375, 2.3068, 2.17465], "centroid": [-3.9458694818652997, 1.3560651398963752, 1.6491988428324755], "id": "6352c69907b70c0480fa521a9c7198a", "numVertices": 579, "min": [-5.09455, 0.0, 1.46346]}
