{"max": [-0.049509, 1.36, -0.903432], "centroid": [-1.1911648499999998, 0.7191953500000002, -1.5127963000000002], "id": "d2dc852235fe39ca1112a51947cf2b61", "numVertices": 80, "min": [-2.31951, 0.0, -1.85343]}
