{"max": [2.0, 0.46, 0.085], "centroid": [0.9555451225485121, 0.433056859676577, -0.16009909645054332], "id": "9fc5473602fe0f595896bab37ddebe7", "numVertices": 1917, "min": [-0.09, 0.0, -0.405]}
