{"max": [-0.0153723, 0.4064, 0.495833], "centroid": [-0.7773710394736848, 0.2536657894736845, 0.2588776736842102], "id": "66aade9f5d8c74ae924bf081da6f024c", "numVertices": 152, "min": [-1.53937, 0.0, 0.0259326]}
