{"max": [1.44344, 0.0, 0.945986], "centroid": [0.7704255337243413, -0.2856778240469211, 0.46836748387096727], "id": "6d54014c7e0847376bad80b4002b9511", "numVertices": 341, "min": [-0.091556, -0.745, 0.430986]}
