{"max": [0.0, 0.8763, 0.0], "centroid": [-0.11525530973451321, 0.5758015280235992, -0.4191328177430708], "id": "19c79a42f68d7d444da5feafe6f1c8fc", "numVertices": 339, "min": [-0.2286, 0.0, -0.663575]}
