{"max": [0.0, 2.24, 0.0], "centroid": [-0.8178329209463341, 0.9950457761107833, -0.4683104443162231], "id": "ac7935b217aeb58e19ca41cdb396f36", "numVertices": 1733, "min": [-1.64, 0.0, -0.49]}
