{"max": [-0.05715, 0.844014, -0.280716], "centroid": [-0.9804494849862742, 0.3965445039447244, -0.6316276386954094], "id": "c311a54150b7c64acb2a965e75be701c", "numVertices": 9045, "min": [-1.905, -0.000425339, -0.993928]}
