{"max": [1.4605, 0.762, 0.0], "centroid": [0.7302499999999997, 0.38986046511627936, -0.22675406976744197], "id": "248e0773a2a8d90879ba0a8466ed4e3b", "numVertices": 172, "min": [0.0, 0.0, -0.6096]}
