{"max": [0.0, 0.789572, 0.455297], "centroid": [-0.9855749287297985, 0.579095762241109, 0.2773677357792417], "id": "ce2112fa16725a7aad5067eac75a07f7", "numVertices": 8353, "min": [-1.9649, 0.0, 0.0]}
