{"max": [0.0, 0.840861, 1.11759e-08], "centroid": [-0.8826639646585046, 0.44100256443299246, -0.3223275149711959], "id": "9bd3bcb173dc1fdd73141c5c444ce860", "numVertices": 776, "min": [-1.7653, 0.0, -0.601107]}
