{"max": [0.00635, 0.484853, -0.152131], "centroid": [-1.1697634136915218, 0.44793668735925707, -0.4376900775937228], "id": "bacb5f46add42da9a53649a80e5aff8c", "numVertices": 3441, "min": [-2.34475, 0.0, -0.723518]}
