{"max": [0.0, 0.819904, 0.515308], "centroid": [-0.8564543170615906, 0.5304501583130111, 0.3085619020804617], "id": "5f21d3b66aa9b62d63b2acb037dfbcde", "numVertices": 30302, "min": [-1.71195, 0.0, 0.0]}
