{"max": [0.0, 0.8763, 8.9407e-08], "centroid": [-0.2646045871144304, 0.6062359320066345, -0.4453756047612077], "id": "83db7fe5bdd2df12824662341ce2b233", "numVertices": 1206, "min": [-0.5334, 0.0, -0.511175]}
