{"max": [1.8161, 0.575734, 0.565082], "centroid": [0.9080003453209555, 0.3679889346283878, 0.28375621397448714], "id": "e2cf4a7357cae6ed2dd04fa3e4c2a53f", "numVertices": 1293, "min": [0.0, 1.86265e-09, -0.000573481]}
