{"max": [0.0, 2.31, 0.510309], "centroid": [-0.6456983413144215, 1.1740448425531922, 0.08190574081087514], "id": "a0eb46b125a99e26473aef508bd8614e", "numVertices": 423, "min": [-1.35031, 0.0, 0.0]}
