{"max": [0.0254, 1.97486, 0.5588], "centroid": [-0.4628881361111107, 1.1292137833333338, 0.026014538888888886], "id": "8f55954a0b07a4b2bf64ff63662d244b", "numVertices": 360, "min": [-0.9525, 0.0, -0.0254]}
