{"max": [-1.3633, 0.884847, 2.70763], "centroid": [-2.2884781498371063, 0.48981291542814265, 2.4525736742671023], "id": "a857f9d4838b885f2056b4bd5d870b47", "numVertices": 1535, "min": [-3.25665, -2.54e-08, 1.9831]}
