{"max": [0.0, 0.915687, 0.565791], "centroid": [-1.1922134275303642, 0.540273246963564, 0.43340033198380506], "id": "e7536c6b13e44b9df4fb4dee5181bee", "numVertices": 494, "min": [-2.38443, 0.0, 0.0]}
