{"max": [0.0254, 1.65124, 0.4826], "centroid": [-0.4959207163375454, 0.6006310320682404, 0.19521431517937318], "id": "9f17f45a28d063e7391e4d6c585a697a", "numVertices": 30362, "min": [-1.016, 0.000181305, -0.190915]}
