{"max": [-0.317907, 0.83, 0.927867], "centroid": [-0.9929074044609669, 0.6034721576208252, 0.5921228736059483], "id": "d707228baece2270c473585373fc1fd0", "numVertices": 2690, "min": [-1.66791, 0.0, 0.405367]}
