{"max": [2.31574, 1.25668, 0.301569], "centroid": [1.4013410000000004, 1.0915797500000002, 0.14916918374999993], "id": "e27ffabfdcd52e7dfa11d00fb25084c8", "numVertices": 32, "min": [0.486942, 0.824879, -0.00323051]}
