{"max": [2.05, 0.566223, 0.633], "centroid": [1.0136831902985057, 0.3745237518656719, 0.311506713619403], "id": "d34b04cb67bf2115c308e7dd57b5111a", "numVertices": 1072, "min": [0.0, 0.0, 0.0]}
