{"max": [0.0, 2.38, 0.710163], "centroid": [-1.3657480000000006, 1.1574794836363667, 0.42170744909091273], "id": "a874dcff3bcf8a802aca02f099166182", "numVertices": 550, "min": [-2.96, 0.0, 0.0]}
