{"max": [0.0, 0.42545, 0.0103666], "centroid": [-0.9651971734036142, 0.22158494994578287, -0.25968367820180677], "id": "9c1310c5ab89888bd201085e80edb26a", "numVertices": 1992, "min": [-1.8796, -0.000165227, -0.531063]}
