{"max": [0.0, 0.8255, 0.0], "centroid": [-0.4951670927128632, 0.6364433068268933, -0.6151382537211424], "id": "4db0db06f86fe48f4da5feafe6f1c8fc", "numVertices": 3911, "min": [-0.9906, 0.0, -0.675481]}
