{"max": [0.0467738, 0.862139, 0.152955], "centroid": [-0.8849574271723373, 0.3727662488267454, -0.2527791376172672], "id": "e2f79a5d9126b25aed98cca8f0ccd5f7", "numVertices": 84659, "min": [-1.81677, -0.00720441, -0.69739]}
