{"max": [0.9398, 0.403225, 0.022225], "centroid": [0.45872402149999675, 0.0669829216666668, -0.22860001249999898], "id": "72d950ea1c029bf2369c46027bce7af", "numVertices": 1200, "min": [-0.0254, -0.0508, -0.479425]}
