{"max": [-0.338367, 0.739205, -1.39193], "centroid": [-0.8383680260960369, 0.4564337265135691, -1.6479527974947816], "id": "cad58af144b615b674a3201fd136f855", "numVertices": 958, "min": [-1.33837, 0.0, -1.93166]}
