{"max": [0.0, 0.8763, 0.0], "centroid": [-0.15231110427446548, 0.614760121484817, -0.5894994073199725], "id": "2441395102a132354da5feafe6f1c8fc", "numVertices": 1778, "min": [-0.3048, 0.0, -0.6574]}
