{"max": [0.0, 0.833264, 0.69013], "centroid": [-1.286283994335976, 0.4182549797301378, 0.3106653876027401], "id": "cf4075a6207a77fad5067eac75a07f7", "numVertices": 1752, "min": [-2.57318, 0.0, 0.0]}
