{"max": [-0.823415, 0.94, 0.762733], "centroid": [-1.7387359715447188, 0.24951977235772396, 0.46681221951219637], "id": "34850728ad9af669490ad276cd2af3a4", "numVertices": 246, "min": [-2.65341, 0.0, 0.347733]}
