{"max": [0.9, 2.0, 0.5], "centroid": [0.40781688582240916, 1.0509454976924535, -8.963041078897488e-05], "id": "3c855f2a52d5e3f63c8d0fdfb1cc2535", "numVertices": 5417, "min": [0.0, 0.0, -0.0262102]}
