{"max": [1.3716, 0.457835, 0.476425], "centroid": [0.6765905757575762, 0.32404946969696935, 0.25805194035947404], "id": "381317c1e4c91e87855931d119219022", "numVertices": 132, "min": [-0.1524, 0.0, 9.31323e-10]}
