{"max": [0.0, 0.804362, 0.0602274], "centroid": [-0.942940630662545, 0.4912880328754217, -0.2317607932084776], "id": "9e5a16d68611c57cb2a965e75be701c", "numVertices": 9814, "min": [-1.88595, 0.0, -0.639187]}
