{"max": [0.0, 2.54318, 0.639763], "centroid": [-1.1706095652332342, 0.7895997758746383, -0.02820202318367327], "id": "8b63c8e0d3959c961e1dc6d433ab6c3", "numVertices": 1372, "min": [-2.54318, 0.0, -0.369888]}
