{"max": [-0.0301625, 0.761792, -0.0726947], "centroid": [-0.9318733225806451, 0.36441071505376255, -0.30705664489247353], "id": "5f12f2a5d67a1e9fcb2a965e75be701c", "numVertices": 744, "min": [-1.83356, 0.0, -0.563563]}
