{"max": [-1746.06, 2462.94, -6573.91], "centroid": [-2126.5525309207524, 1663.6549339949656, -6863.18261795693], "id": "8057ca7c19a1457ee3f7a74e12a274ef", "numVertices": 4366, "min": [-2506.03, 0.000123088, -7064.15]}
