{"max": [-2.71201e-06, 0.456955, 0.457929], "centroid": [-0.9150355256451216, 0.3604757526279858, 0.22904521818600754], "id": "b380b855aca5632dad5067eac75a07f7", "numVertices": 1172, "min": [-1.83007, 0.0, 0.0]}
