{"max": [0.0, 2.04, 0.0], "centroid": [-0.9907306428571407, 1.0072348214285713, -0.14834821428571426], "id": "54a7817fcd0919697753725ea42159e8", "numVertices": 448, "min": [-2.04, 0.0, -0.3]}
