{"max": [0.0, 2.5, 0.65], "centroid": [-1.4853191910390084, 1.282380718739936, -0.021311345912853708], "id": "8af204f53bc871a2c05575120a46cd3b", "numVertices": 1292, "min": [-3.0, 0.0, -0.055]}
