{"max": [2.0, 2.36634, 0.0], "centroid": [0.7688497767882132, 0.5490692220450046, -0.34853401824454805], "id": "bde4addb689c2ba55841240ed5c62c36", "numVertices": 17682, "min": [-2.38419e-07, 0.0, -0.63]}
