{"max": [-0.516497, 0.86806, 0.935284], "centroid": [-1.4468925252707556, 0.45586481407942087, 0.7066219458483736], "id": "613e9e33ebb303b0e9e2744369bf17a3", "numVertices": 554, "min": [-2.0405, 0.0, 0.348915]}
