{"max": [0.0, 0.729999, 0.850007], "centroid": [-0.949996735454548, 0.26270418136363544, 0.4250019575397726], "id": "683ddfb4cf9c8f2883f21c04f5e0acd2", "numVertices": 352, "min": [-1.9, 0.0, 0.0]}
