{"max": [0.0, 2.0, 0.61], "centroid": [-1.002832675426463, 1.5980819621945435, 0.3067085159059477], "id": "622dadb90004f49fb84959963148f2a2", "numVertices": 2169, "min": [-2.0, 0.0, -0.02]}
