{"max": [-0.00293746, 0.67044, -2.54e-08], "centroid": [-0.635721554705881, 0.38854061161764747, -0.4251978790617646], "id": "c04c1766fcc28fe886c701087a194026", "numVertices": 136, "min": [-1.26893, 0.0026557, -0.519927]}
