{"max": [1.0, 0.75, 0.002288], "centroid": [0.3730332681017612, 0.11271494872798431, -0.3242875801956948], "id": "12ae14d584758b4ee42c56c78fb88524", "numVertices": 511, "min": [-0.25, -0.204074, -0.698682]}
