{"max": [0.602504, 2.18, 0.0], "centroid": [-0.39176435416666605, 0.5001000681545201, -0.5752371147798718], "id": "a268283b0fab6092eb835f4eccb92a70", "numVertices": 2544, "min": [-1.3875, -0.04, -0.740931]}
