{"max": [0.0, 2.137, 0.0], "centroid": [-0.2009304376811595, 1.1491665314009667, -0.28100483091787437], "id": "8d9fd58227bc92e41f3980612faf041b", "numVertices": 414, "min": [-0.54, 0.0, -0.405]}
