{"max": [0.0, 0.839922, 0.00110904], "centroid": [-0.5905517807066762, 0.43303456438025983, -0.2762253712260241], "id": "e4f68fb5bdfb68e936a9515582552983", "numVertices": 3566, "min": [-1.1811, 0.0, -0.599267]}
