{"max": [0.0, 4.04336, 0.079375], "centroid": [-2.929741716026241, 2.0514401972821292, -1.0164978362230606], "id": "4293fa9040a1790f5e30943bb32d54af", "numVertices": 2134, "min": [-3.9116, 0.0, -1.12458]}
