{"max": [0.40005, 1.2192, 1.8288], "centroid": [0.20002499999999837, 0.6109024122435893, 0.85031364102564], "id": "2a9acc146f7310b1492d9da2668ec34c", "numVertices": 624, "min": [0.0, 0.0, 0.0]}
