{"max": [0.0, 0.8763, 0.0], "centroid": [-0.4972362151815184, 0.6485940607260712, -0.5929621676666019], "id": "455a583e41579db14da5feafe6f1c8fc", "numVertices": 1515, "min": [-0.9906, 0.0, -0.658019]}
