{"max": [0.0, 0.8763, 8.9407e-08], "centroid": [-0.3077138782207916, 0.5141545584137138, -0.45378998246770835], "id": "12cb11dbb135ca9ac59350d819542ec7", "numVertices": 2799, "min": [-0.6096, 0.0, -0.493059]}
