{"max": [0.0, 0.9652, 0.00635], "centroid": [-1.3132898766077723, 0.8405916076796224, -0.5527905064782092], "id": "8b19ea942987fd72eb753607b9a115b5", "numVertices": 849, "min": [-2.61843, 0.0, -0.736772]}
