{"max": [0.0, 0.877416, -5.96046e-08], "centroid": [-0.913685028301903, 0.5383516771545068, -0.3331588291045932], "id": "6887f90a83081b56a1ebafc9c1beded8", "numVertices": 7844, "min": [-1.82677, 0.0132086, -0.688659]}
