{"max": [0.0, 0.9, 0.45], "centroid": [-1.176327526132403, 0.3470069686411147, 0.11858885017421522], "id": "a8bb33c995207084bed1bd9593e318c", "numVertices": 574, "min": [-2.36, 0.0, -0.025]}
