{"max": [0.0, 0.840861, 1.11759e-08], "centroid": [-1.2959651117396407, 0.44598244023668826, -0.3230096601392281], "id": "8256252192c60158c5449cfd4c0f0a4a", "numVertices": 845, "min": [-2.59026, 0.0, -0.601107]}
