{"max": [0.0, 2.4384, 0.6096], "centroid": [-0.3031016767339756, 1.3469637083406583, -0.027222903412085768], "id": "9a0d2ef1f31fee42b022c94235bc8601", "numVertices": 5695, "min": [-0.9144, 0.0, -0.101493]}
