{"max": [2.02, 2.02, 0.443], "centroid": [1.0024242424242438, 0.9612121212121216, 0.0983628756060607], "id": "1d442f753e2d7d3cb90e13b20a8dfddb", "numVertices": 264, "min": [0.0, 0.0, 0.0]}
