{"max": [0.0, 0.819904, 0.515308], "centroid": [-0.5511814648532494, 0.49863922073491185, 0.3001436690202805], "id": "be125cab2902e0e163b2acb037dfbcde", "numVertices": 8382, "min": [-1.10236, 0.0, 0.0]}
