{"max": [-1.74762, 1.22012, 2.24418], "centroid": [-3.7457574509803964, 0.11138392156862738, 1.3185614666666665], "id": "c3ce87b94f493cba4ecb12161a6eb47c", "numVertices": 51, "min": [-5.50682, -0.47625, 0.0407334]}
