{"max": [0.0, 0.849772, 0.75], "centroid": [-0.6963125214285715, 0.5673195714285715, 0.35412525714285703], "id": "ddbcdce0db6aa00524b325c2195eaee5", "numVertices": 280, "min": [-1.4, 0.0, 0.0]}
