{"max": [1.47632, 0.983129, -6.55651e-07], "centroid": [0.7446057353720325, 0.6076363087890498, -0.1959163872812101], "id": "b023f42464e9591867c8e42cd3ac65ef", "numVertices": 2446, "min": [0.00832212, 7.45058e-08, -0.758676]}
