{"max": [0.0134965, 1.84674, 0.430583], "centroid": [-0.8234224124889038, 0.8931174576984127, 0.22230920508123092], "id": "634fe05a380adac585430ccbd2632877", "numVertices": 653, "min": [-1.63221, -1.11759e-08, -0.371519]}
