{"max": [0.0, 0.8763, 8.9407e-08], "centroid": [-0.31739411746669643, 0.521158990172524, -0.4686429418928019], "id": "6d448fdac1dc71f9c59350d819542ec7", "numVertices": 4579, "min": [-0.6096, 0.0, -0.505035]}
