{"max": [0.00766686, 1.41564, -0.899452], "centroid": [-1.7765191263810403, 0.8415861606109278, -1.5763997186495164], "id": "6e84c668dcc028e6864f7d01926c6c64", "numVertices": 6220, "min": [-3.56711, 0.507587, -1.97337]}
