{"max": [0.0, 1.2446, 0.508], "centroid": [-0.30480000000000007, 0.611886, 0.03589866666666664], "id": "373fc669fbead0bd1f8d8332ee17945a", "numVertices": 150, "min": [-0.6096, 0.0, 0.0]}
