{"max": [3.93673, 2.3, -0.0125282], "centroid": [2.20897260045147, 1.1266358706558746, -0.3437109467268625], "id": "9140ef4099eadf73887c1a82cf8c6eea", "numVertices": 443, "min": [0.447731, -2.38419e-07, -0.526628]}
