{"max": [-0.594141, 1.83515, 1.26073], "centroid": [-1.6033858836206905, 1.046737981896552, 0.6599019482758604], "id": "22cbdf59fb7fdae277b4d8470453cb5", "numVertices": 464, "min": [-2.47874, 0.0, 0.595324]}
