{"max": [0.0, 0.5207, 0.4572], "centroid": [-1.0334895554716976, 0.4170721226415094, 0.2040139945283018], "id": "50ef39d633520df0855931d119219022", "numVertices": 106, "min": [-1.8288, 0.0, 0.0]}
