{"max": [0.0, 2.0, 0.5], "centroid": [-0.4232828365853654, 0.8149259619512195, 0.2519799902439026], "id": "b30ee0cf13247fa7f51f77a6d7299806", "numVertices": 164, "min": [-0.85, 0.0, 0.0]}
