{"max": [0.00159647, 0.885111, 4.47035e-08], "centroid": [-0.9398849413428395, 0.5353036347461182, -0.24485918454711725], "id": "8bf63e9b3df32ff1e1aaa7ea27fc24bf", "numVertices": 2383, "min": [-1.87582, -0.00011618, -0.688784]}
