{"max": [-2.26645, 0.58, 0.162908], "centroid": [-2.36569493145161, 0.2940320614919335, -0.01900970162096774], "id": "c4fc9ac6e45a8ebc90546f5d45015351", "numVertices": 2480, "min": [-2.58645, -0.005, -0.157092]}
