{"max": [0.0179, 0.792127, 0.0719144], "centroid": [-0.8155009592674353, 0.5222514844041766, -0.22124483706346837], "id": "c2c0a205bb318031ed98cca8f0ccd5f7", "numVertices": 1604, "min": [-1.65193, -0.003, -0.552538]}
