{"max": [0.0, 2.1336, 0.6096], "centroid": [-0.3152212581355936, 1.1473006779661012, 0.11433604915254239], "id": "359fbb601801fa9b5588a2543ef0b0b4", "numVertices": 236, "min": [-0.4572, 0.0, -0.0471932]}
