{"max": [0.0, 0.780755, 0.0], "centroid": [-3.434834285723204, 0.25893987078497877, -0.26981963581699303], "id": "716fa6d69c22db83bc6fbe160acb5d0e", "numVertices": 459, "min": [-6.92695, -0.000925068, -0.585495]}
