{"max": [0.0, 0.878656, 0.696667], "centroid": [-0.9142234325923919, 0.5436299235472037, 0.26306154487888195], "id": "b2ab0b13c344132ec569803a3242d4b9", "numVertices": 1288, "min": [-1.8288, -2.81178e-05, 0.0]}
