{"max": [0.0, 17.78, 22.225], "centroid": [-34.74201088172042, 2.841783440860214, 15.071505376344092], "id": "4c4043756b3aac2ba80ff03f6dc10926", "numVertices": 186, "min": [-63.5, 0.0, 0.0]}
