{"max": [0.0, 0.725919, 0.0755199], "centroid": [-1.2192001117318414, 0.41146454748603356, -0.21677628352995862], "id": "32bd91d61ad0824e2729c156998d6717", "numVertices": 358, "min": [-2.4384, 0.153026, -0.581124]}
