{"max": [1.12617, 0.4572, 0.0], "centroid": [0.5173665049188311, 0.20456406233766244, -0.21655976824675327], "id": "8e260916773769032b7072d8dd8cf43d", "numVertices": 616, "min": [-0.09144, 0.0, -0.4318]}
