{"max": [0.0508, 0.965224, 0.0], "centroid": [-0.8955899182287407, 0.42438352152118836, -0.5701241221873996], "id": "b261964d7c920a4cd8a45f471fe2ac0", "numVertices": 85516, "min": [-1.8542, -0.1016, -0.737926]}
