{"max": [5.08132, 2.392, 0.269035], "centroid": [3.237319182436145, 1.8675456026137023, -0.09096182664589608], "id": "cb12bf5a4429ed4c4639ab25a6c4afd9", "numVertices": 19130, "min": [1.88132, 0.0, -0.348567]}
