{"max": [0.0, 0.84, 0.511903], "centroid": [-0.5891695783619497, 0.5587585773395195, 0.08836210433225028], "id": "bd0388dc8384961ccf004563556ddb36", "numVertices": 2586, "min": [-1.17834, 0.0, 0.0]}
