{"max": [1.76213, 0.787794, 0.0039007], "centroid": [0.8703959888614867, 0.41623239718257515, -0.28243038475922955], "id": "4be9494c9b476dbbd201085e80edb26a", "numVertices": 10861, "min": [-0.015875, 0.0, -0.552506]}
