{"max": [0.162748, 0.452427, 0.309108], "centroid": [-1.3748135815530933, 0.3987421084395199, -0.3023419424956771], "id": "a7588e794de38fd055a60d8737d1c0e9", "numVertices": 12450, "min": [-2.91552, 0.000486689, -0.738993]}
