{"max": [-0.0023632, 1.85, 0.38], "centroid": [-0.4538243322262331, 0.46990485967508777, 0.19900680024067288], "id": "b12af552392f92b476e9713f57a5fcb6", "numVertices": 1662, "min": [-0.889219, 0.0, 0.0]}
