{"max": [0.0, 2.1, -0.02], "centroid": [-0.7965666950354584, 1.1668295224586307, -0.22438534278959815], "id": "534d0386ab0bb650ae96150e4aa362f9", "numVertices": 423, "min": [-1.6, 0.0, -0.347]}
