{"max": [0.0, 0.840861, 0.00219453], "centroid": [-1.2532418063736217, 0.4404885128205151, -0.3195714264957266], "id": "cad0a0e60708ab662ab293e158725cf0", "numVertices": 819, "min": [-2.17778, 0.0, -0.598912]}
