{"max": [0.1016, 0.918042, 0.131489], "centroid": [-0.812799999999997, 0.25781770769230794, -0.2612144131523835], "id": "db663d2bc7e398ad67a2f40ab335eb08", "numVertices": 572, "min": [-1.7272, 0.0, -0.56076]}
