{"max": [1.778, 0.45212, 0.430938], "centroid": [0.8889999999999997, 0.3681456088709676, 0.20770585770161257], "id": "db4aeb6354f5bd0dd4d8765e3910f617", "numVertices": 496, "min": [0.0, 0.0, -0.0118376]}
