{"max": [0.573326, 0.42263, 0.143013], "centroid": [-0.026428649731318296, 0.3585375125808594, -0.18989426272808377], "id": "dd86f9095341d19af155d75bbf62b80", "numVertices": 8966, "min": [-0.635767, 0.0, -0.441112]}
