{"max": [2.27089, 0.59055, 0.61595], "centroid": [1.1396276986111114, 0.39930147777777764, 0.3124288722222222], "id": "bb07fac582a687f0828583ad97f853c7", "numVertices": 72, "min": [0.0, 0.0, 0.0127]}
