{"max": [-1.84006, 2.1082, 0.630142], "centroid": [-2.2621515999999957, 0.8493018866666665, 0.33298350666666704], "id": "df74daf1f96515bf9b849da658b46825", "numVertices": 150, "min": [-2.73224, 0.0, 0.280892]}
