{"max": [-0.4, 2.17283, 0.0], "centroid": [-1.469127596790819, 1.1679951628431415, -0.6771715189075816], "id": "64010fd77c10672dac3644c4bb0fb64d", "numVertices": 15518, "min": [-2.54, 0.0, -1.4]}
