{"max": [0.0, 0.840861, 0.123269], "centroid": [-1.2046193439736803, 0.4441070368421075, -0.19628230947368422], "id": "5dea347d55e0704d1992408f320d16dc", "numVertices": 760, "min": [-2.17778, 0.0, -0.477837]}
