{"max": [0.0265023, 0.985583, 0.544045], "centroid": [-0.6283107623120376, 0.2455820254240849, 0.2628713898952881], "id": "34e80aa7b579469bb163e775a4d52465", "numVertices": 1910, "min": [-1.29353, -0.00125095, 0.0732993]}
