{"max": [0.0103772, 0.548233, 0.00384404], "centroid": [-1.2164085894251382, 0.38847546407068795, -0.27011604686890595], "id": "ed9e22eeb11ee9669fc351f487d31208", "numVertices": 10298, "min": [-2.44708, 0.0, -0.556862]}
