{"max": [0.0128757, 0.507589, 0.438181], "centroid": [-0.4606430228242597, 0.21172615117785654, 0.19736685694010472], "id": "7e2e24fed142bb20310af74324aae27f", "numVertices": 3306, "min": [-0.863424, -0.000561086, -0.012669]}
