{"max": [0.00880003, 1.77353, 0.52], "centroid": [-0.6198842429545455, 0.8048494545454535, 0.27943181818181817], "id": "f07668a627a039b87b79156a61ad4c01", "numVertices": 88, "min": [-1.2212, 0.0, -0.03]}
