{"max": [0.0, 0.0, 0.0], "centroid": [-0.5619923708847756, -0.4147400524528642, -0.3233340020576117], "id": "21d4a168aa6fd6c74da5feafe6f1c8fc", "numVertices": 1944, "min": [-0.8382, -0.5969, -0.370681]}
