{"max": [-0.00396875, 0.5715, 0.473075], "centroid": [-0.5620036184762948, 0.1912087245178447, 0.21806182718167227], "id": "3a910cc1f575b08339d3717288022c20", "numVertices": 1877, "min": [-1.11839, 0.0, 0.0]}
