{"max": [0.03, 0.970363, 0.48], "centroid": [-0.7800000166883126, 0.5633175400432943, -0.003568130570383891], "id": "b7a9d8b469cb06037824b732b006daaa", "numVertices": 7392, "min": [-1.59, 0.000363, -0.03]}
