{"max": [0.0, 2.0, 0.0], "centroid": [-0.9875000000000003, 0.47397435897435924, -0.28628202564102484], "id": "992e569c61916848e26ab56647fa5b85", "numVertices": 312, "min": [-2.0, 0.0, -0.5]}
