{"max": [0.0, 0.3048, 0.3048], "centroid": [-0.4229545789047622, 0.10203816385714293, 0.0006778898076190326], "id": "202ea0a26125f716ce5d6e9371bb5c33", "numVertices": 420, "min": [-0.838167, 0.0, -0.047625]}
