{"max": [1.14648, 0.959, 0.0434825], "centroid": [0.5715668538653389, 0.5420563940149631, -0.36412921521196945], "id": "41472c96b430a1c44f03bfce55719739", "numVertices": 401, "min": [-0.0004825, 0.0, -0.443483]}
