{"max": [1.8796, 1.09728, 0.7112], "centroid": [0.9552891422310757, 0.29486306772908344, 0.3431421508525895], "id": "2ae355c406b7204e8c5da39cd0403824", "numVertices": 251, "min": [-0.0508001, 0.0, -0.0508001]}
