{"max": [0.0, 1.05589, 0.6477], "centroid": [-0.9341801499999989, 0.43295142499999967, 0.34966222149999915], "id": "efe997f288fdce2d985ef0bf52b97bf5", "numVertices": 400, "min": [-1.905, 0.0525937, -0.0381]}
