{"max": [0.8128, 0.4445, 0.0], "centroid": [0.20319999999999983, 0.2778125000000002, -0.2032], "id": "84e0619bd80f5455880e561fa6db53d8", "numVertices": 128, "min": [-0.4064, 0.0, -0.4064]}
