{"max": [0.0, 0.429514, 0.513144], "centroid": [-0.9143568800738008, 0.23115159601476, 0.25690543118081166], "id": "f2390f9103195622ad5067eac75a07f7", "numVertices": 542, "min": [-1.8288, 0.0, 0.0]}
