{"max": [-1.06799, 0.85084, 1.64701], "centroid": [-2.291348833094164, 0.4836085395695852, 1.3426264978479212], "id": "2b25e49c58ae0e292056b4bd5d870b47", "numVertices": 4182, "min": [-3.53497, 0.0, 0.943016]}
