{"max": [-0.461831, 0.9144, 3.5297], "centroid": [-1.375650121572451, 0.5091339729434735, 3.189678772739404], "id": "557cf522ec6be06ffc5195fbc9cb6806", "numVertices": 11269, "min": [-2.29063, 0.0, 3.14394]}
