{"max": [5.87174, 1.18322, 0.446979], "centroid": [2.6720419497206707, 0.6337879776536327, -0.10758176424580998], "id": "2a80c18fc2b4732bfb7c76304cb719f8", "numVertices": 179, "min": [-0.511552, 0.0, -0.751218]}
