{"max": [0.6096, 0.8763, 0.0], "centroid": [0.38639816487455103, 0.6463756594982082, -0.5288954946236556], "id": "4cee2825142a64acde650492e45fb14f", "numVertices": 279, "min": [0.0, 0.0, -0.666753]}
