{"max": [-0.0666751, 0.638547, -0.110619], "centroid": [-1.01917489773559, 0.39065284757548285, -0.4053353366880126], "id": "54c5e4961c97527dcb2a965e75be701c", "numVertices": 4372, "min": [-1.97168, 0.0, -0.700051]}
