{"max": [0.266676, 0.878814, -0.035037], "centroid": [-0.7419933576660304, 0.5470281205046281, -0.5403169556035593], "id": "98de2d75e89789a7d301ec101065cf10", "numVertices": 11573, "min": [-1.66422, 0.0161821, -1.01066]}
