{"max": [0.8382, 0.8255, 0.0], "centroid": [0.428549523809522, 0.6213108253968259, -0.5620355158730159], "id": "b572114b0944ac203fe047712e43e185", "numVertices": 252, "min": [0.0, 0.0, -0.666753]}
