{"max": [0.0736656, 0.838449, -0.0145531], "centroid": [-0.8402537398481951, 0.42211577855787474, -0.2437247522770405], "id": "1d9270d0708fb8a1262707c3863d044", "numVertices": 1054, "min": [-1.74243, 0.0, -0.621635]}
