{"max": [0.0, 0.8763, 8.9407e-08], "centroid": [-0.31742468138987057, 0.5432290671378069, -0.4170617092367687], "id": "85ddbd698b3e7dfec59350d819542ec7", "numVertices": 849, "min": [-0.6096, 0.0, -0.511209]}
