{"max": [0.0, 0.877416, -5.96046e-08], "centroid": [-0.30362448573631523, 0.5397653461835012, -0.33266535855775414], "id": "93e43734f99c7ca6c42fa56863e48020", "numVertices": 2594, "min": [-0.606552, 0.0, -0.688659]}
