{"max": [-0.187385, 0.454602, -2.43301], "centroid": [-0.9176363947368417, 0.2941205236842106, -2.664787894736844], "id": "6e045aac2c52c7c556f6ef8b6ca8f4cc", "numVertices": 76, "min": [-1.64789, 0.0164523, -2.89656]}
