{"max": [-3.32905, 0.847968, 4.85363], "centroid": [-4.55287963768116, 0.4805102304347831, 4.454553246376791], "id": "d5fc42532aac8ea8ad046fea8c3e99d0", "numVertices": 690, "min": [-5.75264, 0.0, 4.40896]}
