{"max": [1.11423, 2.02254, 0.295415], "centroid": [0.003789466454227189, 1.0328804189009728, -0.12261493268115968], "id": "21dcc3c0485b43136473d8f2b21437da", "numVertices": 3312, "min": [-1.10552, 0.0128579, -0.308041]}
