{"max": [0.9144, 0.0, 0.0], "centroid": [0.5621823101289353, -0.5714950975783496, -0.30754262108262137], "id": "1222c37fc0c37124824662341ce2b233", "numVertices": 1404, "min": [0.0, -0.762, -0.34925]}
