{"max": [0.9144, 0.0, 0.0], "centroid": [0.7057245573321301, -0.5544083073852283, -0.29033167904191476], "id": "2d7bad601f84c83686d53ab0fe94e911", "numVertices": 501, "min": [-1.19209e-07, -0.6858, -0.354013]}
