{"max": [-1.71924, 1.00952, 0.166863], "centroid": [-2.561745084745773, 0.4825384621468917, -0.1459897871035779], "id": "96ab21db41e4da2d848b05feebb5193c", "numVertices": 531, "min": [-3.39564, 0.0, -0.480546]}
