{"max": [0.3048, 2.17512, -1.08611], "centroid": [-1.6584856650632929, 0.713168681012659, -1.9762562025316457], "id": "9699995246fd521ca909cd1ba5751669", "numVertices": 316, "min": [-3.62109, -0.00209865, -2.67202]}
