{"max": [1.10998, 0.429999, 0.0], "centroid": [0.5549870595999997, 0.14495963919999982, -0.13640285027000001], "id": "5a6e7c4fb53f27925d3bb412062af8d4", "numVertices": 200, "min": [0.0, 0.0, -0.460007]}
