{"max": [0.9144, 0.0, 0.0], "centroid": [0.5012146348202325, -0.47487248677248695, -0.2152174497354499], "id": "920b27c2d3c83a0c59350d819542ec7", "numVertices": 189, "min": [0.0, -0.762, -0.365125]}
