{"max": [0.265378, 0.868401, 0.0184009], "centroid": [-0.5463478882556742, 0.5808465340206207, -0.19986430508783543], "id": "cb1ce3240eec3fffd417c7a2ac331601", "numVertices": 2425, "min": [-1.136, 0.0, -0.600838]}
