{"max": [0.0, 973.593, 47.8927], "centroid": [-0.8246455560240954, 973.063261044174, 47.763155823293246], "id": "d6edc4c02e38c7dda5737ca21e62ad39", "numVertices": 996, "min": [-1.64921, 972.319, 47.4406]}
