{"max": [0.0, 1.17, 0.0], "centroid": [-0.8827121072261093, 0.5358614646464646, -0.4203000357420348], "id": "bd2bcee265b1ee1c7c373e0e7470a338", "numVertices": 1287, "min": [-1.87, 0.0, -0.45]}
