{"max": [-0.0284799, 2.3928, 0.0], "centroid": [-1.1409975938697303, 1.2514121754789262, -0.45326896398467403], "id": "731733f855e5ec4ae4c30caf4bfa735e", "numVertices": 261, "min": [-2.8, 0.0, -0.9735]}
