{"max": [1.7653, 0.762471, 0.16342], "centroid": [0.8823014166455755, 0.4223151037692886, -0.19923324361750513], "id": "5bb40ee2f4893358d4d8765e3910f617", "numVertices": 3953, "min": [0.0, 0.0, -0.493014]}
