{"max": [0.007, 0.826872, 0.037], "centroid": [-0.7190659841033666, 0.4556939549365707, -0.2881869573328119], "id": "873ce9c208428fd5ed98cca8f0ccd5f7", "numVertices": 2554, "min": [-1.44712, -0.003, -0.628086]}
