{"max": [0.0, 2.08, 0.47], "centroid": [-0.8801149749038468, 1.6096948846153818, 0.22605304798076872], "id": "45bb41433302f3f5490ad276cd2af3a4", "numVertices": 416, "min": [-1.75, 0.0, 0.0]}
