{"max": [2.56626, 0.969624, 1.77656], "centroid": [1.7749313322883973, 0.5033330047021934, 1.4599487398119064], "id": "73a6a42f5e45b3e7a3879b7d5fe7c612", "numVertices": 638, "min": [0.98626, 0.0, 0.989464]}
