{"max": [-0.244735, 0.539531, -1.03202], "centroid": [-0.9929725000000006, 0.10988099294117644, -1.3499452941176455], "id": "ff71a0d33a3aa440565888a91a05d618", "numVertices": 170, "min": [-1.74474, -0.17, -1.7952]}
