{"max": [0.0, 0.839922, 0.00110904], "centroid": [-0.8875481607243888, 0.4657351076362931, -0.30905223452027886], "id": "9a3310c20959245b791985eda7619303", "numVertices": 5301, "min": [-1.778, 0.0, -0.599267]}
