{"max": [1.54305, 2.1336, 0.0], "centroid": [0.7622800617647073, 1.3272424999999994, -0.47884105147058853], "id": "ebc49b9b624dfb55f9913e822d5318", "numVertices": 136, "min": [-0.01905, 0.0, -0.93345]}
