{"max": [1.84468, 0.4318, 0.562769], "centroid": [0.9428263119521864, 0.35954701792828586, 0.31069460258964265], "id": "b773f8d5af2c1087cb2a965e75be701c", "numVertices": 2008, "min": [0.041275, 0.0, 0.0595312]}
