{"max": [0.0, 0.798438, 0.00115595], "centroid": [-0.8789547521692034, 0.5089019253048779, -0.3368307135365859], "id": "a8ea7dc227b632edb88a2574e8fbb52", "numVertices": 656, "min": [-1.77165, 0.0, -0.699783]}
