{"max": [0.0381, 1.02076, 0.8509], "centroid": [-0.8762999975806521, 0.9516309005376334, 0.4064558965053774], "id": "a4c8d232f7943e61af8dca8fa046a737", "numVertices": 744, "min": [-1.7907, 0.0, -0.0381]}
