{"max": [0.949466, 0.801671, 0.0267], "centroid": [0.41971745627388596, 0.39592124012738816, -0.2293441943312102], "id": "2856634c4c0551a814038d588fd1342f", "numVertices": 628, "min": [-0.0895976, 0.0, -0.5]}
