{"max": [0.5334, 0.8763, 0.0], "centroid": [0.14644171116883153, 0.629016038961039, -0.4859107402597405], "id": "115e4c9a9150fe8e99dd23ec22c4943b", "numVertices": 154, "min": [0.0, 0.0, -0.666753]}
