{"max": [2.23517e-08, 0.830375, 0.664819], "centroid": [-0.9524243172701582, 0.44474486729425744, 0.40420383901002005], "id": "3363d17303f69d7fad5067eac75a07f7", "numVertices": 3293, "min": [-1.92156, 0.0, 0.0]}
