{"max": [-0.381364, 1.83039, 0.610066], "centroid": [-0.672222094736842, 0.8808701652631569, 0.3762181631578947], "id": "bfb9eda1e7f92339800f2aaba8549124", "numVertices": 190, "min": [-0.96443, 0.0015875, 0.162957]}
