{"max": [0.0, 2.1336, 0.6096], "centroid": [-1.5285197380952378, 1.2039831190476182, 0.29025764285714295], "id": "c35d287217403cf3236641942dd4b3c", "numVertices": 168, "min": [-2.7432, 0.0, 0.0]}
