{"max": [0.0, 1.17482, 0.787585], "centroid": [-0.9077947928994101, 0.6984152307692311, 0.46616590532544405], "id": "704e4229c7f8a0771015feecec1fadc0", "numVertices": 338, "min": [-1.83, 0.0, 0.0]}
