{"max": [2.49278, 20.0, 1.34952], "centroid": [-3.1650425167492355, 7.622973246074135, -4.52624213262775], "id": "61905b24b17eee756aea2f18ee404fd5", "numVertices": 10013, "min": [-8.82286, -0.0293795, -5.34409]}
