{"max": [0.03175, 0.665163, 0.61595], "centroid": [-0.9144000764705877, 0.18419670588235193, 0.2921000544117648], "id": "4b00859dc8ce46eff4fb4dee5181bee", "numVertices": 544, "min": [-1.86055, 0.0, -0.03175]}
