{"max": [0.0, 0.8763, -1.86265e-09], "centroid": [-0.1524874207339449, 0.6552703688073389, -0.4408031671895283], "id": "2950d1baed4dbd78c59350d819542ec7", "numVertices": 545, "min": [-0.3048, 0.0, -0.581819]}
