{"max": [1.30501, 0.0762, 1.76494], "centroid": [0.5440346837815733, -0.07509179607849878, 1.5069991331058117], "id": "a8a6aed819779d6b19fb4103277a6b93", "numVertices": 1465, "min": [-0.21899, -0.381, 1.25694]}
