{"max": [0.00200001, 0.829, 0.613553], "centroid": [-0.9020429057882554, 0.5353990103402684, 0.30935607744010407], "id": "6fe6b24009d0ac4f19b647a92023d001", "numVertices": 7915, "min": [-1.802, 0.0, -0.0490762]}
