{"max": [0.0, 1.12077, 0.434975], "centroid": [-0.3016200735294121, 0.5196000683823535, 0.03943069852941178], "id": "50492ac55ad27122e8990fccb12f2c29", "numVertices": 544, "min": [-0.60325, 0.0, 0.0]}
