{"max": [-0.150768, 2.0, 1.41483], "centroid": [-1.0402019178470274, 1.0671046175637404, 0.9481666402266319], "id": "b1bb6113dcdc8a65ffa51bfffbc09ebb", "numVertices": 706, "min": [-1.96077, 0.021, 0.91983]}
