{"max": [-0.568338, 1.0414, 0.0], "centroid": [-1.5361853726467318, 0.711553782674419, -0.13852669685393137], "id": "29aa1d7505e08fb66706998a3e61629", "numVertices": 1806, "min": [-2.51663, 0.0, -0.581916]}
