{"max": [0.0, 0.7366, 0.0], "centroid": [-0.22793334598355466, 0.4490302441492706, -0.5219773852378427], "id": "226873c8d34e38286d53ab0fe94e911", "numVertices": 1581, "min": [-0.4572, 0.0, -0.578054]}
