{"max": [0.0174625, 0.932931, 0.0979153], "centroid": [-1.3971377860640684, 0.464471996186117, -0.21206328123569795], "id": "2c75963e304f490223ed665630afd1ce", "numVertices": 1311, "min": [-1.84626, 0.0, -0.508]}
