{"max": [-0.261389, 0.6477, 0.596242], "centroid": [-1.1934319315941948, 0.5369011733333305, 0.3209700633623186], "id": "739d41c59dc387e575f9747ff6fb5e8", "numVertices": 1725, "min": [-2.12476, 0.0, 0.0533167]}
