{"max": [0.0144, 0.997814, -0.0303933], "centroid": [-0.5999587272486648, 0.712278146226415, -0.47817389811320776], "id": "3b3a1bfd87c87a184b499a9d711de5a7", "numVertices": 212, "min": [-1.2128, 0.0152136, -0.620293]}
