{"max": [0.0, 0.819904, 0.51532], "centroid": [-0.8536671915932645, 0.42861516642335884, 0.2807417087852093], "id": "1b8e304a9c23fd4563b2acb037dfbcde", "numVertices": 3973, "min": [-1.71195, 0.0, -3.72529e-09]}
