{"max": [0.0, 0.674688, 0.0], "centroid": [-1.5868621136363636, 0.22077087500000003, -1.1532480909090912], "id": "c36cc90d01f21180c3c8317b7074dc0", "numVertices": 44, "min": [-3.38032, -0.0015875, -2.08915]}
