{"max": [0.00635, 0.893869, 0.0], "centroid": [-0.8740668892225922, 0.5751198790935388, -0.4266473572070825], "id": "c2c788ec4dc9f467d85a7a4d55e9b869", "numVertices": 5027, "min": [-1.75505, 0.0, -0.883733]}
