{"max": [0.51435, 2.1336, 0.62865], "centroid": [0.24959493752455766, 1.530585098231828, 0.47843566483300404], "id": "dc4e9bf3eaadf2544c62bee40dcdc539", "numVertices": 509, "min": [-0.01905, 0.0, 0.0]}
