{"max": [-0.098425, 0.801297, -0.123965], "centroid": [-1.0732705714285735, 0.4500728976833977, -0.4376189826254823], "id": "4b079b2e510fffb8cb2a965e75be701c", "numVertices": 1036, "min": [-2.05422, 0.0, -0.76899]}
