{"max": [0.0103773, 0.548233, 0.00384404], "centroid": [-0.9137168204215458, 0.3878950586042885, -0.26948907803135846], "id": "26c48cae38ed374e786f181221f27278", "numVertices": 7781, "min": [-1.83698, 0.0, -0.556863]}
