{"max": [0.0, 1.49, 0.4043], "centroid": [-0.2914501509111112, 0.908889215777779, 0.015187062488889173], "id": "43ed2ac5e1836f5ef51f77a6d7299806", "numVertices": 900, "min": [-0.59, 0.0, 0.0]}
