{"max": [0.265378, 0.799437, 0.0197308], "centroid": [-0.6799174508154582, 0.5156160128755376, -0.2546334640171669], "id": "61cb827012c745e0ba29d2aa241f8fc2", "numVertices": 1165, "min": [-1.6948, 0.0, -0.632311]}
