{"max": [2.74811, 2.06216, 1.78228], "centroid": [1.94103331138287, 1.0485321709940654, 1.6624002978990287], "id": "c4d17b681e7f3d8a1e1f137e13140387", "numVertices": 3189, "min": [1.12251, 0.0, 1.24125]}
