{"max": [0.0, 0.60325, 0.6096], "centroid": [-0.7573973154362422, 0.4845604026845644, 0.3033510075114711], "id": "a3f987a1f22abe81c01b94c5b8c30315", "numVertices": 149, "min": [-1.524, 0.0, 0.0]}
