{"max": [0.513086, 0.886198, -0.0728307], "centroid": [-0.7901531452818236, 0.5501306960061428, -0.7276144171505372], "id": "9596592f31910b9684a9223b0abc0b3", "numVertices": 13020, "min": [-2.10229, 0.0, -1.25424]}
