{"max": [0.0, 0.8763, 0.0], "centroid": [-0.34654938505747057, 0.5670038218390806, -0.5601075080745245], "id": "36bfa6f0a5897be786d53ab0fe94e911", "numVertices": 522, "min": [-0.4572, 0.0, -0.658813]}
