{"max": [0.0127, 0.60325, 0.4953], "centroid": [-0.5280266183074266, 0.32203081519861926, 0.24811062181312954], "id": "165c00d292773865ae6eaa32356aaf3b", "numVertices": 579, "min": [-1.0541, 0.0, -0.0127]}
