{"max": [0.00317532, 0.71235, 0.380189], "centroid": [-0.2715705401385016, 0.3588198054432134, 0.006193161159667657], "id": "11798e50090b6dcd0b36851d61b6fca", "numVertices": 4332, "min": [-0.545887, -0.00283762, -0.0444849]}
