{"max": [0.0936625, 1.43351, 1.00489], "centroid": [-0.6239887086393078, -0.28750812375809953, 0.4385022612958953], "id": "851274c7a38bedb5f55057dede601621", "numVertices": 463, "min": [-1.31128, -1.09855, -0.123825]}
