{"max": [0.00635, 0.893869, 0.0], "centroid": [-0.8740259189838426, 0.5680844862868368, -0.4040018238981121], "id": "188a2c6c2add34399dcab1d3e38b3b70", "numVertices": 4397, "min": [-1.75505, 0.0, -0.883733]}
