{"max": [0.0254, 1.08585, 0.5588], "centroid": [-0.8664272554744529, 0.5535378759124089, 0.02975693430656935], "id": "d894ca00249da3fbecbb1f16dced7a99", "numVertices": 274, "min": [-1.7399, 0.0, -0.0254]}
