{"max": [0.0, 0.839922, -0.0103162], "centroid": [-0.5905525543041148, 0.4749108440547065, -0.2276051309734518], "id": "55ca4cb17b26110d3b160521ef1e85fa", "numVertices": 2486, "min": [-1.1811, -0.00738632, -0.564526]}
