{"max": [0.0762, 0.42545, 0.028702], "centroid": [-0.7812793745247163, 0.28275606174904855, -0.18115104133840376], "id": "530b1267e70cf134d4d8765e3910f617", "numVertices": 1315, "min": [-1.7018, 0.0, -0.381]}
