{"max": [0.0127, 0.762, 0.0127], "centroid": [-0.15239999722222333, 0.17200856481481622, -0.15604537129629636], "id": "7941cfe08a5288337a3bc7b2417286c9", "numVertices": 864, "min": [-0.3175, -0.0254, -0.3556]}
