{"max": [0.0, 0.853152, 0.100594], "centroid": [-0.922521995859211, 0.5436971299991704, -0.12240816314078619], "id": "579e02140aa4c03edd67a519fc8b2283", "numVertices": 14490, "min": [-1.8415, 0.0, -0.588777]}
