{"max": [0.0, 1.119, 0.4], "centroid": [-0.5922463963855423, 0.7769672992771083, 0.09842169893493975], "id": "1055dc4f3f2079f7e6c5cd45aa112726", "numVertices": 166, "min": [-1.186, 0.0, 0.0]}
