{"max": [0.0, 0.568318, 0.455297], "centroid": [-0.9823510246421272, 0.4869889152188743, 0.1988044879230986], "id": "e60121b8e4ef137bad5067eac75a07f7", "numVertices": 4317, "min": [-1.96446, 0.0, 0.0]}
