{"max": [0.0, 1.03697, 0.111037], "centroid": [-0.9550761131970193, 0.6498336737040006, -0.031877954924953406], "id": "bc6914d649379349ab3be97afdba4e8d", "numVertices": 2148, "min": [-1.90519, 0.0, -0.482592]}
