{"max": [0.0249365, 0.839623, -3.26023], "centroid": [-0.9120544359372251, 0.35005360481543984, -3.5996735441797996], "id": "dacfcd3de6bb08e4d2b12aa6a0f050b3", "numVertices": 32662, "min": [-1.84421, 0.0, -3.94098]}
