{"max": [0.0410359, 0.768773, 0.0131617], "centroid": [-0.8439620239436625, 0.39592140169014145, -0.18748149732394367], "id": "3f8d7d662c9cd90bd6abb4efd157f402", "numVertices": 142, "min": [-1.72896, -0.00594982, -0.442]}
