{"max": [0.011144, 0.762533, 0.656824], "centroid": [-0.7402883871481544, 0.4661457279012354, 0.361103125196381], "id": "190bc3dfbed8c9ad4e77259b0944c35b", "numVertices": 1620, "min": [-1.48746, -0.015, -0.0120388]}
