{"max": [0.03, 2.2446, 0.68], "centroid": [-0.7061073050847452, 0.771296322033899, 0.21032295762711858], "id": "ac980e21cd4f41eed5076afb08856f4d", "numVertices": 118, "min": [-1.5299, 0.0, -0.07]}
