{"max": [0.0, 1.5, 0.35], "centroid": [-0.45515897114624504, 1.1133483865612648, 0.07892404901185797], "id": "6478d877795d2214f51f77a6d7299806", "numVertices": 253, "min": [-0.9, 0.0, 0.0]}
