{"max": [0.000588569, 1.2192, 0.478235], "centroid": [-0.45768672727358384, 0.618370886792453, 0.01368527458726415], "id": "4d79731efe402b0d635469b95109803c", "numVertices": 848, "min": [-0.920212, 0.0, -0.00609265]}
