{"max": [0.0, 0.709263, 0.0], "centroid": [-0.9079369969969966, 0.4622009662462463, -0.4128649534534536], "id": "95db80660b4d979f601104cd2d998272", "numVertices": 666, "min": [-1.785, -0.00330031, -0.699995]}
