{"max": [0.0, 0.649288, 0.0], "centroid": [-0.880562402089554, 0.41247733134328696, -0.238283889850746], "id": "b6410fb9ca3cad2170a97514aa270017", "numVertices": 670, "min": [-1.7653, 0.0, -0.477838]}
