{"max": [0.0, 0.856587, -2.08616e-07], "centroid": [-0.6872800000000003, 0.39775710217391336, -0.26577976965886974], "id": "a64965f10047f31db3ee3d0077feb1bd", "numVertices": 184, "min": [-1.37456, 0.0, -0.622701]}
