{"max": [0.0, 0.88265, 0.6096], "centroid": [-0.11874685734529693, 0.5129386731223419, 0.2687816725555032], "id": "8a3f6cd19f3f92fe7242f2b1500945dd", "numVertices": 2117, "min": [-0.2286, 0.0, -0.0460375]}
