{"max": [-1.13994, 0.50769, 0.000735133], "centroid": [-1.6996298039215694, 0.2232967647058824, -0.26647466413725496], "id": "cedbe77bb857a16d3104206d774d39d1", "numVertices": 51, "min": [-2.23819, 0.0, -0.636465]}
