{"max": [0.2667, 0.851085, -0.358866], "centroid": [-0.635000654269229, 0.29297712252747093, -0.5924248942307698], "id": "50184fbabd0ac41acb2a965e75be701c", "numVertices": 728, "min": [-1.5367, 0.0, -0.972613]}
