{"max": [-0.00192386, 1.0, 0.41], "centroid": [-0.1867634557338197, 0.684667542433912, 0.07320677487693736], "id": "42689fe4a481168276e9713f57a5fcb6", "numVertices": 1097, "min": [-0.408076, 0.0, 0.00192386]}
