{"max": [7.25253, 0.907711, -0.0346918], "centroid": [5.778416858458004, 0.7455866306098974, -0.37740108285385465], "id": "722458bd2a0eb811214a15a5a42c49c0", "numVertices": 869, "min": [5.53171, 0.0, -0.720492]}
