{"max": [-2.88522, 0.25, 10.8108], "centroid": [-3.5069996078431402, 0.19429381372548976, 10.34563392156863], "id": "5b24beacd0385489a6ca26b5255a8e6", "numVertices": 204, "min": [-4.09874, 0.061117, 9.88081]}
