{"max": [-2.68244, 2.43028, 0.525826], "centroid": [-3.8572644164037797, 1.3152320946372247, -0.00952224507886434], "id": "178529522942bd9e11fc2b865c2a185b", "numVertices": 317, "min": [-4.90102, 0.0, -0.0461736]}
