{"max": [0.0, 1.65, 0.4], "centroid": [-0.7810810810810818, 0.8250000000000004, 0.1999999999999995], "id": "4bd1e17e8bfe8d5622309d9bc2301ff1", "numVertices": 296, "min": [-1.6, 0.0, 0.0]}
