{"max": [0.0127, 0.3048, 0.0], "centroid": [-0.24986637784776936, 0.1995737443569554, -0.15133335958005242], "id": "23ce36288382e8285710c881d369ccb3", "numVertices": 381, "min": [-0.4699, 0.0, -0.3048]}
