{"max": [0.0149415, 0.458246, 0.52371], "centroid": [-1.0374775306526982, 0.42992259374422104, 0.29720720926192157], "id": "6b47fc9f533618719c8ccc4e539799af", "numVertices": 15459, "min": [-2.09351, -0.00129725, 0.00125473]}
