{"max": [0.0, 0.860643, 0.59794], "centroid": [-0.8587603672744485, 0.5379195567823346, 0.35195391287066324], "id": "71970f9a11b0b5bcd7262b1b986920e7", "numVertices": 634, "min": [-1.6764, 0.0, -0.0925214]}
