{"max": [0.0, 0.9398, 0.326174], "centroid": [-0.6156825301251064, 0.24117427036864017, 0.040508536421684053], "id": "740392e1c6522664c20c4293bea04a44", "numVertices": 5995, "min": [-1.2319, 0.0, 0.0]}
