{"max": [0.0, 1.6256, 0.5596], "centroid": [-0.8424078136444862, 0.911775048587055, 0.13073289210574726], "id": "3e080e2b2556add4eabad247a05ad956", "numVertices": 1097, "min": [-1.67728, 0.0, -0.0627798]}
