{"max": [0.00877739, 0.791885, 0.0207034], "centroid": [-1.000854411151851, 0.41229842824044993, -0.29250011694900296], "id": "bbf019371f76366b8fb2c146d92deb96", "numVertices": 4109, "min": [-2.01024, 0.0, -0.630513]}
