{"max": [-1.72741, 1.37, -0.939028], "centroid": [-1.9140727561837456, 0.3158722261484099, -1.1717505653710238], "id": "938d8ae0cdc787107bcb070cc655f13a", "numVertices": 283, "min": [-2.08814, 0.0, -1.21903]}
