{"max": [0.0, 0.4064, 0.3556], "centroid": [-0.4571983671140943, 0.10568633357046985, -0.0017754523489932402], "id": "94883014b900c6d6647872b8585e132f", "numVertices": 298, "min": [-0.9144, -0.000184149, -0.0471932]}
