{"max": [1.8288, 0.4064, 0.0], "centroid": [0.9144000000000004, 0.2208039603960395, -0.24368910891089138], "id": "22031fe0420834a9ad5067eac75a07f7", "numVertices": 202, "min": [0.0, -0.0127, -0.4826]}
