{"max": [0.0, 0.7366, 0.0], "centroid": [-0.23433037323568562, 0.44618707589880163, -0.5078407130898975], "id": "195b0fd745df898d86d53ab0fe94e911", "numVertices": 1502, "min": [-0.4572, 0.0, -0.575925]}
