{"max": [0.0, 0.840861, 1.11759e-08], "centroid": [-1.2951309703140053, 0.45501637922705507, -0.3222973029198647], "id": "9dec54fbded3ed1767680982183b294", "numVertices": 828, "min": [-2.59026, 0.0, -0.601107]}
