{"max": [-0.60592, 1.01473, -1.13621], "centroid": [-3.383064429356352, 0.687158486656202, -1.9753380455259086], "id": "593251f67107e6b4db03e4f5c01cf109", "numVertices": 2548, "min": [-3.90592, -0.05, -2.43621]}
