{"max": [0.0, 0.436193, 0.4826], "centroid": [-0.6908704762195077, 0.23514289176829267, 0.2319427402439022], "id": "77aa33479c2ec92f610c2a68437007d6", "numVertices": 656, "min": [-1.3716, 0.0, 0.0]}
