{"max": [-0.00069736, 1.86513, 0.609101], "centroid": [-0.43500225935439635, 0.3511135297435896, 0.22974029065934307], "id": "2a5535f9e24338c7107bd4405fb99a1b", "numVertices": 2184, "min": [-0.880697, 0.00512016, 0.013998]}
