{"max": [1.82324, 0.428056, 0.506242], "centroid": [0.8935388687102414, 0.22590172861303603, 0.2580961599730844], "id": "dd56a9259a0eb458f155d75bbf62b80", "numVertices": 8025, "min": [-0.0388874, -0.00302646, -0.000439725]}
