{"max": [0.0, 0.85, 0.45], "centroid": [-0.5103983049495868, 0.11867313015582043, 0.24593571242896306], "id": "31a142710610023cf51f77a6d7299806", "numVertices": 1091, "min": [-1.0, 0.0, 0.0]}
