{"max": [-0.115267, 0.7493, -0.265123], "centroid": [-0.8531990107134724, 0.42370259370868185, -0.7126133324975931], "id": "4dabd28be1615419546a56a24fdd418a", "numVertices": 13161, "min": [-1.58847, 0.0, -0.727199]}
