{"max": [0.0, 0.8763, 8.9407e-08], "centroid": [-0.3215213330733237, 0.5345705553822164, -0.3929760985054876], "id": "2bdedc5d70cda02cc59350d819542ec7", "numVertices": 641, "min": [-0.6096, 0.0, -0.517559]}
