{"max": [1.01415, 0.62865, 0.279251], "centroid": [0.09478929575757582, 0.32665939393939414, 0.003853540606060607], "id": "1a55e418c61e9dab6f4a86fe50d4c8f0", "numVertices": 165, "min": [-0.814645, 0.0, -0.330349]}
