{"max": [0.01905, 2.1336, 0.0], "centroid": [-0.17360687421259802, 1.5321531102362114, -0.4760235874015734], "id": "975426b49f98bc1b4c62bee40dcdc539", "numVertices": 508, "min": [-0.36195, 0.0, -0.62865]}
