{"max": [7.70831, 0.902647, -0.0319164], "centroid": [6.940446300716016, 0.7545589725537, -0.2836721679594274], "id": "c1b8d982d97e337f19fb4103277a6b93", "numVertices": 1676, "min": [6.1634, 0.450186, -0.540363]}
