{"max": [22.9435, 12.4269, 7.97995], "centroid": [12.2669664529058, 5.157647460921853, 3.730041142284592], "id": "b4cb08749e099f0a899736e5d685d0c2", "numVertices": 998, "min": [1.00428, 0.0, 3.36985]}
