{"max": [-1.5771, 0.619863, -0.334381], "centroid": [-2.3771, 0.26908028571428566, -0.4615238571428571], "id": "a8be828647ebc817abeb67a6e14a6d65", "numVertices": 28, "min": [-3.1771, 0.0, -0.734381]}
