{"max": [0.852642, 2.0, 0.263679], "centroid": [-0.1531755727272727, 0.9808145090909096, -0.3455482727272728], "id": "5f2f90d83db6bcafe7e684d25d4dcaf0", "numVertices": 220, "min": [-1.14736, 0.0, -0.426321]}
