{"max": [0.268097, 0.878814, -0.0197117], "centroid": [-1.3297000820984848, 0.5554202307274549, -0.5142504083448762], "id": "28530ebad05e63d9d9c2d24a3a0c74af", "numVertices": 18778, "min": [-2.93139, 0.0161821, -1.01299]}
