{"max": [0.127, 0.6096, 0.5842], "centroid": [-0.7612055327102808, 0.23683388859813065, 0.22322710218068506], "id": "4651f5b75533042283bc207d8a5912e3", "numVertices": 321, "min": [-1.651, -0.00410914, -0.265821]}
