{"max": [0.02, 0.484189, 0.0116035], "centroid": [-0.7840562374060841, 0.3568160123935648, -0.23735381884078693], "id": "a3e6d02075732ca850f9fc0e2c94dd76", "numVertices": 2795, "min": [-1.59404, 0.0, -0.494197]}
