{"max": [0.00635, 0.45084, -0.00636034], "centroid": [-0.8824220781937976, 0.31225004598832723, -0.24391518105741786], "id": "9795c0ce0679cacdd201085e80edb26a", "numVertices": 8360, "min": [-1.77165, -0.00036289, -0.481955]}
