{"max": [0.0, 1.8, 0.52], "centroid": [-0.374073250819672, 0.2066943960655736, 0.2391660846994537], "id": "d7ec3740a0c67d89f8c3d2002c77ddb", "numVertices": 366, "min": [-0.75, 0.0, -0.02]}
