{"max": [1.82889, 0.338137, 0.4572], "centroid": [0.9191740050505047, -0.011710526767676843, 0.24825418424242432], "id": "b83b544f8536375ed00e4d1c6a5a3a74", "numVertices": 396, "min": [0.0, -0.2667, 0.0]}
