{"max": [3.03349, 54.9979, 40.2527], "centroid": [-37.577649217105254, 24.288506578947366, 30.07254706578944], "id": "8ea569854b8dfc8022b74f7ed4070ae0", "numVertices": 152, "min": [-78.2263, 0.0, -0.46355]}
