{"max": [0.0379418, 0.791987, 0.488792], "centroid": [-0.9526024201132713, 0.5145575113268611, 0.2637125447896437], "id": "82b8609a6b1dd9c1c1c1ff0fb1d59ad", "numVertices": 1236, "min": [-1.94294, 0.0, -0.163577]}
