{"max": [1.73149, 2.22097, 10.0206], "centroid": [0.8418470078080926, 1.1083138416133718, 9.84025978363126], "id": "e0c8d4f4c31b26f6d295b24579cf55b8", "numVertices": 2126, "min": [-0.128751, 0.00221033, 9.70753]}
