{"max": [-2.4236, 1.2192, 1.42741], "centroid": [-2.5335220830007996, 0.6802894788507602, 0.958148636073432], "id": "9c245f01f94ae038413b3ddc4f2d9a06", "numVertices": 1253, "min": [-2.8554, 0.0, 0.946471]}
