{"max": [1.524, 0.635, 0.0], "centroid": [0.7650616071428561, 0.29469194839285723, -0.2474083066964289], "id": "ce9c518ef76b4974d56cc378741d37e8", "numVertices": 896, "min": [0.0, 0.0, -0.494817]}
