{"max": [0.1, 0.885213, 0.1], "centroid": [-0.8800007372541999, 0.5643556327084136, -0.26475983720623125], "id": "729650e08d4ddb97ed98cca8f0ccd5f7", "numVertices": 1668, "min": [-1.86228, -0.21, -0.59]}
