{"max": [0.0, 1.63, 0.0], "centroid": [-0.2756580493536975, 0.7596032749706234, -0.4721933090481765], "id": "28e7fd7a7a5ee8787d3ced6148bd0a15", "numVertices": 851, "min": [-0.55, 0.0, -0.489531]}
