{"max": [0.0047575, 0.877416, -5.96046e-08], "centroid": [-1.2190203270508222, 0.5517598866536289, -0.3355037410259133], "id": "b358c31d1bcab88a26b5e3d0c65cd557", "numVertices": 10737, "min": [-2.44146, 0.0, -0.688659]}
