{"max": [0.0, 0.757054, 0.4318], "centroid": [-0.8839591812500002, 0.41072348750000043, 0.29691146249999967], "id": "e8db4ae7ddd84627d4d8765e3910f617", "numVertices": 160, "min": [-1.778, 0.0, 0.0]}
