{"max": [0.238964, 0.564415, -0.0124816], "centroid": [-0.7717862547871938, 0.40223846549460524, -0.4161775640960218], "id": "77597f34b5f37c5e7a403ae58647b271", "numVertices": 8623, "min": [-1.78267, 0.0, -0.772332]}
