{"max": [2.25, 0.844496, 0.233697], "centroid": [1.1249999798657715, 0.3435159386645919, -0.5726604161823885], "id": "eeb6784f5812bcebb281680297eb79f2", "numVertices": 298, "min": [0.0, 0.0, -1.3837]}
