{"max": [0.0, 0.8763, 5.96046e-08], "centroid": [-0.24337906528302167, 0.5151539242085018, -0.6023032866276813], "id": "14dff09acf069b63c59350d819542ec7", "numVertices": 3127, "min": [-0.4572, 0.0, -0.645459]}
