{"max": [-0.117475, 0.810825, -0.13942], "centroid": [-1.0625836732788732, 0.5279142483525417, -0.3014635520711778], "id": "a2678cebeac0a8c9cb2a965e75be701c", "numVertices": 6856, "min": [-2.00768, 0.0, -0.703667]}
