{"max": [0.0, 0.8763, 8.9407e-08], "centroid": [-0.25041380893890747, 0.6164471961414796, -0.3592911586560038], "id": "2d1b4c33c0a40653c59350d819542ec7", "numVertices": 311, "min": [-0.5334, 0.0, -0.49804]}
