{"max": [0.0, 2.5908, 0.0], "centroid": [-1.8105163556338035, 0.9998050082746446, -0.6710425227112673], "id": "d0af907a612856e964b62a9cc93b56f5", "numVertices": 568, "min": [-3.6576, 0.0, -0.85725]}
