{"max": [0.01905, 0.5588, 0.52705], "centroid": [-0.6559931214953267, 0.3022268971962617, 0.021260630841121897], "id": "8b24699e1351a78ef8e7f2c38fe37243", "numVertices": 428, "min": [-1.33985, 0.0, -0.01905]}
