{"max": [0.0, 0.436, 1.6], "centroid": [-1.2949499681093395, 0.34702606378132145, 1.0919962034927917], "id": "a69a97674b732b6e951c1fffab4f5807", "numVertices": 1317, "min": [-2.6, 0.0, 0.99]}
