{"max": [-1.05999, 0.869311, 2.70674], "centroid": [-2.27590664532654, 0.4950376808877507, 2.4153073324797147], "id": "9891e489f1f4dab52056b4bd5d870b47", "numVertices": 2343, "min": [-3.5149, 0.000572922, 1.97452]}
