{"max": [0.0, 0.838449, -0.0145531], "centroid": [-0.9151362933749998, 0.482298595375, -0.27121732293750006], "id": "bdc3a9776cd0d69b26abe89c4547d5f1", "numVertices": 1600, "min": [-1.81609, 0.0, -0.621635]}
