{"max": [0.0, 2.51138, 0.402286], "centroid": [-1.2379124787626519, 1.5121194027050624, 0.11425197708726037], "id": "5556112e5f36cf2755f46d55537192b6", "numVertices": 2292, "min": [-2.48097, 0.0, 0.0]}
