{"max": [0.0, 0.695737, 0.577632], "centroid": [-0.7901017663043488, 0.20088095108695694, 0.2782832187499997], "id": "7b17313f2c00178b2a4d67a8ec314d2a", "numVertices": 736, "min": [-1.5, 0.0, -0.03112]}
