{"max": [0.0, 1.8796, 0.334962], "centroid": [-0.38346936747624044, 0.8757985723336902, 0.16106263362618797], "id": "90c2b07e831f5e7fc75178c2e93f5b68", "numVertices": 947, "min": [-0.9144, 0.0, -0.00676831]}
