{"max": [-0.614032, 0.928022, 1.40882], "centroid": [-1.2488973123877936, 0.3394770079712734, 0.926530194793543], "id": "e0393e80702d9a698cbb8bac2032149c", "numVertices": 4456, "min": [-1.88403, 0.0, 0.779871]}
