{"max": [0.0401221, 0.487967, 0.023391], "centroid": [-0.785902026434068, 0.2904733023069134, -0.22904013190489086], "id": "40cee2893781b47f50f9fc0e2c94dd76", "numVertices": 5930, "min": [-1.61416, -0.00299999, -0.480624]}
