{"max": [-0.0870963, 0.558692, 0.481222], "centroid": [-0.6448438331989225, 0.32905125255376044, 0.22891894118279593], "id": "d6138b5bee8f009ebd9c9454e3d4e73d", "numVertices": 1488, "min": [-1.2047, 0.0, -0.0267778]}
