{"max": [0.0, 0.434547, 0.00384404], "centroid": [-1.5210190265751007, 0.3782890613680212, -0.2694219453706423], "id": "c65b1fe1cb4ec230262cc3347c0f3889", "numVertices": 12222, "min": [-3.04698, 0.0, -0.556862]}
