{"max": [-3.30829, 0.95885, 0.42545], "centroid": [-3.967656111929287, 0.4423936818851229, 0.21264550810014576], "id": "515716e2bf805c088430b7446f9e1252", "numVertices": 679, "min": [-4.67989, 0.0, -0.01905]}
