{"max": [-0.912334, 0.498687, 1.94105], "centroid": [-1.7225331234622874, 0.44725528323699937, 1.603564338224398], "id": "303c1519c700d19299e8bf807e902261", "numVertices": 6747, "min": [-2.51233, 0.07, 1.26104]}
