{"max": [-1.65254, 1.0604, 0.0159951], "centroid": [-2.692690958904109, 0.5873267671232877, -0.28577573986301374], "id": "df31fdbbf7e3616b774561c9c1990536", "numVertices": 146, "min": [-3.76074, 0.0, -0.638055]}
