{"max": [1.64, 0.4, 0.0], "centroid": [0.709923076923077, 0.27107692307692316, -0.21692307692307694], "id": "327dcb9a47911686815bd25a546c8489", "numVertices": 65, "min": [0.0, 0.0, -0.44]}
