{"max": [0.0, 1.82245, 0.80645], "centroid": [-0.46069623391421044, 0.8993497908847196, -0.01747523766756031], "id": "5edc6766196953a28f62bdf4e9082924", "numVertices": 1492, "min": [-0.9271, 0.0, -0.03175]}
