{"max": [2.1, 1.12173, 1.57411], "centroid": [1.0549006622213637, 0.4136231699801321, 0.7868118603912823], "id": "2220c6ade811851cc13e020d985215e3", "numVertices": 3624, "min": [-7.45058e-09, 0.0, 0.0]}
