{"max": [0.0, 0.787363, 0.0550032], "centroid": [-0.7107046025735624, 0.315252924169334, -0.2877203804015475], "id": "aad17ac8d5a1ccdfed98cca8f0ccd5f7", "numVertices": 3874, "min": [-1.42317, -0.003, -0.618596]}
