{"max": [1.075, 0.57, 0.250001], "centroid": [0.47500038235294123, 0.32176505536470607, 9.999999999977348e-07], "id": "cdb6ceae0102632fffc6e457221b9271", "numVertices": 68, "min": [-0.124999, 9.906e-07, -0.249999]}
