{"max": [0.956, 2.41099, 0.600566], "centroid": [0.4805194727574748, 0.23436795076412584, 0.31868364423255785], "id": "60d7e8aba1f692a8c2185cc0ca1b306b", "numVertices": 1204, "min": [0.0, 0.0, 0.0]}
