{"max": [1.22967, 2.136, 0.0116215], "centroid": [0.6163791869718324, 1.0925171477288724, -0.533429958556339], "id": "5217e7aa71d06df2921dd903dd0b8b17", "numVertices": 568, "min": [0.0104665, 0.00240017, -0.63137]}
