{"max": [0.0, 0.8763, 5.96046e-08], "centroid": [-0.11704232532751073, 0.556496641921402, -0.5472315286951364], "id": "606d50b144d8ca164da5feafe6f1c8fc", "numVertices": 916, "min": [-0.2286, 0.0, -0.656431]}
