{"max": [0.0, 1.8, 0.4], "centroid": [-0.3996882842323653, 0.9204104159751049, 0.0032861856431535066], "id": "e2de47fd0e63a280490ad276cd2af3a4", "numVertices": 1928, "min": [-0.8, 0.0, -0.0250811]}
