{"max": [-1.97871, 2.27185, 0.305409], "centroid": [-5.483436666666669, 0.9511264313725494, -0.7021374313725492], "id": "5a0468d7c5ce7af6948dd2bc2d391e57", "numVertices": 102, "min": [-9.17931, -0.642797, -1.79358]}
