{"max": [1.18155, 0.646212, 0.4754], "centroid": [0.5945257882371786, 0.3928371980146586, 0.2530111850869704], "id": "23d1c6e2e35cb252bb85b5a298d72ac7", "numVertices": 2456, "min": [0.0, 0.0, -0.00124531]}
