{"max": [2.38419e-07, 0.762, 0.0], "centroid": [-0.6550148453276147, 0.1889649821637016, -0.30732327615658356], "id": "c4fd6d64caa1e371c59350d819542ec7", "numVertices": 1405, "min": [-1.0668, 0.0, -0.34925]}
