{"max": [0.0, 0.454025, 0.0111125], "centroid": [-0.9793630587644787, 0.33435456756756765, -0.20505610424710405], "id": "9f5ae162a075ec741e85d47a2a5461b3", "numVertices": 259, "min": [-1.93675, 0.0, -0.420687]}
