{"max": [-1.5575, 0.91, 1.78527], "centroid": [-2.362378269064134, 0.5253518581802467, 1.4158957582321932], "id": "a9bc0de459504729eca1c556848f5db1", "numVertices": 4616, "min": [-3.1575, 0.0, 1.38487]}
