{"max": [0.0, 0.8763, 8.9407e-08], "centroid": [-0.5023652177177177, 0.5091959669669666, -0.4010638015829304], "id": "4205bc230382f663c59350d819542ec7", "numVertices": 333, "min": [-0.9906, 0.0, -0.517525]}
