{"max": [-0.479007, 3.04303, 1.18269], "centroid": [-1.3278408947368427, 1.638401961654136, -0.022499541353383393], "id": "9a0013f4e6a0521b5670497a6e548500", "numVertices": 133, "min": [-2.2205, 0.0331299, -0.187325]}
