{"max": [0.0, 0.700519, 0.00643319], "centroid": [-1.2191999999999965, 0.35323927190537635, -0.26614489194215996], "id": "1b40594ce6fa66ca35028a2641239f56", "numVertices": 558, "min": [-2.4384, 0.0, -0.581124]}
