{"max": [0.0, 0.0, 0.0], "centroid": [-0.6224930021505362, -0.3607080415257138, -0.309571019354839], "id": "95bda55d633ca1824da5feafe6f1c8fc", "numVertices": 1395, "min": [-0.8382, -0.5969, -0.34925]}
