{"max": [-1.79253, 0.774952, 1.96197], "centroid": [-2.7152913876586044, 0.42475539141285584, 1.6346456911562528], "id": "3eba7b7b2b1d139956f6fc4b4ce1db04", "numVertices": 13094, "min": [-3.63785, 0.0, 1.31322]}
