{"max": [3.17576, 1.2192, 0.307975], "centroid": [2.884951913552445, 0.5868779767672228, 0.02484978567591167], "id": "8fe70b11448dfeef2369c46027bce7af", "numVertices": 2221, "min": [2.73126, 0.0, -0.04445]}
