{"max": [0.0, 1.8, 0.405], "centroid": [-0.3436666210852714, 0.7391379003875981, 0.186502248062016], "id": "ca3c48798200a14050e21024808d3b59", "numVertices": 516, "min": [-0.675, 0.0, 0.0]}
