{"max": [-0.204827, 2.2282, 0.584148], "centroid": [-1.5367841847335437, 1.0789102679097105, 0.37916657656501546], "id": "942e67160b47dee1b27fe5b4f7a28eec", "numVertices": 12629, "min": [-2.37523, -0.0006, -0.112543]}
