{"max": [0.00635, 0.906446, 0.595118], "centroid": [-1.168400678826816, 0.5221765642458104, 0.3817161810055857], "id": "7a7c5ca50411d85f4fb4dee5181bee", "numVertices": 358, "min": [-2.34315, 0.0, -0.0652817]}
