{"max": [0.59055, 2.286, 0.62865], "centroid": [0.2832653405548235, 1.5261872655217867, 0.5250634047556122], "id": "9ba333215be4d6654c62bee40dcdc539", "numVertices": 757, "min": [-0.01905, 0.0, 0.0]}
