{"max": [-0.04445, 0.638547, -0.0725194], "centroid": [-0.9874236314071333, 0.3922076348162483, -0.3672353365570595], "id": "38441b4582f29c8cb2a965e75be701c", "numVertices": 4136, "min": [-1.9304, 0.0, -0.661951]}
