{"max": [0.0, 0.8763, 0.0], "centroid": [-0.45825155776636783, 0.6610027984595621, -0.585866362021694], "id": "4946c14a466fb5094da5feafe6f1c8fc", "numVertices": 779, "min": [-0.9144, 0.0, -0.658019]}
