{"max": [0.035052, 0.811561, 0.58293], "centroid": [-0.889000131220046, 0.590003939832868, 0.2762130988701936], "id": "2c76c171562f6bdfd4d8765e3910f617", "numVertices": 3590, "min": [-1.81305, 0.0, -0.0400503]}
