{"max": [-1.92222, 0.619207, 0.508336], "centroid": [-2.580403997040496, 0.10724683926053045, 0.33816861831707556], "id": "e0f7a559a6066203dacc0b57c47fa747", "numVertices": 42574, "min": [-3.2413, -0.388168, -0.0232216]}
