{"max": [0.0, 0.8763, 8.9407e-08], "centroid": [-0.4988386363149277, 0.5395292009147368, -0.47021077855015475], "id": "2ba392a70c40dac7c59350d819542ec7", "numVertices": 3061, "min": [-0.9906, 0.0, -0.506413]}
