{"max": [1.22702, 0.830527, 1.63336], "centroid": [0.5413482467167199, 0.4551512734402429, 0.8080112484003495], "id": "6f2fa876147a970c5acde0d39b1b9dba", "numVertices": 14653, "min": [-0.144581, 0.0, -0.0175999]}
