{"max": [0.0, 0.502894, 0.0], "centroid": [-0.5084756296747572, 0.2269779674757285, -0.23745930291262166], "id": "3a60057b27f90ed64910664c4d1311f4", "numVertices": 412, "min": [-1.2, 0.0, -0.56]}
