{"max": [0.0184339, 0.712186, 0.645746], "centroid": [-0.5988298327243934, 0.4253305922907021, 0.32182488554090477], "id": "9c69b56c5867afdf5d65e445b951c79a", "numVertices": 5036, "min": [-1.21347, 0.0, -0.00194518]}
