{"max": [0.0127, 1.8034, 0.0127], "centroid": [-0.3680338173176874, 0.5211280156626498, -0.3133796452124308], "id": "c5116cb158a5b4e6a0f23466c3c25e2e", "numVertices": 3154, "min": [-0.7493, 0.0, -0.331493]}
