{"max": [1.92405, 0.431997, 0.665163], "centroid": [0.9810748558625899, 0.29912379637600345, 0.3601177561679398], "id": "21e7b25522c63209cb2a965e75be701c", "numVertices": 13100, "min": [0.0381, -2.6077e-08, 0.0546551]}
