{"max": [0.0, 0.8763, 0.0], "centroid": [-0.2733565449330783, 0.627389072657745, -0.5314148095887197], "id": "1252e89db37d786386d53ab0fe94e911", "numVertices": 523, "min": [-0.4572, 0.0, -0.658813]}
