{"max": [0.0508, 0.204787, 0.0753205], "centroid": [-0.8509000000000123, -0.0681527555791973, -0.18798048195685466], "id": "3e0694b77418eb25d2b12aa6a0f050b3", "numVertices": 3384, "min": [-1.7526, -0.437833, -0.450481]}
