{"max": [0.0645695, 0.774394, 0.581432], "centroid": [-0.8306812771477878, 0.3180215359923141, 0.30753750521815765], "id": "6ee8866fa7b253e8f4fb4dee5181bee", "numVertices": 12486, "min": [-1.72593, 0.0, -0.00911842]}
