{"max": [0.268041, 0.878814, -0.035223], "centroid": [-1.0359531742668049, 0.5520051245310386, -0.5471531595537414], "id": "b8407ab7eeda1d261be4769a83930a08", "numVertices": 15193, "min": [-2.30801, 0.0161821, -1.0129]}
