{"max": [-0.053975, 0.804757, -0.0829694], "centroid": [-1.000132526916247, 0.3683015580239239, -0.4430167046521908], "id": "8b4314a159d964fdcb2a965e75be701c", "numVertices": 9028, "min": [-1.94627, 0.0, -0.781977]}
