{"max": [0.89, 1.7, 0.0], "centroid": [0.44499999999999984, 0.7873710613718413, -0.5373357400722031], "id": "528ab24c6afd91c38aaae3d020f5ddf8", "numVertices": 277, "min": [0.0, 0.0, -0.552]}
