{"max": [0.0, 2.01014, 0.46], "centroid": [-1.0130660514683836, 0.9888104578778143, 0.10829084055734123], "id": "83ce531fdc507e34f51f77a6d7299806", "numVertices": 933, "min": [-1.97307, 0.0, 0.0]}
