{"max": [-0.024626, 0.786388, 0.637687], "centroid": [-1.2303840199619696, 0.47351291665300776, 0.3820437792780545], "id": "360d4f846b37b7fb5b9049c85f69b9b4", "numVertices": 7369, "min": [-2.46303, -0.4577, 0.0232169]}
