{"max": [0.0, 2.07789, 0.6], "centroid": [-0.7723529688252152, 1.2649444412607447, 0.13845590716332323], "id": "94cc8a8df8c78f5e14038d588fd1342f", "numVertices": 349, "min": [-1.6, 0.0, 0.0]}
