{"max": [0.0, 0.780856, -0.000154229], "centroid": [-0.8762660417954854, 0.4806804366563735, -0.30280496123699197], "id": "c327cf2527737f7ef155d75bbf62b80", "numVertices": 15528, "min": [-1.7526, 0.0, -0.660091]}
