{"max": [-0.00475442, 0.798438, 0.00115595], "centroid": [-0.8842249762727294, 0.5000199753246751, -0.3555817065974034], "id": "6c47b6b082cdd9b684370b1677f53d8e", "numVertices": 770, "min": [-1.7764, 0.0, -0.699783]}
