{"max": [0.174772, 0.5842, 0.231404], "centroid": [-0.1131687154735107, 0.09833627555755589, -0.010233088998949131], "id": "e3f3d58fe3cd9746a485daf2a997e28", "numVertices": 6663, "min": [-0.40118, 0.0, -0.222731]}
