{"max": [-0.060325, 0.883333, -0.0890604], "centroid": [-0.9335661348797663, 0.5225348022630835, -0.43546206127298526], "id": "f44b93dcbf00d80acb2a965e75be701c", "numVertices": 3535, "min": [-1.80975, 0.0, -0.802261]}
