{"max": [0.0, 0.85859, 0.0], "centroid": [-0.6674884174689243, 0.4639291760240247, -0.5034179406857432], "id": "919591b27262702ad0b36851d61b6fca", "numVertices": 11987, "min": [-1.42468, 0.0, -0.510915]}
