{"max": [0.5334, 2.4384, 0.0], "centroid": [0.26976294117647076, 1.3187831764705888, -0.2044071117647058], "id": "f939cc4fa30511963fe047712e43e185", "numVertices": 85, "min": [0.0, 0.0, -0.60325]}
