{"max": [1.56361, 2.6091, 0.87623], "centroid": [0.2569120955696203, 1.9015683810126587, 0.1536867215189869], "id": "148180c71c8ad4e3a1bfe809f99d2951", "numVertices": 316, "min": [-1.06549, 0.0, 0.11573]}
