{"max": [-2.2084, 0.9144, 2.36306], "centroid": [-2.939611061946909, 0.46024620149761875, 1.8703702450646773], "id": "4ec97e83a1e9725c77a332e31ab74b68", "numVertices": 1469, "min": [-3.6562, 0.0, 1.84236]}
