{"max": [0.0507112, -1.4961, 0.29862], "centroid": [-0.9766398927520556, -1.682235489628527, -2.317780993730765e-05], "id": "2cce7ee3c360abbad2b12aa6a0f050b3", "numVertices": 8292, "min": [-2.00651, -2.08642, -0.29862]}
