{"max": [0.0154625, 0.933321, 0.0154625], "centroid": [-0.7536008628882492, 0.6281701409778175, -0.1282495602163925], "id": "323c85aa6d1949abaec7b0e2cd000db4", "numVertices": 4868, "min": [-1.27876, 0.0, -0.2286]}
