{"max": [1.6146, 2.4384, 0.00635], "centroid": [0.8629155212121208, 0.7035799999999975, -0.16463818181818224], "id": "ccf5eb1023d22445762406157deca112", "numVertices": 330, "min": [0.065203, 0.0, -0.3556]}
