{"max": [0.0, 0.762, 0.0], "centroid": [-0.9949861391928263, 0.15962565134529122, -0.2818376636771295], "id": "3700aafc0160b162c59350d819542ec7", "numVertices": 446, "min": [-1.3716, 0.0, -0.353219]}
