{"max": [0.0, 2.0, 0.972], "centroid": [-0.7093313630573245, 1.5029299363057362, 0.4814267515923568], "id": "4e2d3dee0f6c8e18754e8957cd76ff02", "numVertices": 157, "min": [-1.312, 0.0, 0.0]}
