{"max": [2.38419e-07, 0.762, 0.0], "centroid": [-0.5625587456206241, 0.2775503059633031, -0.22693049541284427], "id": "88fd3b8aa4280302c59350d819542ec7", "numVertices": 218, "min": [-1.0668, 0.0, -0.365125]}
