{"max": [-1.2446, 1.518, 3.96704], "centroid": [-1.84262380952381, 0.8913333333333333, 3.7828495238095248], "id": "cf873b381095c2d43cbc166debd211cf", "numVertices": 84, "min": [-2.4946, 0.0, 3.16704]}
