{"max": [0.00160508, 1.9812, 0.40005], "centroid": [-0.6090385661123587, 1.0821071573033718, -0.04637958912359555], "id": "595a8444c362be66b8803f6649e6cb9b", "numVertices": 1780, "min": [-1.2192, 0.0, -0.0801303]}
