{"max": [0.0, 0.811053, 0.175952], "centroid": [-0.9737957688000012, 0.44343164761904746, -0.13717901558095213], "id": "38e367e4421ec3cbba70cedf91706353", "numVertices": 525, "min": [-1.93675, 0.0, -0.420687]}
