{"max": [0.0370725, 1.9389, 0.4318], "centroid": [-0.4775447692050932, 0.8748330301958778, 0.10916849509810701], "id": "9b33a5363695ebc3391e4d6c585a697a", "numVertices": 12150, "min": [-0.989573, 0.0, -0.00952264]}
