{"max": [-0.049378, 1.98, 0.618378], "centroid": [-0.8142843106273979, 0.5290023708066575, 0.11854757080665686], "id": "789ee42d2fc0c5e088c59e12e565eb6c", "numVertices": 3905, "min": [-1.37938, -0.08, 0.049378]}
