{"max": [0.00600207, 1.905, 0.3556], "centroid": [-0.5991271481115353, 1.2313648620512847, -0.01634573399999999], "id": "be4c2bb409fb8374b5f72e2923ab992", "numVertices": 780, "min": [-1.22079, -0.00945802, -0.0619636]}
