{"max": [0.0, 0.8763, 8.9407e-08], "centroid": [-0.32362147993537865, 0.522573071405494, -0.4542629787211662], "id": "1fd36ae1d93b6f3fc59350d819542ec7", "numVertices": 3095, "min": [-0.6096, 0.0, -0.498369]}
