{"max": [-0.669241, 1.9213, 0.88867], "centroid": [-1.2524962619047613, 0.4731832333333333, 0.4642391111111114], "id": "11b8fd945de0ee99642f6fb37a230b5e", "numVertices": 126, "min": [-1.82745, 0.0, 0.185904]}
