{"max": [2.4384, 0.4318, 0.5588], "centroid": [1.2142838709677424, 0.3635887096774194, 0.27161614516129007], "id": "4a3feda042d94e85319eead4390b3fcf", "numVertices": 124, "min": [0.0, 0.0, 0.0]}
