{"max": [-1.034, 2.0, 2.411], "centroid": [-2.4432058450704166, 1.362384521126768, 2.01415904225348], "id": "8f8a2633debaeb96c2b64c0adffbe398", "numVertices": 1420, "min": [-3.834, 0.0, 1.935]}
