{"max": [-0.657369, 2.1209, -0.410886], "centroid": [-1.4157182954545453, 0.3839735409090908, -0.6342905454545457], "id": "5523a90c230a1d0699bf8547ee35d38a", "numVertices": 44, "min": [-2.17502, 0.0, -0.842686]}
