{"max": [-1.60286, 1.75736, 1.82267], "centroid": [-3.2993061054766737, 0.8125939959432003, 1.4693921399594334], "id": "c86f009c4d1e1d2941e1a63759e8b225", "numVertices": 986, "min": [-5.10965, 0.0, 1.03685]}
