{"max": [0.00635, 0.893869, 0.0], "centroid": [-1.4637646230444632, 0.5772726513544038, -0.42659737538202436], "id": "7aca4c47c6861f2122445e799be0f18", "numVertices": 8311, "min": [-2.93445, 0.0, -0.883733]}
