{"max": [2.38419e-07, 0.762, 0.0], "centroid": [-0.7226419500218847, 0.3138264282644629, -0.24089991735537192], "id": "14b5e16ba851e17ac59350d819542ec7", "numVertices": 242, "min": [-1.0668, 0.0, -0.358775]}
