{"max": [-0.0287379, -0.615525, -5.94369], "centroid": [-0.43487812804430154, -0.8586347463683243, -6.413784951130359], "id": "d15097b4c6fdd9001b6eef8565b06678", "numVertices": 22304, "min": [-0.838738, -1.41956, -6.48405]}
