{"max": [-0.344393, 0.379629, 0.225425], "centroid": [-0.5607138103524516, 0.14809674458044017, 0.10532366383123398], "id": "e2d06603fba3bf3310af74324aae27f", "numVertices": 6781, "min": [-0.776193, 0.109754, -0.028575]}
