{"max": [0.0381, 1.1303, 0.4826], "centroid": [-0.8045572389567137, 0.5414135127635973, 0.24745453940066453], "id": "b1e2647ec67a6402d616724413b4089e", "numVertices": 901, "min": [-1.6637, 0.0, -0.0381]}
