{"max": [0.806965, 2.3, 0.433549], "centroid": [-0.959836531459177, 1.5550854886211534, 0.024427002677376235], "id": "6c6e14968b5e951de7e684d25d4dcaf0", "numVertices": 1494, "min": [-2.79304, 0.0, -0.266451]}
