{"max": [0.0, 0.8763, 0.0], "centroid": [-0.2710497704248371, 0.5279034076797389, -0.5735601977245961], "id": "140c308db70cd2674da5feafe6f1c8fc", "numVertices": 1224, "min": [-0.5334, 0.0, -0.648494]}
