{"max": [0.0, 1.24, 0.4226], "centroid": [-0.5431891361351806, 0.8169154589832479, 0.005956380127094212], "id": "ab096629bed6f8e0f51f77a6d7299806", "numVertices": 3462, "min": [-1.1, 0.0, 0.0]}
