{"max": [3.98369, 0.763, 0.571921], "centroid": [2.0433036947637078, 0.4671538668461308, 0.16181881273052393], "id": "a5669fc418b91f9959cbde03ded257fd", "numVertices": 3915, "min": [0.103453, -5.58794e-09, -0.248079]}
