{"max": [0.0, 0.938044, -0.1426], "centroid": [-0.9803732412060303, 0.3740365057286424, -0.6025281180904528], "id": "34bbcc05fdaed2e437638a2ced7d0ba", "numVertices": 398, "min": [-2.0, 0.0, -1.09967]}
