{"max": [0.9144, 0.0, 0.0], "centroid": [0.47852584214323785, -0.5487394527529755, -0.3150482317708291], "id": "aee149ff795d5a7ac59350d819542ec7", "numVertices": 2688, "min": [0.0, -0.762, -0.3556]}
