{"max": [0.073025, 0.4826, 0.549275], "centroid": [-0.5607612167026609, 0.4196211663066951, 0.2871763498920112], "id": "74a91aa0a8d9f2b5bef71ebb79d44440", "numVertices": 1389, "min": [-1.19697, 0.0, -0.0635]}
