{"max": [0.0, 0.42545, 0.4064], "centroid": [-0.635884597014925, 0.3135194029850748, 0.2159947761194031], "id": "d71d9473e08c108d2f210d96281fe860", "numVertices": 134, "min": [-1.20012, 0.0, 0.0]}
