{"max": [1.16535, 0.484853, 0.723518], "centroid": [0.5797162286347295, 0.4437877812148483, 0.43757466479189816], "id": "875b1307c76566c8d0d4e85a15f02eb4", "numVertices": 1778, "min": [-0.00635, 0.0, 0.152131]}
