{"max": [0.6096, 0.8763, 0.0], "centroid": [0.15288682026666706, 0.6170030866666665, -0.488539026666667], "id": "5f7e3d694d47fe6cde650492e45fb14f", "numVertices": 150, "min": [0.0, 0.0, -0.666753]}
