{"max": [1.5, 1.0, 9.31323e-09], "centroid": [0.749999995331156, 0.7023176542828886, -0.3671368192694156], "id": "ca6712dace1e32a548d8ff57878739ca", "numVertices": 2022, "min": [0.0, 0.0, -0.441]}
