{"max": [0.4953, 0.298262, 1.86265e-08], "centroid": [0.24788078090936622, 0.12799757271911494, -0.13998842791064828], "id": "4c7cc0a0e83f995ad40c07d3c15cc681", "numVertices": 6686, "min": [0.0, 0.0, -0.252569]}
