{"max": [0.8001, 2.0193, 0.280921], "centroid": [0.3977955946745562, 0.7146628970414197, 0.20003473952662723], "id": "74c692a9018b66592246f58eda789fa1", "numVertices": 169, "min": [0.0, 0.0, 0.0]}
