{"max": [-2.07889, 1.45879, 1.2845], "centroid": [-3.2980900000000006, 0.9560937714285705, 1.0165249857142857], "id": "d3b644f9eb32ec9cbe1fb1bc0addfcca", "numVertices": 140, "min": [-4.51729, 0.417393, 0.700285]}
