{"max": [0.0, 2.08616e-07, 0.0], "centroid": [-0.41875274108195143, -0.31407175775633084, -0.3262863797536181], "id": "24c781a3aa6310a44da5feafe6f1c8fc", "numVertices": 3734, "min": [-0.8382, -0.4572, -0.359569]}
