{"max": [1.86055, 0.4572, 0.449262], "centroid": [0.9588511737288091, 0.17553975847457604, 0.2534255669491529], "id": "fc301ae04efc46cfcb2a965e75be701c", "numVertices": 472, "min": [0.05715, 0.0, 0.0555625]}
