{"max": [3.72529e-09, 2.141, 0.0], "centroid": [-0.47155191237782035, 1.1227708071418698, -0.2566033898182058], "id": "955a80162f342ab45d64ebd26708751e", "numVertices": 14688, "min": [-0.960047, 0.0, -0.380009]}
