{"max": [0.032763, 0.596108, 1.41518], "centroid": [-0.8274715912408761, 0.36439889781021934, 1.1114202189781026], "id": "1ea895308f2aa98f966097adcefba56", "numVertices": 137, "min": [-1.71724, 0.096108, 0.815178]}
