{"max": [3.7084, 1.12822, 0.0], "centroid": [1.8541999999999972, 0.6508059350649348, -0.3531357636363637], "id": "2d1e5eeb255e79dcab53bf7fa22f3636", "numVertices": 154, "min": [0.0, 0.0, -0.56023]}
