{"max": [2.87821, 0.431137, -0.918032], "centroid": [1.951520217391301, 0.2643685217391305, -1.1147961739130436], "id": "afe3b299132016512056b4bd5d870b47", "numVertices": 92, "min": [1.05157, 0.0, -1.31118]}
