{"max": [0.0, 1.66, 0.28], "centroid": [-0.36436161653846133, 0.7964290928365373, 0.09972788918269242], "id": "7ef23a05ff56687087cffb2975eab062", "numVertices": 4160, "min": [-0.75, 0.0, 0.0]}
