{"max": [0.0, 0.725919, 0.00643319], "centroid": [-1.2191999999999983, 0.41743445168937426, -0.23502664878443313], "id": "9f51e1e44bd439f32a0697dbc1a34813", "numVertices": 326, "min": [-2.4384, -3.81842e-07, -0.581124]}
