{"max": [0.0, 0.7, 0.4], "centroid": [-0.4508019259999996, 0.36963592888888985, 0.03870574222222223], "id": "63f3ea0c41eedd19f51f77a6d7299806", "numVertices": 450, "min": [-0.9, 0.0, 0.0]}
