{"max": [-1.63711, 0.962, 0.730341], "centroid": [-2.3140998397949346, 0.644761250240307, 0.39320949343159667], "id": "9ffc432bb61dff9f339797c21e8801b1", "numVertices": 3121, "min": [-2.77711, 0.152, 0.353341]}
