{"max": [0.00635, 0.893869, 0.0], "centroid": [-1.1688738524227325, 0.5695670257682679, -0.4038101031463388], "id": "9a58d783e013b051d87d55641461d6af", "numVertices": 5829, "min": [-2.34475, 0.0, -0.883733]}
