{"max": [1.2192, 0.8255, 0.0], "centroid": [0.6211046666666661, 0.6236382784313731, -0.5601546078431376], "id": "90ccd5fbb48ba3bdde650492e45fb14f", "numVertices": 255, "min": [0.0, 0.0, -0.666753]}
