{"max": [0.0254, 1.0795, 0.488696], "centroid": [-0.5180919252316067, 0.5990336271424853, 0.06863525799472447], "id": "4669d272f690a18dc016d21df34cd8ce", "numVertices": 11377, "min": [-1.0668, 0.0, -0.0521541]}
