{"max": [1.35339, 3.99977, 0.530042], "centroid": [0.531409372625699, 3.7204384357541875, 0.04776358173184354], "id": "c0b055d5060f7f6b4470f9a1ecf7bbc", "numVertices": 1432, "min": [-0.297068, 3.43881, -0.0111588]}
