{"max": [3.19976, 0.9144, -0.692857], "centroid": [2.234330901257947, 0.6659300916767347, -1.1668326820609969], "id": "2c177b47d18940c735b355b56bb31701", "numVertices": 5803, "min": [1.23126, 0.0, -1.30382]}
