{"max": [0.0254858, 0.829287, 0.201238], "centroid": [-0.823177220642345, 0.5193793635114496, -0.08070251096797931], "id": "69494ba3ad8569aded98cca8f0ccd5f7", "numVertices": 1580, "min": [-1.67725, -0.003, -0.407167]}
