{"max": [-3.91657, 2.9685, 8.82127], "centroid": [-6.330521894273123, 2.6448213656387662, 8.142267841409678], "id": "a4d107815780161ab7ea82317702e856", "numVertices": 227, "min": [-8.64097, 2.0795, 7.44967]}
