{"max": [0.000146355, 0.88511, 2.98023e-08], "centroid": [-0.634363204582303, 0.5415482598280132, -0.2490651328235823], "id": "7abeb2903fa22d0fad974a50533b722", "numVertices": 1628, "min": [-1.26492, 0.0, -0.666509]}
