{"max": [0.3048, 0.790392, 0.575508], "centroid": [-0.909757497766435, 0.45542625845564877, 0.3481111619285254], "id": "567779d7087c75eead5067eac75a07f7", "numVertices": 1567, "min": [-2.1336, 0.0, 0.0]}
