{"max": [0.0, 0.839922, 0.00110904], "centroid": [-0.8869837044799609, 0.43354604285564674, -0.2307460107917221], "id": "35ac96f483e073faf515c76790f82ed4", "numVertices": 3817, "min": [-1.778, 0.0, -0.564526]}
