{"max": [0.0, 0.888242, 0.0178896], "centroid": [-0.8500368890073157, 0.3679658329691058, -0.30410472612130157], "id": "ab92e0151866e32a9ab1f232db58cef2", "numVertices": 615, "min": [-1.7018, -0.0032185, -0.610548]}
