{"max": [1.778, 0.410498, 0.47625], "centroid": [0.8890215228995137, 0.07271549263239943, 0.27293592342009876], "id": "39904b25a6d2f13ed4d8765e3910f617", "numVertices": 1821, "min": [0.0, -0.0461379, -0.009525]}
