{"max": [-0.786779, 0.764379, 1.67477], "centroid": [-2.965282100914066, 0.247601705521024, 1.3362815524680085], "id": "ae99771e1f77fd2fa9bdc22a1e02e82", "numVertices": 2735, "min": [-5.13684, 0.0, 0.992253]}
