{"max": [0.00373461, 0.796608, -0.00233984], "centroid": [-0.9224706145462266, 0.4714366001511366, -0.31933386951897325], "id": "c3f3565f0754f1c910917cc30262fb08", "numVertices": 6798, "min": [-1.84911, -0.00970905, -0.649273]}
