{"max": [1.87013, 0.0494806, 0.134853], "centroid": [0.9400141489911029, -0.31195411182892185, -0.4167565636363629], "id": "a380e75d8efcb4192f550a4f461edf6b", "numVertices": 308, "min": [0.0, -0.72454, -0.894285]}
