{"max": [0.015466, 0.85, 0.44], "centroid": [-0.4133202424285709, 0.23017696465306145, 0.17356244897959186], "id": "14ef9da3809148601b17743c18fb63dc", "numVertices": 490, "min": [-0.884534, 0.0, -0.0086]}
