{"max": [-0.267222, 0.3302, -0.427689], "centroid": [-0.7748458991477277, 0.18612413934659067, -0.7275570696022716], "id": "b2acbc0822c163fb491436340b3b4d18", "numVertices": 704, "min": [-1.51182, 0.0, -0.910299]}
