{"max": [-0.45593, 26.2277, 6.65094], "centroid": [-16.434716077932134, 9.360654543209852, 1.848785199845708], "id": "75c26ffff01ea7063ab3dfa44f5fab01", "numVertices": 1296, "min": [-32.7465, 0.80721, -0.239057]}
