{"max": [0.002, 0.763368, 0.656824], "centroid": [-1.7338463170731755, 0.40582551804877987, 0.3843966173713918], "id": "d06cf2129d36dec7a4f92840428bbcfc", "numVertices": 820, "min": [-3.47208, -0.015, -0.0128494]}
