{"max": [-0.0683531, 0.762, -0.0478209], "centroid": [-0.1461871729206961, 0.49561936557059816, -0.7347566189555139], "id": "7cb09d16e07e1d757e1dc03b595bd36c", "numVertices": 517, "min": [-0.545619, 0.0, -1.41942]}
