{"max": [0.380666, 1.0892, 0.092075], "centroid": [-0.6451487386399448, 0.5589259844940845, -0.359023203614981], "id": "49a07e9db250cb5ea17702c02a7c3b1f", "numVertices": 1522, "min": [-1.65067, 0.0, -0.662908]}
