{"max": [0.776755, 1.97005, 0.231648], "centroid": [0.019917422374721685, 1.071554797661468, -0.14917510467705933], "id": "a66122ff2d0e4bac6ba14bfd91a75020", "numVertices": 1796, "min": [-0.735053, 0.0132383, -0.231648]}
