{"max": [0.0, 1.99, 0.62], "centroid": [-1.834893053070421, 1.0298082478873274, 0.08496788732394316], "id": "7759a26614f6c4fdf815c17ff5624f52", "numVertices": 1775, "min": [-3.4, 0.0, -0.026]}
