{"max": [0.002, 0.763368, 0.656824], "centroid": [-1.733867222870484, 0.4148368177362889, 0.3804066408921134], "id": "c56c65eff860855def9373d49bf935b4", "numVertices": 857, "min": [-3.47208, -0.015, -0.0128494]}
