{"max": [0.0, 0.45, 0.35], "centroid": [-0.8999999999999998, 0.3238888888888886, 0.17499999999999996], "id": "ea56c97ec123270c2d776d9e024e5deb", "numVertices": 72, "min": [-1.8, 0.0, 0.0]}
