{"max": [2.0, 0.99526, 0.0], "centroid": [0.7708333333333334, 0.49314836510416654, -0.39504535625000003], "id": "8bb2354519a2ca276d9eb2ed02ef01ed", "numVertices": 96, "min": [0.0, -0.0997403, -0.698598]}
