{"max": [0.0, 0.568318, 0.456335], "centroid": [-0.9829096276473102, 0.46629485312090324, 0.19310869605527342], "id": "8ff44d4849eeb577ad5067eac75a07f7", "numVertices": 4582, "min": [-1.96446, 0.0, 1.19209e-07]}
