{"max": [0.280637, 0.407499, 0.0470044], "centroid": [-0.5736751628400515, 0.23120686929974832, -0.14728686198992416], "id": "3824b040bd8906e0f155d75bbf62b80", "numVertices": 794, "min": [-1.50371, -0.000498272, -0.3458]}
