{"max": [0.0, 1.18, 0.291785], "centroid": [-0.21681355223219634, 0.27173594424895287, 0.1138568312387808], "id": "2a3023853ebfeff5eb0fe7d6b5545a1a", "numVertices": 1671, "min": [-0.43, 0.0, -0.01039]}
