{"max": [1.78, 0.42, 0.0], "centroid": [0.8906653529411774, 0.3098427058823531, -0.1506553797058824], "id": "4d24a0d4ed77db9f4b3c42e318f3affc", "numVertices": 68, "min": [0.0, 0.0, -0.3275]}
