{"max": [-0.0236, 1.8, -0.694], "centroid": [-0.4082116844660191, 0.14261008909215422, -1.1135145631067953], "id": "964258d29263afdae76f0f0566cf10f2", "numVertices": 206, "min": [-0.7626, -0.08, -1.564]}
