{"max": [0.0131933, 0.92075, 0.6477], "centroid": [-1.1968075888817165, 0.5818191260478192, 0.003211806049425556], "id": "8994e11588b62bdfed208c42f7ada5c4", "numVertices": 3221, "min": [-2.62937, 0.0, -0.049717]}
