{"max": [0.0199654, 0.76971, 0.122155], "centroid": [-0.8102072630836012, 0.3161029944840363, -0.24650367271560544], "id": "18f57a3d41117140ed98cca8f0ccd5f7", "numVertices": 8342, "min": [-1.64203, -0.004, -0.61218]}
