{"max": [-0.0106351, 0.700552, 0.580192], "centroid": [-0.6024373977011496, 0.40893712260536424, 0.33361831142528753], "id": "a762de549efd8f2899d9a264095450d7", "numVertices": 261, "min": [-1.24148, 0.0, 0.0]}
