{"max": [0.000517607, 0.430039, 0.473976], "centroid": [-1.4932193674186225, 0.35399735017538, 0.2274447328473806], "id": "1aa15011153c5d6aa64b59533813e6d6", "numVertices": 878, "min": [-2.98731, -0.002386, -0.0194322]}
