{"max": [0.0, 0.8255, -1.86265e-09], "centroid": [-0.2684670007865177, 0.5417014213483117, -0.5572476609841902], "id": "19dd35ef180808c38f1735145fdf5c5c", "numVertices": 890, "min": [-0.4572, 0.0, -0.663575]}
