{"max": [0.0, 2.018, 3.72529e-09], "centroid": [-0.25433806627527006, 1.0456265895433252, -0.16335177892069028], "id": "d4f4b5bf712a96b13679ccb6aaef8b00", "numVertices": 8540, "min": [-0.500035, 0.0, -0.394781]}
