{"max": [-0.0746125, 0.766852, -0.125131], "centroid": [-1.0525158412621307, 0.37570056553398073, -0.41136568810679625], "id": "27539b0c42068420cb2a965e75be701c", "numVertices": 824, "min": [-2.03041, 0.0, -0.722726]}
