{"max": [0.0, 0.840861, 1.11759e-08], "centroid": [-1.2514750167331627, 0.4496988678304263, -0.32100408580754136], "id": "d1d433ab6a289a568e95e8a3bb5a538a", "numVertices": 802, "min": [-2.17778, 0.0, -0.601107]}
