{"max": [0.0, 0.1143, 0.0], "centroid": [-0.47114989106145155, 0.06482258116520351, -0.4758024776044819], "id": "a08aa6e386cd983c59350d819542ec7", "numVertices": 2506, "min": [-0.9144, 0.0, -0.511969]}
