{"max": [2.17541, 1.4, 7.6589], "centroid": [0.736879375, 0.8081925000000001, 7.012607500000001], "id": "3a271805da4a65e06a5d67b8fcb702fa", "numVertices": 16, "min": [-0.697939, 0.0, 6.29125]}
