{"max": [-0.810806, 0.863759, 0.813958], "centroid": [-1.5354033485394123, 0.41394199214261646, 0.3718688180988405], "id": "411f68beb7d27135d1dcc55e36186e4e", "numVertices": 4998, "min": [-2.25919, 0.0, 0.0]}
