{"max": [0.0, 0.798724, 0.595435], "centroid": [-0.958852546790264, 0.440569473544492, 0.3231330229766951], "id": "117259de2f72887bad5067eac75a07f7", "numVertices": 1888, "min": [-1.9177, 0.0, 0.0]}
