{"max": [3.31899, 2.06852, 1.05607], "centroid": [2.7624279690949267, 0.9226950838852076, 0.6188821677704179], "id": "23108a41e40a49f6389b013bdebd5e94", "numVertices": 906, "min": [2.20032, 0.0, 0.562465]}
