{"max": [-0.553639, 0.89, -1.36521], "centroid": [-2.584408800000001, 0.3590843692307692, -1.5928124615384622], "id": "2d80f237dfa7e73e5b7bc62e486d578c", "numVertices": 65, "min": [-4.55364, 0.0, -1.92521]}
