{"max": [0.142386, 0.4572, 0.340622], "centroid": [-0.6266301605769234, 0.3175000000000003, 0.10819932980769234], "id": "e01c283efd6a0d2120d53ceb96ec7d24", "numVertices": 104, "min": [-1.39232, 0.0, -0.192468]}
