{"max": [0.039957, 0.816109, 0.179722], "centroid": [-0.8951497719939967, 0.37934972965027514, -0.25170264259876624], "id": "9c7527d5d1fe9047f155d75bbf62b80", "numVertices": 5999, "min": [-1.83701, -0.00783191, -0.575243]}
