{"max": [1.81495, 0.9, 1.30486], "centroid": [1.0155738499999993, 0.5624999999999998, 0.894222225], "id": "8f25e1c5977cf1350f0339a8f91fdfe", "numVertices": 160, "min": [0.214952, 0.0, 0.454838]}
