{"max": [0.0174625, 0.965991, 0.4699], "centroid": [-0.7258347620689652, 0.4799408300940442, 0.055159404388714695], "id": "fe5f6a2aab0091438860c69ebde1e4b8", "numVertices": 638, "min": [-1.45732, 0.0, -0.0111125]}
