{"max": [0.0, 0.7, 0.31], "centroid": [-0.44442856568196165, 0.391728492771841, 0.008152105593965982], "id": "370608d5fd4f39745e7493df1bf8fac5", "numVertices": 1591, "min": [-0.9, 0.0, 0.0]}
