{"max": [0.216666, 0.511889, 0.561841], "centroid": [-1.1884297181893182, 0.4200116969820741, 0.2010581710637899], "id": "7cc80dbf0cb6f4c6b8134b0fbf68257d", "numVertices": 1116, "min": [-2.5929, 0.0, -0.162919]}
