{"max": [0.0, 0.989681, 0.95137], "centroid": [-0.9407161875, 0.47637101062500004, 0.728555375], "id": "7e73d9c7082453987b019ecf3e106a55", "numVertices": 128, "min": [-1.8922, 0.00120485, 0.300586]}
