{"max": [3.017, 1.02357, -0.275523], "centroid": [1.5697810312499991, 0.7651295625000003, -0.8762861562500001], "id": "5f0e28d1324397d9c0b027ae5b223d6", "numVertices": 128, "min": [0.0, 0.0, -1.48349]}
