{"max": [0.61722, 0.0381, 3.54576], "centroid": [0.026289966956521558, -0.018991455686956513, 3.2996131739130354], "id": "ba8ce85fe8f294929126d89585a68a7d", "numVertices": 230, "min": [-0.574571, -0.403225, 3.05363]}
