{"max": [0.803275, 2.13836, 0.0015875], "centroid": [0.4829971101634522, 1.0331132986014266, -0.7511416276613935], "id": "5ec805e8599196746be771595eade0e3", "numVertices": 4772, "min": [0.0, 0.0, -0.974725]}
