{"max": [0.03, 1.02076, 0.56], "centroid": [-0.8072288830188716, 0.45345983018867936, 0.3126957124528305], "id": "738f4ce6e01920e72e558e0eb05b86a4", "numVertices": 530, "min": [-1.63, 0.0, -0.0151279]}
