{"max": [0.0, 1.35, 0.33], "centroid": [-0.4493193513100436, 0.6206040393886464, 0.14835214672489086], "id": "bfec781e562e1dde3eec26c23f5bc80b", "numVertices": 229, "min": [-0.9, 0.0, 0.0]}
