{"max": [0.0, 0.457201, 0.4572], "centroid": [-0.5043224310918728, 0.3727682179043023, 0.2296428844873538], "id": "71b9976c657291772d07d128adae16ff", "numVertices": 4506, "min": [-1.00647, 0.0, 0.0]}
