{"max": [0.022225, 0.981075, 0.0248285], "centroid": [-0.3517338829419134, 0.14140225088250719, -0.07733894533732254], "id": "98d963a9f353cd026b0f9e3b3feb2454", "numVertices": 29423, "min": [-0.581025, -0.022225, -0.143326]}
