{"max": [0.0, 2.3, 0.47], "centroid": [-1.1847543064396775, 1.0061705403404935, 0.062282353811990855], "id": "7324733dbe394447e78cc773ba5d9e52", "numVertices": 1351, "min": [-2.33, 0.0, 0.0]}
