{"max": [6.94929, 1.09226, 0.01], "centroid": [6.3299102485258425, 0.3857755077225438, -0.30296414490312096], "id": "2cdf972377f30d9485718c281d7fdf61", "numVertices": 7122, "min": [5.70929, 0.0, -0.75]}
