{"max": [0.0, 1.06327, 0.680012], "centroid": [-0.7987513418574521, 0.6905593023758103, 0.47673307818574506], "id": "ebc20661d9e103334b3c42e318f3affc", "numVertices": 463, "min": [-1.57518, 0.0, 0.0]}
