{"max": [0.0, 0.381, 0.457247], "centroid": [-0.5348536397820166, 0.34017504301253365, 0.2209608580326979], "id": "2d1ea225c279836cd67b3c7873295e75", "numVertices": 367, "min": [-1.0668, 0.0, 0.000191211]}
