{"max": [-60.2548, 1.61942, 237.317], "centroid": [-61.93020002619629, 0.9959723575805063, 236.4857033705882], "id": "2346b4f87a4f683b92e6829c9c63f7e8", "numVertices": 11452, "min": [-63.6048, -0.00370444, 235.622]}
