{"max": [-1.22901, 0.86995, 1.14357], "centroid": [-1.666396262626263, 0.3297347222222229, 0.7623061212121207], "id": "9d56087c9f98bf90717cca22daef45e7", "numVertices": 198, "min": [-3.03717, 0.08255, 0.484753]}
