{"max": [0.0, 0.0, 0.0], "centroid": [-0.5213001585365856, -0.3131601941973659, -0.21646459756097566], "id": "36d62d9dcba0e3ec4da5feafe6f1c8fc", "numVertices": 164, "min": [-0.8382, -0.5969, -0.365125]}
