{"max": [7.33882e-06, 1.08585, 1.08585], "centroid": [-1.9405757634227527, 0.11987431234651913, 0.37457989100859984], "id": "852d65fcf7abec4a301cd89e7156530e", "numVertices": 2558, "min": [-2.4384, -0.9144, -0.272999]}
