{"max": [0.01905, 0.6858, 0.0], "centroid": [-0.6096001086956521, 0.3225385434782603, -0.20368323913043482], "id": "e1ce45ee8de4436655a9b4fa7594b177", "numVertices": 184, "min": [-1.23825, 0.0, -0.42545]}
