{"max": [0.255833, 1.16, 0.0954557], "centroid": [-0.3808823520863316, 0.5939454552929082, -0.08775617610688587], "id": "37e5fcf70007bc26788f926f4d51e733", "numVertices": 973, "min": [-1.03257, 0.36, -0.164544]}
