{"max": [1.8918, 1.95043, 6.7462], "centroid": [1.1575410149748833, 1.3821069384359386, 6.2188717071547295], "id": "d1190ac57a48b879413d0cdcf1f63207", "numVertices": 6010, "min": [0.4218, 1.00976, 5.90204]}
