{"max": [-0.239597, 1.28566, 0.0], "centroid": [-1.7101908114754107, 0.7601811475409841, -0.15875695081967217], "id": "e6b0ac08a5326f23faf575cbae5008b8", "numVertices": 122, "min": [-3.18441, 0.0, -0.827087]}
