{"max": [1.85692, 0.885111, 0.684939], "centroid": [0.9169040409310788, 0.5463345223700127, 0.4343478318419967], "id": "58eb1f7c59fda8271068f29f0b65163f", "numVertices": 2481, "min": [-0.0177463, 0.0, 0.0184298]}
