{"max": [0.0, 2.1, 0.6], "centroid": [-0.7123374611111113, 1.0499999999999987, -0.06400680000000006], "id": "70424e9cde5be52e25194f3c5a4f307", "numVertices": 216, "min": [-1.4, 0.0, -0.12]}
