{"max": [1.0922, 0.3302, 0.0], "centroid": [0.5343877824267778, 0.2641200050209209, -0.2569751740585776], "id": "469235b1160c6df1bd44b6fcd3e363b9", "numVertices": 239, "min": [0.0, -0.00635, -0.508]}
