{"max": [-3.27752, 2.15687, -0.0172591], "centroid": [-3.9373398406374527, 0.31620329848605566, -0.31116987888446207], "id": "ac536462e72dea3211fc2b865c2a185b", "numVertices": 251, "min": [-4.63116, -0.0263754, -0.540259]}
