{"max": [1.81134, 0.966804, 0.349421], "centroid": [0.9076450370607048, 0.3461344957188495, -0.27456469373801967], "id": "5d88fc00adb325e6f3a134eb65b35f7a", "numVertices": 313, "min": [-0.0254, 0.0, -0.7366]}
