{"max": [3.82636, 1.59117, 0.0], "centroid": [1.9407489660256425, 0.8497714743589748, -0.5231807858974359], "id": "13da7d4d1277574c64b7b850ea7b68a", "numVertices": 156, "min": [0.0, 0.0, -1.35133]}
