{"max": [-0.000671171, 0.19558, 0.122701], "centroid": [-0.1785657349714085, 0.0319551151277988, 0.06071248176851531], "id": "4768d015c33de0acc6e4e9360ed1cfdb", "numVertices": 5806, "min": [-0.356271, 0.0, 0.000781447]}
