{"max": [0.0, 1.5367, 0.0], "centroid": [-0.22505339670212787, 0.964338723404256, -0.44710552135585796], "id": "8415b7cd04f981d94692707833167ca3", "numVertices": 188, "min": [-0.5334, 0.0, -0.65044]}
