{"max": [0.7874, 0.796925, 0.27305], "centroid": [-0.07005675931928657, 0.39817933387358095, -0.3087229481361423], "id": "24b3f8b6bf4a9a7391a3d45e8887248a", "numVertices": 1234, "min": [-0.931862, 0.0, -0.32385]}
