{"max": [1.45413, 0.635, 0.4191], "centroid": [0.714365, 0.34548305084745784, -0.35952838983050855], "id": "10cfa696ba2259ccbbba142d6df53ce", "numVertices": 118, "min": [-0.0254, 0.0, -1.1049]}
