{"max": [0.0, 5.47667, 3.7329], "centroid": [-6.239070551041657, 2.621397214875001, 2.0593069270833335], "id": "32563c1b8b31667bb6695fcbbfeb161b", "numVertices": 192, "min": [-12.9577, -0.000608686, -0.806858]}
