{"max": [0.754138, 0.8382, 0.30093], "centroid": [-0.8271289048951058, 0.4072579533799543, -0.5248595024708627], "id": "31af3758c10b5b1274f1cdda9579594c", "numVertices": 858, "min": [-2.43054, -0.0762, -1.29121]}
