{"max": [0.0398653, 0.796871, 0.0], "centroid": [-0.9012755353291694, 0.4565131472489748, -0.3409304161981661], "id": "3b8d16dc796f667af155d75bbf62b80", "numVertices": 21538, "min": [-1.84309, 0.0, -0.685297]}
