{"max": [1.2192, 0.0127, 0.36195], "centroid": [0.6095957154411662, -0.6916447962184908, 0.17649390425420156], "id": "3763bd1d86776ac397022448220c7d6a", "numVertices": 3808, "min": [0.0, -0.736103, 0.0]}
