{"max": [5.96046e-08, 0.91, 0.5], "centroid": [-1.0160416032608857, 0.672540578740638, 0.0420176215806567], "id": "a593528259cf4d78c0f947750540fb22", "numVertices": 321, "min": [-1.96, -6.06369e-09, -2.98023e-08]}
