{"max": [0.0, 1.778, 0.4318], "centroid": [-0.7862013548002937, 0.7909648861670961, -0.031077879470498376], "id": "5ff47fe4724d0c9320768660cf080d12", "numVertices": 10916, "min": [-1.54899, 0.0, -0.42976]}
