{"max": [0.0, 0.725919, 0.00643319], "centroid": [-1.2191999999999983, 0.3891006355314285, -0.238154261439215], "id": "f98b9721d2f5b3d7f4f81e1d4b32b45", "numVertices": 350, "min": [-2.4384, -3.81842e-07, -0.581124]}
