{"max": [0.0, 1.2, 0.4], "centroid": [-0.3000952727272824, 0.6305452691243154, 0.0003350386904749131], "id": "27e65f34c3b8dd7f490ad276cd2af3a4", "numVertices": 8382, "min": [-0.6, 0.0, -0.025264]}
