{"max": [3.72529e-09, 0.75, 0.648913], "centroid": [-0.3785243132263086, 0.47938500316450544, 0.1852816656873194], "id": "8d4833c24a4e983fcf004563556ddb36", "numVertices": 2389, "min": [-1.7963, 0.0, -0.0010873]}
