{"max": [0.0, 0.84, 0.511903], "centroid": [-0.5891695614342536, 0.5600820222402589, 0.0900426034103895], "id": "5e6c95a93849d3a9cf004563556ddb36", "numVertices": 2464, "min": [-1.17834, 0.0, 0.0]}
