{"max": [0.0254, 0.8763, 0.6096], "centroid": [-0.11528205647933824, 0.5590350742117647, 0.11092170735463253], "id": "99ff3359d64f1f45ce5d6e9371bb5c33", "numVertices": 272, "min": [-0.4826, 0.0, -0.0476306]}
