{"max": [0.48, 1.5, 0.51], "centroid": [0.23312780555555548, 1.014829770833334, 0.09411658333333323], "id": "6ec7c811025a30a2e3a031805ace4a99", "numVertices": 144, "min": [0.0, 0.0, 0.0]}
