{"max": [0.0, 0.762, 0.0], "centroid": [-0.7330437616091112, 0.21653627196913988, -0.31520100183688077], "id": "8f453f19fa9396a7824662341ce2b233", "numVertices": 2722, "min": [-1.3716, 0.0, -0.3556]}
