{"max": [0.0103772, 0.548233, 0.00384404], "centroid": [-1.216461849036486, 0.3815849614623042, -0.2703502441957289], "id": "77ed241c90b88a189f197237213064cd", "numVertices": 10586, "min": [-2.44708, 0.0, -0.556862]}
