{"max": [1.77165, 0.762471, 0.163464], "centroid": [0.8823255119617269, 0.5042818084593319, -0.11443735081722478], "id": "94bd6118c10de515d201085e80edb26a", "numVertices": 5225, "min": [-0.00635, 0.0, -0.493014]}
