{"max": [6.13761, 7.07403, 8.86187], "centroid": [0.5227633991031386, 5.27949547982064, 6.005638744394619], "id": "9a2c9e5bda713668674056261e8e6523", "numVertices": 446, "min": [-5.0455, 0.0, 4.74821]}
