{"max": [2.036, 1.0, 0.024], "centroid": [1.0247674529661004, 0.517496638983053, -0.14632707062146932], "id": "4b75b3d199523a91f8d6a4359d6a181b", "numVertices": 1416, "min": [0.0, 0.0, -0.344]}
