{"max": [-3.65631, 1.3208, 3.15519], "centroid": [-4.975128190045246, 0.31192576018099577, 2.690130316742079], "id": "218b98805019ba7df11e0e33e4b1b85c", "numVertices": 221, "min": [-6.42552, -0.0777875, 2.28347]}
