{"max": [0.0, 0.435, 0.35], "centroid": [-1.10000006, 0.2843320035999996, 0.18653334724108006], "id": "b7d0a6ed347a549b278d386bfa54545", "numVertices": 30, "min": [-2.2, 9.99997e-10, 1.49012e-08]}
