{"max": [0.17153, 1.3257, 0.419153], "centroid": [-0.16294649645301815, 0.5636750894835088, 0.1339374318606098], "id": "b404faa639b8600855f46d55537192b6", "numVertices": 1607, "min": [-0.495353, -0.648926, -0.15248]}
