{"max": [0.0, 0.922904, 0.0], "centroid": [-0.7491699999999998, 0.4085380454545456, -0.3032500863636363], "id": "3e81e31d8cd99cdffae0a22d98098878", "numVertices": 44, "min": [-1.49834, 0.0, -0.626122]}
