{"max": [0.0, 2.13374, 0.5588], "centroid": [-0.3786392173378104, 1.4112458216595902, -0.03650100380345339], "id": "285864fbee3a4038178e7d331e641179", "numVertices": 1788, "min": [-0.889, -0.000144141, -0.0746883]}
