{"max": [1.9, 0.479562, 0.0], "centroid": [0.9496225718126173, 0.4431198836031129, -0.22850658862759984], "id": "919f90e92283eff8febad4f49b26ec52", "numVertices": 9522, "min": [0.0, 0.0, -0.464403]}
