{"max": [-0.0849058, 1.9452, -0.10749], "centroid": [-0.7012147776859503, 0.7072229586776858, -0.714204642561983], "id": "1a2c199d7c8cb7f83d724fd1eb6db6b9", "numVertices": 484, "min": [-2.95331, 0.0, -0.90749]}
