{"max": [-1.29258, 1.3208, -1.38887], "centroid": [-1.482950666666666, 0.6627113555555564, -2.0670117777777772], "id": "bbc516fd63703eee9dfa717f86ba8028", "numVertices": 360, "min": [-1.67358, 0.0, -2.08737]}
