{"max": [0.0, 0.8763, 0.0], "centroid": [-0.4685405113333347, 0.5957329407407425, -0.596226852751776], "id": "5b08e72cfe785f4912de5317fe5b354f", "numVertices": 1350, "min": [-0.9144, 0.0, -0.64758]}
