{"max": [0.0, 0.8763, 0.0], "centroid": [-0.4672740995706727, 0.5091099494716085, -0.6132530539018859], "id": "88982fc3cdf5d2b212de5317fe5b354f", "numVertices": 3028, "min": [-0.9144, 0.0, -0.653498]}
