{"max": [2.23517e-08, 0.830375, 0.664819], "centroid": [-1.2569320695956603, 0.44811021469602214, 0.4033434625370977], "id": "d9432798bd2aa338ad5067eac75a07f7", "numVertices": 4178, "min": [-2.53148, 0.0, 0.0]}
