{"max": [2.38419e-07, 0.762, 0.0], "centroid": [-0.569796232772609, 0.2161462051547116, -0.3152504940225001], "id": "2175d15f93051f0bc59350d819542ec7", "numVertices": 2844, "min": [-1.0668, 0.0, -0.3556]}
