{"max": [1.6, 1.1, 0.27], "centroid": [0.6381570208696885, 0.4430640952559016, 0.09967710961887552], "id": "7cb7d54954caa7a2d3cedcecf1ed3b27", "numVertices": 1102, "min": [0.0, 0.0, 0.0]}
