{"max": [-0.335727, 0.882682, 0.006901], "centroid": [-1.066926536073057, 0.5729595315068481, -0.1813916781830131], "id": "ca85baab8740ffa198cd58ee93c42c40", "numVertices": 1095, "min": [-1.83433, 0.0, -0.597974]}
