{"max": [3.09178, 0.427038, 0.190071], "centroid": [1.5634841067193679, 0.3728018853754936, -0.21645105130948597], "id": "874577f61fe70621a1370c1659f8eb45", "numVertices": 506, "min": [0.135811, 0.0, -0.572416]}
