{"max": [0.0, 0.9, 0.5], "centroid": [-0.45116486831541697, 0.2510755767747437, 0.21274258252504882], "id": "47ffa354257d2e3b20f4d1b537b5ee90", "numVertices": 9283, "min": [-0.900297, 0.0, 0.0]}
