{"max": [0.9144, 0.0, 0.0], "centroid": [0.6370371216503877, -0.5981162472160357, -0.28114253452115745], "id": "14c527e2b76f8942c59350d819542ec7", "numVertices": 449, "min": [0.0, -0.762, -0.353219]}
