{"max": [3.737, 3.284, 0.632], "centroid": [1.5280461942257224, 1.396548556430446, 0.3305249343832027], "id": "41d9c4bc97447c4530ed3cf7f7e32c4a", "numVertices": 381, "min": [0.0, 0.0, 0.0]}
