{"max": [0.011144, 0.762533, 0.656824], "centroid": [-0.29578638714814814, 0.4661457279012347, 0.3611031251963808], "id": "2bfeb0ef0693823d1418b6bd61b3ca4", "numVertices": 1620, "min": [-0.598456, -0.015, -0.0120388]}
