{"max": [-0.914998, 1.4732, 1.88046], "centroid": [-2.1063969514348746, 1.0354310728476832, 1.317398719646797], "id": "b67d58cd774ebeaea480742f4529182b", "numVertices": 453, "min": [-3.3026, 0.8509, 1.28038]}
