{"max": [0.035271, 0.855, 0.435], "centroid": [-0.47955491493552377, 0.221522477284037, 0.15731626333452672], "id": "932abcefa2fa0d5960e37b3f76995f8b", "numVertices": 2813, "min": [-0.994729, 0.0, -0.04]}
