{"max": [-9.97561, -1.05347, 0.57785], "centroid": [-10.837534960212238, -1.3863096021220183, 0.17794287038019613], "id": "24eb9773fec0eb609e4965f0106e00d9", "numVertices": 1131, "min": [-11.6615, -1.8346, -0.0508]}
