{"max": [0.0, 12.7, 22.225], "centroid": [-34.74201094623656, 2.1316759139784924, 15.07150967741936], "id": "b92e2c18c0eeb8cba80ff03f6dc10926", "numVertices": 186, "min": [-63.5, 0.0, 0.0]}
