{"max": [0.25, 0.54, 0.64], "centroid": [-0.7188549007633598, 0.3950607022900749, 0.3199999999999995], "id": "9c32648f1412d8a6db6e463bda4c63ae", "numVertices": 1048, "min": [-1.71, 0.0, 0.0]}
