{"max": [3.5249, 1.71099, -1.01962], "centroid": [2.6861735425101174, 1.2780916923076933, -1.5248308906882584], "id": "9bf9e8d47f7b996263d977b06bbd429d", "numVertices": 494, "min": [1.85407, 0.647363, -1.56254]}
