{"max": [0.05715, 0.4572, 0.5588], "centroid": [-0.7810500000000002, 0.2757714285714285, 0.22860000000000005], "id": "13b28cea086fbf59585a7824ddda249a", "numVertices": 28, "min": [-1.61925, 0.0, -0.1016]}
