{"max": [0.0, 1.65562, 0.767483], "centroid": [-0.3685007155524465, 0.5074595506993007, 0.08968493943006997], "id": "26eb1d73803b2426ef46cffe4939fce1", "numVertices": 572, "min": [-0.7528, 0.0, -0.000705993]}
