{"max": [0.0128385, 0.853302, -0.0349632], "centroid": [-0.9282005631185481, 0.4707980898214014, -0.35444838331624295], "id": "d5bd619acad1bed3d2b12aa6a0f050b3", "numVertices": 22429, "min": [-1.86704, 0.0, -0.690024]}
