{"max": [3.9624, 0.823913, 0.0], "centroid": [3.0467754150702238, 0.6243396832694773, -0.18804594900638558], "id": "cf24c6b52b12c56ced8d4f003c2a833", "numVertices": 783, "min": [2.1336, 0.0, -0.4953]}
