{"max": [0.0, 2.9, 0.0], "centroid": [-0.763736976683937, 1.514413282383415, -0.4921761658031066], "id": "860929843ad9e7e16ff961d84ac7046a", "numVertices": 772, "min": [-1.445, 0.0, -0.6]}
