{"max": [46.8921, 34.7873, 20.7312], "centroid": [5.812136028162333, 14.465377814920974, 5.611445985770739], "id": "302c64b3f9d0e0a3961c690e3d679ac7", "numVertices": 4048, "min": [-35.2269, 0.0292737, -10.886]}
