{"max": [0.0, 0.819904, 0.515308], "centroid": [-0.5520810594843559, 0.52602276189589, 0.30773176333339614], "id": "956be1b39e4bf1b963b2acb037dfbcde", "numVertices": 20402, "min": [-1.10236, 0.0, 0.0]}
