{"max": [0.0, 2.23, 0.44], "centroid": [-0.5436943109129516, 1.6292491290870457, 0.15844643320594434], "id": "d3829c7b8afd0d2ef51f77a6d7299806", "numVertices": 471, "min": [-1.08, 0.0, 0.0]}
