{"max": [0.0870399, 0.492125, 0.462023], "centroid": [-1.4872018373519207, 0.39815218259649865, 0.2365593185964842], "id": "b57079e504413f02ad5067eac75a07f7", "numVertices": 7125, "min": [-3.05467, -0.022225, 0.01143]}
