{"max": [1.33182, 0.773684, 0.468185], "centroid": [0.42276319837758186, 0.4713452890855485, -0.8948037610619438], "id": "7a2ad24394c5d139d46c340938e2ff1c", "numVertices": 1356, "min": [-1.61498, 0.0, -1.25095]}
