{"max": [1.2192, 1.0287, 0.4572], "centroid": [0.608320752427183, 0.5458996359223282, 0.03665369805825247], "id": "eaf341c056c79bec1a2c782fdbf60db6", "numVertices": 824, "min": [0.0, 0.0, -0.0254]}
