{"max": [-0.689485, 0.341985, 0.513982], "centroid": [-1.376884958265539, 0.11695799280226143, 0.2577353385343423], "id": "826a100b907c3fc4edf84ea98391428", "numVertices": 16605, "min": [-2.07749, -0.126092, -2.27243e-07]}
