{"max": [0.0, 0.839922, -0.0103162], "centroid": [-0.5429414849429022, 0.5007622809865024, -0.3271808967808933], "id": "9b7b628bc8cc7463103d45b529610c5c", "numVertices": 3852, "min": [-1.1811, -0.00738632, -0.599267]}
