{"max": [-1.2599, 0.737991, 1.19542], "centroid": [-1.7955937230331995, 0.4953108898188866, 0.9275841920940434], "id": "b6de66042941f5691301e24e9e27a9c3", "numVertices": 7741, "min": [-2.93179, 0.0, 0.362622]}
