{"max": [1.935, 0.7, 0.0], "centroid": [0.7499999999999998, 0.33348750000000016, -0.3185833333333331], "id": "4dbf616f15f8818ba3f600c356573d21", "numVertices": 120, "min": [-0.435, 0.0, -0.405]}
