{"max": [0.0184009, 0.799437, 0.0197308], "centroid": [-0.8268520010101085, 0.49418356666666696, -0.25033290294949434], "id": "f133d3165d54e5b227d635628fe95db0", "numVertices": 990, "min": [-1.6948, 0.0, -0.632311]}
