{"max": [1.00021, 0.0762, 1.76494], "centroid": [0.3924483964632054, -0.07182756997147718, 1.5061707472903723], "id": "ffad1499a8bb6c7c19fb4103277a6b93", "numVertices": 1753, "min": [-0.21899, -0.381, 1.25694]}
