{"max": [1.6764, 1.7272, 0.3556], "centroid": [0.8381997752808992, 1.0509606741573034, 0.187788764044944], "id": "5b2201c133876813f8333d818f5f80e1", "numVertices": 89, "min": [0.0, 0.0, 0.0]}
