{"max": [0.0, 0.899753, 0.731261], "centroid": [-0.8672449903038038, 0.5432199004524898, 0.40357336780866226], "id": "c8fa692760ba875848d791284650e46d", "numVertices": 1547, "min": [-1.74625, 0.0, 0.0]}
