{"max": [-1.35066, 0.837236, 2.18448], "centroid": [-2.259619774582202, 0.4931079401476902, 1.9093297473765847], "id": "59cb1f3c7476a5712056b4bd5d870b47", "numVertices": 5146, "min": [-3.18104, 0.0, 1.54822]}
