{"max": [0.06985, 1.524, 0.34925], "centroid": [-0.9764712829966317, 0.8496480966329972, -0.35346402843434443], "id": "79a8b5fdd40e1b1d20768660cf080d12", "numVertices": 2376, "min": [-1.17081, 0.0, -0.564581]}
