{"max": [1.55509, 0.7366, 2.41513], "centroid": [1.1247040965797936, 0.4520562054542735, 1.8632815202651465], "id": "ab072b1506cbfd921b7554913e3d38e6", "numVertices": 6637, "min": [0.694306, 0.0, 1.81458]}
