{"max": [0.045, 1.8, 0.0], "centroid": [-0.1777952591405687, 0.8816373175528058, -0.44446105899489896], "id": "8ee0fd1d620ac1ea974523dbdd88cc4e", "numVertices": 1373, "min": [-0.55, 0.0, -0.478934]}
