{"max": [0.0254, 2.46221, 0.0254], "centroid": [-0.3811411090491789, 1.6168088754098289, -0.32342515540983574], "id": "d4fe9416de5e2a95b022c94235bc8601", "numVertices": 3050, "min": [-0.7874, 1.524, -0.33655]}
