{"max": [1.8034, 0.770949, 0.648361], "centroid": [0.9025662705019981, 0.3932678609437785, 0.31818514056224984], "id": "bf7342b225f836a9d2b12aa6a0f050b3", "numVertices": 3984, "min": [0.0, -0.0880177, -0.0142519]}
