{"max": [1.8288, 0.811638, 0.53975], "centroid": [0.9149030875538839, 0.4114993727544593, 0.4165616422249029], "id": "25d1aa23abd04998d4d8765e3910f617", "numVertices": 3566, "min": [0.0, 0.0, -0.0100324]}
