{"max": [1.74784, 0.653061, 0.65923], "centroid": [0.890094936083454, 0.38874878812198227, 0.353538056292133], "id": "cb81ce8d2558935881faebbdea6bd9be", "numVertices": 6230, "min": [0.0333375, 0.0, 0.0478455]}
