{"max": [0.0, 0.8763, 8.9407e-08], "centroid": [-0.23239320014337, 0.5740047060931882, -0.4498058101630973], "id": "902a342783278a9d824662341ce2b233", "numVertices": 1116, "min": [-0.4572, 0.0, -0.511175]}
