{"max": [4.91114, 0.7112, 0.05715], "centroid": [3.846290107296142, 0.33543539914163073, -0.1541987124463523], "id": "7b21980987b63b953e329950ec40f6dd", "numVertices": 466, "min": [2.77436, 0.0, -0.38735]}
