{"max": [-0.00615747, 0.455057, 0.0655444], "centroid": [-0.3711401486063478, 0.44253756731120436, -0.08910725194855902], "id": "c52f48c97868b7dfea8a406c7edcf3b4", "numVertices": 2741, "min": [-1.13443, 0.0, -0.376812]}
