{"max": [0.1778, 0.45847, 0.304299], "centroid": [-0.5567108225108234, 0.3604106060606052, 0.08834101158441587], "id": "83e7c29954256530e2c4291819b46f29", "numVertices": 231, "min": [-1.2954, 0.0, -0.127501]}
