{"max": [0.0, 0.85, 0.45], "centroid": [-0.5795542380855405, 0.10721751174541738, 0.21455861545552665], "id": "6b984c6b1e49d9dc59f8e31ca87c470e", "numVertices": 1473, "min": [-1.0, 0.0, 0.0]}
