{"max": [-0.0632955, 0.41375, 1.55798], "centroid": [-0.5201927500000013, 0.2461277944776119, 1.392515470149257], "id": "c6885d073919e897de9de6d8a1c444be", "numVertices": 1340, "min": [-0.977695, 0.0, 1.22778]}
