{"max": [0.0, 0.811053, 0.175952], "centroid": [-0.9737957710857122, 0.4434316476190489, -0.13717897360000014], "id": "c2e0cc96c3ae97932997d70e9237dd6b", "numVertices": 525, "min": [-1.93675, 0.0, -0.420687]}
