{"max": [0.217952, 1.26713, 1.682], "centroid": [-1.4963621045161288, 0.8187908593548388, 1.284456070967741], "id": "e18d11ff6f781d843d2dd82a57bb3bd7", "numVertices": 155, "min": [-3.27452, -0.00995485, 0.846421]}
