{"max": [0.0254, 1.97486, 0.5588], "centroid": [-0.4628881361111107, 1.1292137833333327, 0.025203150000000087], "id": "13dbeeacdabce3b694658a0201ba0367", "numVertices": 360, "min": [-0.9525, 0.0, -0.0254]}
