{"max": [-2.43448, 1.44621, 0.951132], "centroid": [-3.610268125000001, 0.42086516666666673, 0.210217375], "id": "f57c2037fdae635b29a9b1ca9709749e", "numVertices": 48, "min": [-4.93759, 0.0, -0.662832]}
