{"max": [0.0, 0.815221, 0.653952], "centroid": [-1.0545678327363193, 0.21613425701492558, 0.2933543651243784], "id": "62ec527e6093cd007a9af08d0375df56", "numVertices": 402, "min": [-2.10998, 0.0, 0.0]}
