{"max": [-3.00258, 2.394, 0.630453], "centroid": [-4.115132405797106, 1.0071262086956507, 0.197567383767242], "id": "906d4fb94d86c4f0f0c255b2dfb0a92a", "numVertices": 345, "min": [-5.37258, -0.016, -0.02]}
