{"max": [0.762, 1.19209e-07, 0.0], "centroid": [0.3823778066914488, -0.6472600297792365, -0.2716591784386618], "id": "d7fe270a81b0f21c3fe047712e43e185", "numVertices": 269, "min": [0.0, -0.9144, -0.365126]}
