{"max": [-0.0936625, 0.851358, -0.101601], "centroid": [-0.9953689036511203, 0.3710992188640973, -0.4014313062880321], "id": "6d08f3c059e674dfcb2a965e75be701c", "numVertices": 986, "min": [-1.89706, 0.0, -0.735055]}
