{"max": [0.2159, 0.83632, 0.00304886], "centroid": [-0.6635636062197847, 0.4932593166012409, -0.2431300117494831], "id": "3f49fe14826172dff155d75bbf62b80", "numVertices": 7744, "min": [-1.5621, 0.0, -0.609634]}
