{"max": [-0.127416, 0.870508, -0.114055], "centroid": [-1.0795012752057294, 0.46936588654320904, -0.4547107270233203], "id": "78585e161ee3e39acb2a965e75be701c", "numVertices": 5832, "min": [-2.0316, 0.0, -0.75565]}
