{"max": [0.0, 2.0, 0.5241], "centroid": [-0.5047788548387091, 0.6082142258064515, 0.13499215806451623], "id": "2a22566c3bad34a7d0b36851d61b6fca", "numVertices": 124, "min": [-1.05, 0.0, 0.0141]}
