{"max": [-0.950868, 0.7239, 0.269875], "centroid": [-1.4067592185430466, 0.35690203973509954, 0.04623412185430467], "id": "d6724f5b2761dd49ffd5817f210f277d", "numVertices": 151, "min": [-1.85892, 0.0, -0.028575]}
