{"max": [-1.20288, 0.889, 2.2303], "centroid": [-2.0138486520376166, 0.5356792319749216, 2.1045606583072063], "id": "f3db005b33b9f8916cd47ea628d8cef0", "numVertices": 638, "min": [-2.80943, 0.0, 1.6334]}
