{"max": [0.0, 0.97, 0.45], "centroid": [-0.6099999989177461, 0.5629545497835574, 0.02562018160173203], "id": "7227b96bff4e94a86f9e9f74beb7c348", "numVertices": 7392, "min": [-1.22, 0.0, 0.0]}
