{"max": [0.700384, 2.05, -0.067997], "centroid": [-0.29961663917525794, 0.7221649484536089, -0.58139906185567], "id": "c3755418f2df9369e7e684d25d4dcaf0", "numVertices": 194, "min": [-1.29962, 0.0, -0.707997]}
