{"max": [0.0, 0.8763, 8.9407e-08], "centroid": [-0.27237492702460875, 0.649896630872483, -0.40387144148102155], "id": "dfe503e6a4a86d4dc59350d819542ec7", "numVertices": 447, "min": [-0.5334, 0.0, -0.511175]}
