{"max": [0.00635, 0.893869, 0.0], "centroid": [-0.8740408285482876, 0.5706434113746957, -0.4122384972172781], "id": "d9479cb37b782ce5b714422ef873ad34", "numVertices": 4607, "min": [-1.75505, 0.0, -0.883733]}
