{"max": [-0.0560318, 0.804797, -0.0408716], "centroid": [-1.185437669128313, 0.5080422704602703, -0.4535876298155762], "id": "473655a56670e13dcb2a965e75be701c", "numVertices": 12688, "min": [-2.31576, 0.0, -0.867241]}
