{"max": [0.0, 11.3221, 4.3307], "centroid": [-5.212776274912236, 4.364128700242992, -0.30497768025925304], "id": "a46373d86967b3fce9aee4515d4383aa", "numVertices": 3703, "min": [-9.16881, 0.0, -0.434975]}
