{"max": [67.245, 45.2122, 188.571], "centroid": [51.208761333333406, 15.404859722222236, 176.11167111111152], "id": "7f416248bb57f1c0598f1102685df4cd", "numVertices": 900, "min": [32.6049, -9.03224, 172.582]}
