{"max": [-2.77014, 0.5, 2.64461], "centroid": [-3.87014, 0.25999999999999995, 2.4446100000000004], "id": "d8a1d270154b70e2aa1bf88d515bc6b2", "numVertices": 20, "min": [-4.97014, 0.0, 2.24461]}
