{"max": [0.0, 1.143, 0.0252512], "centroid": [-1.211384615384616, 0.6082718076923077, -0.1781387799230766], "id": "41120a43b6b7c93210399d5a44e67cb5", "numVertices": 156, "min": [-2.4384, 0.0254, -0.6096]}
