{"max": [0.667999, 0.795216, 0.395297], "centroid": [0.00021500210427860268, 0.43723396950124066, 0.14912533704306644], "id": "6daa439badf26355593ebeeedbff73b", "numVertices": 4277, "min": [-0.667999, 0.0, -0.395297]}
