{"max": [-1.08345, 0.852031, 2.62018], "centroid": [-2.3000063560174033, 0.4498093367750574, 2.290111759973185], "id": "aa7f8ad0e6108db92056b4bd5d870b47", "numVertices": 2983, "min": [-3.53455, 0.0, 1.9232]}
