{"max": [1.24877, 0.88511, 0.684939], "centroid": [0.6128675838164186, 0.5312698155797126, 0.4331216185990315], "id": "23672bcfaa06a86764ab399dbd3ef465", "numVertices": 1656, "min": [-0.01905, -0.00011618, 0.010735]}
