{"max": [1.3209, 0.66801, 0.0], "centroid": [0.6685415328124997, 0.415398640625, -0.28083867187500017], "id": "ef207b78de8277ec42fc59644ef58e22", "numVertices": 128, "min": [0.0, 0.0, -0.55245]}
