{"max": [0.0, 0.82, 0.56], "centroid": [-0.4574745762711865, 0.53090593220339, 0.11274406779661014], "id": "70ef5ad531624a24cb87a43f8f346ada", "numVertices": 118, "min": [-0.9, 0.0, -0.018]}
