{"max": [4.27539, 0.909761, -0.831445], "centroid": [2.7589880939597338, 0.5802954845637602, -0.9685861865771754], "id": "89f810f17284aceb85ef4356ea4ff622", "numVertices": 745, "min": [1.27539, 0.0, -1.36645]}
