{"max": [0.2032, 2.01069, 1.27337], "centroid": [0.18190106338028145, 1.0157357415090553, 0.6189081262575461], "id": "d998e75348902a511dff03f33a13aa77", "numVertices": 994, "min": [0.0, 0.0, 0.0]}
