{"max": [-0.003838, 2.02837, 1.0357], "centroid": [-0.6184397572831196, 1.3693446167712833, 0.40841061870271594], "id": "3649b02bd61a337321730ef9c9d28bd1", "numVertices": 6213, "min": [-1.40424, 0.0, -0.046699]}
