{"max": [0.0, 0.8763, 8.9407e-08], "centroid": [-0.2701107074576281, 0.6569924127118589, -0.4750118323000024], "id": "88a1a68c64ef85394da5feafe6f1c8fc", "numVertices": 3540, "min": [-0.5334, 0.0, -0.523081]}
