{"max": [1.905, 1.5748, 0.508], "centroid": [0.9848218514925341, 0.6108585641791046, 0.10463284358208953], "id": "a58e77d8a9b37e0280b9485fe431cb14", "numVertices": 268, "min": [0.0, 0.0, 0.0]}
