{"max": [-0.12224, 0.760466, -0.135909], "centroid": [-1.0334556334586462, 0.3918969343358396, -0.3650725720551359], "id": "665eb42db0c44bdc81faebbdea6bd9be", "numVertices": 1596, "min": [-1.94469, 0.0, -0.70899]}
