{"max": [0.0, 0.945974, 0.574152], "centroid": [-0.8908088909090855, 0.6175682654545465, 0.3865564346181826], "id": "9159af619d9125ecf4fb4dee5181bee", "numVertices": 550, "min": [-1.778, 0.0, -0.03175]}
