{"max": [0.0, 0.801877, -2.98023e-08], "centroid": [-1.2218589807074065, 0.3367291781017695, -0.30531044184330486], "id": "e28f8467945b5d526070f6b7b2547ecc", "numVertices": 1866, "min": [-2.4384, -0.175862, -0.640913]}
