{"max": [-1.5386, 1.18983, -1.56153], "centroid": [-3.0863853870967763, 0.156419154676531, -1.8347783870967755], "id": "c7a7a1254c5d98b8449f1c29830da6c6", "numVertices": 310, "min": [-4.63743, -0.165, -2.10253]}
