{"max": [0.0, 0.798724, 0.595435], "centroid": [-1.262565501757931, 0.4409606442378957, 0.3241504359894728], "id": "8e25c33aafaade0ad5067eac75a07f7", "numVertices": 1900, "min": [-2.5273, 0.0, 0.0]}
