{"max": [0.0, 0.43, 0.0], "centroid": [-0.3990635244444443, 0.06020643555555554, -0.17577777777777814], "id": "c52cc29136169ea014038d588fd1342f", "numVertices": 225, "min": [-0.795585, 0.0, -0.35]}
