{"max": [0.035, 0.862342, 0.785835], "centroid": [-0.8743981269811311, 0.5193080786043207, 0.42540470471698133], "id": "d074449720d6b421e44204a7bf1b3ed6", "numVertices": 212, "min": [-1.7844, -8.49366e-07, 0.044971]}
