{"max": [-1.05501, 0.673485, -0.199703], "centroid": [-1.4691087540983607, 0.3769751796721316, -0.4847784098360666], "id": "43552fecbd07876acac27d617fa518f5", "numVertices": 305, "min": [-2.05501, 0.0234846, -0.549703]}
