{"max": [-0.0687856, 1.1, 0.53977], "centroid": [-0.9740177341880326, 0.4618134700854694, 0.2986853444444441], "id": "275249a603cf7f6df064889421ac8911", "numVertices": 468, "min": [-1.90914, 0.0, 0.0695942]}
