{"max": [0.0, 2.42898, 0.782125], "centroid": [-0.49645476441265496, 0.775636663575775, 0.06220941641852804], "id": "a81a218a06fa2cbabc78261b35f7ff55", "numVertices": 2792, "min": [-0.966275, -6.70552e-08, 0.0]}
