{"max": [0.0, 0.762, 0.0], "centroid": [-0.40759038597333425, 0.25554092786666743, -0.295889343999998], "id": "9dcc7002210e6660824662341ce2b233", "numVertices": 750, "min": [-0.762, 0.0, -0.358775]}
