{"max": [2.07503, 1.88686, -0.19147], "centroid": [1.4750316328502457, 0.9294827294685979, -0.6398698357487951], "id": "9304e9ad9853d1caf760390d600fe7fa", "numVertices": 414, "min": [0.875032, 0.016858, -0.69647]}
