{"max": [0.0075, 1.45, 0.00749999], "centroid": [-0.34958388699645193, 0.7500865832105333, -0.5313946998511154], "id": "648bdbefbe72c6e596d5fa1ee6ada8d1", "numVertices": 13842, "min": [-0.7075, 0.0, -0.5575]}
