{"max": [2.4384, 0.4445, 0.0381], "centroid": [1.2192, 0.29996190476190493, -0.14287500000000009], "id": "b71a0cca7ac86498430b7446f9e1252", "numVertices": 84, "min": [0.0, 0.0381, -0.32385]}
