{"max": [0.007, 0.838434, 0.0140009], "centroid": [-0.7172233221811497, 0.3955013868399336, -0.26748815394008757], "id": "f136c5515364f62ed98cca8f0ccd5f7", "numVertices": 3062, "min": [-1.44312, -0.003, -0.681]}
