{"max": [0.0, 0.4318, 0.45085], "centroid": [-0.7027112698818887, 0.40045000000000075, 0.21788120728346563], "id": "ba6348031c6f0a795213cec267286d18", "numVertices": 508, "min": [-1.40335, 0.0, 0.0]}
