{"max": [0.0, 0.623, 0.463066], "centroid": [-0.44893191301867924, 0.37134841731748464, 0.017901807396400547], "id": "4dcec5b89f1e9e4915dd7d7985e749c1", "numVertices": 5890, "min": [-0.9, 0.0, 0.0]}
