{"max": [1.26365, 0.665163, 0.03175], "centroid": [0.6159500720588236, 0.18419670588235196, -0.29210000000000025], "id": "366db933a2c99444f4fb4dee5181bee", "numVertices": 544, "min": [-0.03175, 0.0, -0.61595]}
