{"max": [0.0, 0.8255, -1.86265e-09], "centroid": [-0.23396586248484788, 0.5841123642424241, -0.6228738519345248], "id": "54ea003ba0d36f34da5feafe6f1c8fc", "numVertices": 4950, "min": [-0.4572, 0.0, -0.664369]}
