{"max": [0.0, 0.853106, 0.581785], "centroid": [-0.9844216565485879, 0.4253831605999998, 0.3225233462271171], "id": "8bcf6b5dc0c19e6cad5067eac75a07f7", "numVertices": 2338, "min": [-1.90675, -2.87528e-05, 0.0]}
