{"max": [0.0, 0.929378, 0.579811], "centroid": [-0.9143999696969692, 0.5046813666666663, 0.36154141316363664], "id": "152617f1e955e8baf4fb4dee5181bee", "numVertices": 330, "min": [-1.8288, 0.0, -0.000331292]}
