{"max": [0.0, 0.8763, 8.9407e-08], "centroid": [-0.5166868057795037, 0.5386926109762059, -0.46108080531424095], "id": "8a7f0dd58fbf14a4c59350d819542ec7", "numVertices": 2059, "min": [-0.9906, 0.0, -0.508]}
