{"max": [1.27e-07, 0.444609, 0.49486], "centroid": [-0.8551484279603848, 0.25602675259125246, 0.24833267756123487], "id": "1b78416210cbdcf1b184e775cf66758c", "numVertices": 939, "min": [-1.70244, -0.00251051, 0.0]}
