{"max": [0.00877739, 0.791885, 0.0207034], "centroid": [-1.30069689286936, 0.41578274955903377, -0.288098053696407], "id": "27267209ed320cd271cf429728b349ba", "numVertices": 4218, "min": [-2.61984, 0.0, -0.630513]}
