{"max": [0.0, 2.5641, 0.5577], "centroid": [-0.7762511679999995, 0.8446025919999994, 0.09841513260000008], "id": "4392ad03e7d769a6180dd1b6c5060a26", "numVertices": 100, "min": [-1.551, 0.0, 0.0]}
