{"max": [0.0, 2.595, 0.5], "centroid": [-0.6658377281338727, 0.7672621014198777, 0.22111967545638958], "id": "b6b378a05bf6982b70c33714b19283df", "numVertices": 493, "min": [-1.33, 0.0, 0.0]}
