{"max": [0.0379418, 0.773567, 0.538152], "centroid": [-0.9539288442849485, 0.5114560604425263, 0.2602811170642208], "id": "aa2571b8067d6d5383c4907a93b0fbc1", "numVertices": 1853, "min": [-1.94294, 0.0, -0.141921]}
