{"max": [1.0672, 0.458246, -0.00125473], "centroid": [0.5261622455659907, 0.4284092095924957, -0.2960377614609119], "id": "a064a3e9b537fd64818b16b10229b98", "numVertices": 7995, "min": [-0.0149413, -0.00129725, -0.52371]}
