{"max": [0.4572, 0.2794, 0.0], "centroid": [0.2228845337064222, 0.13678496119266045, -0.13853411100917432], "id": "b6b10e519fed3c9ea9d99888ae8a3eb5", "numVertices": 218, "min": [-0.401019, 0.0, -0.2794]}
