{"max": [0.0249365, 0.839229, -3.38359], "centroid": [-1.1993604463111027, 0.42987363452032695, -3.727955273881442], "id": "667305123da07968d2b12aa6a0f050b3", "numVertices": 19534, "min": [-2.42365, 0.0, -4.06233]}
