{"max": [0.00635, 0.484853, -0.152131], "centroid": [-0.8752410561350777, 0.4464888828364749, -0.4376751218390775], "id": "f200a8b5882be096d104df3d337858a6", "numVertices": 2610, "min": [-1.75505, 0.0, -0.723518]}
