{"max": [0.09525, 0.893792, 0.909419], "centroid": [-1.1385480580414469, 0.550255134148154, 0.3051480959308413], "id": "675f7c94f5422ebe9e4965f0106e00d9", "numVertices": 6709, "min": [-2.38125, 0.0, -0.61103]}
