{"max": [0.00650001, 1.2111, 0.3865], "centroid": [-0.24945572262384358, 0.579943691677278, 0.12849975575717557], "id": "a21e3a21401f889defacb264ebf1ec75", "numVertices": 4871, "min": [-0.5065, 0.0, -0.008]}
