{"max": [0.0, 0.784628, -0.251671], "centroid": [-0.8390795891173302, 0.4296080932853627, -0.5296015914569301], "id": "6a78bd21ec72d396f155d75bbf62b80", "numVertices": 5642, "min": [-1.778, 0.0, -0.852823]}
