{"max": [0.0607659, 0.85, 0.38], "centroid": [-0.3885941694789914, 0.2714790400000005, 0.1875158202016802], "id": "4eb789e7b91d1c7374fd54817454ba03", "numVertices": 595, "min": [-0.839234, 0.0, -0.02]}
