{"max": [0.022225, 0.366712, 0.479425], "centroid": [-0.4956525771700325, 0.16954854558858493, 0.09999162782401637], "id": "c0d2f9960e0db8957ed335507280450f", "numVertices": 1682, "min": [-0.987425, -0.03175, -0.022225]}
