{"max": [1.77853, 0.45239, 0.446734], "centroid": [0.8896970517796211, 0.3677937671695505, 0.19444904150865025], "id": "445230afd5a0eda8714b6900bef4d88b", "numVertices": 1445, "min": [-2.30502e-08, -0.00787519, 0.00868792]}
