{"max": [0.0, 2.1, 0.0], "centroid": [-1.1387238104265418, 0.9410220767772519, -0.27883835308056815], "id": "aa1077aff8bd9e44d8f27b2e727c3511", "numVertices": 844, "min": [-1.5, 0.0, -0.64]}
