{"max": [0.0, 3.10896, 0.0], "centroid": [-2.1226184085603146, 1.6883450632295718, -0.8130207996109052], "id": "cb9c0c90b5c6cc9c189d4f3a6cc879f7", "numVertices": 1028, "min": [-6.0689, 0.0, -0.913059]}
