{"max": [1.019, 0.898931, 0.457921], "centroid": [1.56186123042226e-16, 0.4935894451934354, 0.08682790134129911], "id": "a557114149ae934819420b7669e7265", "numVertices": 3412, "min": [-1.019, 0.0, -0.291581]}
