{"max": [0.0, 0.8, 0.44], "centroid": [-0.7296719870588227, 0.553140302352943, 0.05005591529411823], "id": "11224ef64e1702b412e0c474ff07001f", "numVertices": 850, "min": [-1.46, 0.0, 0.0]}
