{"max": [0.0, 0.780545, 0.0], "centroid": [-2.3593284620608417, 0.2787433691043731, -0.2525655846064134], "id": "d3a5134df6cd94e2e8db995f7899d418", "numVertices": 343, "min": [-4.6854, -0.000925068, -0.585493]}
