{"max": [0.0, 0.762, 0.0], "centroid": [-0.4943076656974778, 0.1757190774117648, -0.3119976000000003], "id": "2d13507d53d201cfc59350d819542ec7", "numVertices": 1190, "min": [-0.762, 0.0, -0.354013]}
