{"max": [0.0, 0.946333, 0.52705], "centroid": [-1.079499972222222, 0.46965108333333355, 0.3407083333333334], "id": "fce4206a99792d47cfb87ab5efe3dc31", "numVertices": 72, "min": [-2.159, 0.0, 0.0]}
