{"max": [1.68275, 3.23654, 0.0], "centroid": [0.8436410313311705, 1.8496309686147112, -0.6656247989177472], "id": "84ef04bae77ca17d532e8683617554c4", "numVertices": 1848, "min": [0.0, 0.0, -0.8128]}
