{"max": [0.0, 0.877416, -5.96046e-08], "centroid": [-0.6085362237776112, 0.5502234804810727, -0.3323720666793426], "id": "76efe392461139df80ac1d1d1048ad28", "numVertices": 5072, "min": [-1.21666, 0.0, -0.688659]}
