{"max": [3.56, 2.56, 0.0], "centroid": [1.6113818507992816, 1.3578450390763739, -0.4680968081705121], "id": "babe716e40b3aa81a54c1b71c072d546", "numVertices": 563, "min": [0.0, 0.0, -0.6]}
