{"max": [0.512393, 0.381, 1.57685], "centroid": [-0.35681526470588226, 0.2554941176470588, 1.3825482352941165], "id": "a06d35db2ddc85e29656036c096710ba", "numVertices": 136, "min": [-1.22131, 0.0, 1.18816]}
