{"max": [2.89021, 0.338635, -0.816663], "centroid": [1.9600699999999998, 0.20247539999999997, -0.9696468333333335], "id": "99e759db1e01bc3196ca2abd33a2baef", "numVertices": 24, "min": [1.06141, -0.0440389, -1.12234]}
