{"max": [0.0237868, 0.8, 0.597194], "centroid": [-0.8978577716514989, 0.5656279947984385, 0.3070119563068921], "id": "beece550c6a1bb1cef0add8da8532fa8", "numVertices": 769, "min": [-1.82621, 0.0, 0.017194]}
