{"max": [0.0, 0.726342, -4.47035e-08], "centroid": [-0.7493020000000004, 0.30245978726655504, -0.5644582322351748], "id": "4fb9527f357f37f99dac46bde4c69ef2", "numVertices": 80, "min": [-1.50014, 7.82311e-08, -0.969466]}
