{"max": [0.02, 1.96, 0.57], "centroid": [-0.900789255605377, 1.070231684304932, 0.03228526995515695], "id": "329f80229edd920a82ef94da039e491f", "numVertices": 1115, "min": [-1.82, 0.0, -0.02]}
