{"max": [1.84785, 0.7874, 0.01905], "centroid": [0.9395151340206175, 0.4100796510309275, -0.21240708680412393], "id": "f2bad48085f087dac95c21b3fa5ebf36", "numVertices": 388, "min": [-0.01905, 0.0, -0.47625]}
