{"max": [0.0, 0.8, 0.45], "centroid": [-0.9297097830750889, 0.45941145887962137, -0.015192980678401332], "id": "3e4d14a8716d2418999b33727fe6db14", "numVertices": 839, "min": [-1.6, 0.0, -0.19]}
