{"max": [0.0, 0.434547, 0.00384404], "centroid": [-1.216113808920951, 0.383535845294053, -0.26916385725018144], "id": "ca238683133f6a7f38f6614f37ed2984", "numVertices": 9573, "min": [-2.43688, 0.0, -0.556862]}
