{"max": [0.0, 0.889, 0.0201059], "centroid": [-0.8893305991988186, 0.6261058623234176, -0.12596779299936706], "id": "3f2d311ddc3b6c19d4d8765e3910f617", "numVertices": 4743, "min": [-1.778, 0.0, -0.6223]}
