{"max": [-0.115616, 1.63762, 1.23967], "centroid": [-1.3773266047453052, 0.6846123920089955, 0.617547704138082], "id": "80f9707a7e4a0cc856853064b332a2ae", "numVertices": 8893, "min": [-2.60813, -0.0167904, 0.0324825]}
