{"max": [1.19209e-07, 0.762, 0.0], "centroid": [-0.7507455246695165, 0.18846377861329577, -0.3073160593280914], "id": "3106e06eb594238c59350d819542ec7", "numVertices": 1399, "min": [-1.2192, 0.0, -0.34925]}
