{"max": [0.00778927, 0.803645, 2.45222], "centroid": [-1.9122707411827125, 0.4048814422396855, 1.5488577756738677], "id": "f7ffdf91b66c0c989c9513cebb0fb44c", "numVertices": 509, "min": [-3.12714, 0.0120281, -0.00138125]}
