{"max": [1.95862, 0.47625, 0.340417], "centroid": [0.9561313672419643, 0.26815321684433097, -0.03812489994568534], "id": "19aa04605b1b00d0ad5067eac75a07f7", "numVertices": 1182, "min": [-0.0188813, 0.0, -0.41496]}
