{"max": [1.40291, 0.829793, 0.622938], "centroid": [0.7013074634497584, 0.4697915730577114, 0.2659825475222869], "id": "66af742be9a0c722b93fc2b66c6b86b6", "numVertices": 15108, "min": [-0.000436651, 0.000436651, -0.030411]}
