{"max": [2.53365, 0.803169, 0.333849], "centroid": [1.266006027827797, 0.40295041361205014, 0.11205122385195687], "id": "2d1e8858446d1a32d2b12aa6a0f050b3", "numVertices": 6109, "min": [-0.00635, 0.0, -0.253652]}
