{"max": [0.340951, 1.74, 0.319854], "centroid": [-0.029845952849695934, 0.4848842446568203, 0.294610733275408], "id": "defde3dac0ce562361c0d25e41396e8c", "numVertices": 1151, "min": [-0.397049, 0.0, -0.190146]}
