{"max": [0.016, 1.17019, 0.0], "centroid": [-0.9109634551494986, 0.5133694689833898, -0.3975396862405325], "id": "c03e7f08edefc17a5b28ac1273e4dac5", "numVertices": 6020, "min": [-1.816, 0.0, -0.836076]}
