{"max": [-9.60672, 2.08327, 5.42717], "centroid": [-10.847149736286914, 1.0266352582278486, 5.17624700421927], "id": "7e881ebf38366c6b5c91aedc71c80652", "numVertices": 1896, "min": [-12.0067, 0.0832704, 5.09607]}
