{"max": [0.0103772, 0.548233, 0.00384404], "centroid": [-1.5222615718135202, 0.38331255953594473, -0.2703352417890392], "id": "ecef040a94ab9e59928f4521e8b299ce", "numVertices": 13102, "min": [-3.05719, 0.0, -0.556862]}
