{"max": [0.0, 0.776198, -0.104218], "centroid": [-0.9426461693256601, 0.4757743727490594, -0.42044597763323693], "id": "1b1cffcc9435c559f155d75bbf62b80", "numVertices": 17526, "min": [-1.88595, 0.0, -0.798962]}
