{"max": [0.3048, 0.790392, 0.575508], "centroid": [-0.908664836545877, 0.45038241249036254, 0.36898303619275213], "id": "522f8c069a76c21fad5067eac75a07f7", "numVertices": 1297, "min": [-2.1336, 0.0, 0.0]}
