{"max": [0.0, 0.756347, 0.0], "centroid": [-0.9845368992522145, 0.532964538656528, -0.2911046222813687], "id": "27eb79ddf26fd7ac7898580cb9d16864", "numVertices": 789, "min": [-1.9812, 0.0, -0.644026]}
