{"max": [1.2, 0.922784, 0.594506], "centroid": [0.0005711764705879058, 0.5034486053921565, 0.3720776919482872], "id": "53f19d1ab0828e3fcd3af3995946ed40", "numVertices": 816, "min": [-1.2, 0.0, 7.45058e-09]}
