{"max": [0.944739, 0.769938, 0.893919], "centroid": [0.00011348381847470599, 0.34839117707066936, 0.0002727716859917421], "id": "748e447a5f7a698df155d75bbf62b80", "numVertices": 25429, "min": [-0.949329, -0.000158293, -0.949234]}
