{"max": [1.39758, 1.4351, 0.599509], "centroid": [0.02916427569343111, 0.8891087919708117, 0.020837961313868433], "id": "7229a4c3b3146f74d838ae16242881dc", "numVertices": 1096, "min": [-1.32022, 0.0, -0.352991]}
