{"max": [-0.800055, 4.4831, 9.38763], "centroid": [-5.782867661137457, 1.8248990710900332, 6.405753981042645], "id": "a640e7214f7c5393a5b7c9f0974d595e", "numVertices": 422, "min": [-10.7788, 0.0, 4.6184]}
