{"max": [0.0184009, 0.868401, 0.0184009], "centroid": [-0.8800146525586869, 0.5820576452464814, -0.1995411950983868], "id": "1bace34d2c1dc49b3b5ee89f1f802f5a", "numVertices": 3408, "min": [-1.6948, 0.0, -0.600838]}
