{"max": [0.0, 1.0287, 0.6096], "centroid": [-0.7537492596244154, 0.599262577464792, 0.17365229596244147], "id": "134055516ed892913ba1c51b82b58419", "numVertices": 852, "min": [-1.2192, 0.0, -0.009525]}
