{"max": [12.6537, 22.1742, 34.6732], "centroid": [-1.244689810194431, 9.720811897356862, 6.352708537664228], "id": "fc3bb2eda6e061e9b50d0c6a0c254040", "numVertices": 3806, "min": [-14.3461, -7.6127, -0.0016113]}
