{"max": [0.0870399, 0.492125, 0.462023], "centroid": [-0.8885779768065196, 0.39858149570524504, 0.2367398755650962], "id": "2d1dda55020a0c4bad5067eac75a07f7", "numVertices": 4424, "min": [-1.83482, -0.022225, 0.01143]}
