{"max": [0.00304655, 0.88511, 2.98023e-08], "centroid": [-0.32812321770212777, 0.5240048608085095, -0.26602474374297364], "id": "323f0787810ef9a285a030bdc6cb9884", "numVertices": 940, "min": [-0.656624, 0.0, -0.668887]}
