{"max": [1.73831, 0.653061, 0.663069], "centroid": [0.8806717398957868, 0.3956765719369527, 0.35671320953228225], "id": "1348e440934494f581faebbdea6bd9be", "numVertices": 7868, "min": [0.0238125, 0.0, 0.0503558]}
