{"max": [0.0157352, 0.799574, 0.0], "centroid": [-0.5995412902442302, 0.0737242764500497, -0.1805250917491762], "id": "a65df9374a1492d7fff2ea4466fc1c5e", "numVertices": 3030, "min": [-1.2125, -0.062992, -0.3625]}
