{"max": [1.72634, 0.773957, 0.304321], "centroid": [0.5072181495723083, 0.3995943572317233, -0.03231597484447893], "id": "3a85b1fd831c15bbd2b12aa6a0f050b3", "numVertices": 5144, "min": [-0.712055, -0.084309, -0.362861]}
