{"max": [59.4326, 9.43981, 24.5354], "centroid": [30.26998472440949, 4.850210944881885, 11.175658629921255], "id": "ecd56b7b86c4d94ad1f278e1513f3b7", "numVertices": 127, "min": [0.0, 0.0, 0.0]}
