{"max": [2.53295, 0.873125, 0.254], "centroid": [2.263956403644795, 0.451314674098485, 0.041479463640325245], "id": "227d258c1045acbe9e4965f0106e00d9", "numVertices": 5158, "min": [1.9946, 0.111125, -0.0142408]}
