{"max": [-0.0833437, 0.77532, -0.0541704], "centroid": [-0.9850568365566033, 0.3686584337924523, -0.3399671919811324], "id": "7a89313a148bf1bfcb2a965e75be701c", "numVertices": 848, "min": [-1.88674, 0.000721484, -0.614363]}
