{"max": [-5.92952, 1.47054, 1.00437], "centroid": [-6.464066694560668, 0.8682160133891204, 0.5438133765690297], "id": "c7165635f2288945585ed17f54616d23", "numVertices": 956, "min": [-6.99632, 0.023584, 0.521771]}
