{"max": [0.0, 0.885, -0.0007], "centroid": [-0.7861177255342983, 0.5174224549969466, -0.4436061846926619], "id": "49b69d5e4330ae2457b1c0b6d5084bcf", "numVertices": 9794, "min": [-1.54, 0.0, -0.4853]}
