{"max": [-0.044695, 0.790149, 0.592606], "centroid": [-1.2616814581589997, 0.40838626726359956, 0.3730888052301248], "id": "b5b52ba71f6c3c67ad5067eac75a07f7", "numVertices": 956, "min": [-2.48309, 0.000540639, 0.0283796]}
