{"max": [-0.719939, 0.817084, 1.45324], "centroid": [-1.9576883955375217, 0.19877043051074972, 1.226282693711969], "id": "778ad8517a34927d2056b4bd5d870b47", "numVertices": 493, "min": [-3.18301, 6.6294e-06, 0.911682]}
