{"max": [0.0, 0.480735, 0.495467], "centroid": [-0.8674791637108408, 0.25931036742168745, 0.24816083340963893], "id": "e8480e72fb656057656a19d1d18fdbac", "numVertices": 830, "min": [-1.73177, 0.0, 0.0]}
