{"max": [0.0, 1.9304, 1.3208], "centroid": [-4.49553787699114, 1.4587767079646028, 0.6309794955752196], "id": "8893daaecc8c76048e53587ea99de59c", "numVertices": 339, "min": [-9.3472, 0.0, 0.0]}
