{"max": [-0.567547, 0.911062, -0.286144], "centroid": [-1.5767291944444435, 0.1367720736111112, -0.7023556458333331], "id": "781eb96c0a6ef0b48a51001eb8d95d32", "numVertices": 288, "min": [-2.56755, -0.0148767, -1.02453]}
