{"max": [0.0, 2.33628, 0.65], "centroid": [-0.49868278167574825, 1.2023384708446827, 0.07464230208446945], "id": "d30e98009559150df27756ab62184cd0", "numVertices": 1468, "min": [-1.0, 0.0, -0.134914]}
