{"max": [1.44998, 0.410045, 0.0], "centroid": [0.7186757804019147, 0.34205998564593315, -0.26337197666985634], "id": "981fb231709d4d2cfebad4f49b26ec52", "numVertices": 418, "min": [0.0, 0.0, -0.52]}
