{"max": [0.0, 0.900565, 0.569915], "centroid": [-1.2995250444189543, 0.3643799659021418, 0.30192994204893286], "id": "2edcb17b897706cf71a782a4379556c7", "numVertices": 13080, "min": [-2.6, 0.0, 0.0]}
