{"max": [0.0, 0.8763, 0.0], "centroid": [-0.3136451108325672, 0.5319908919043241, -0.5950715690960902], "id": "1566915c8a69d58812de5317fe5b354f", "numVertices": 2174, "min": [-0.6096, 0.0, -0.647426]}
