{"max": [1.57956, 0.76835, 0.50165], "centroid": [0.792488931707318, 0.49262357073170754, 0.38768129268292617], "id": "879c6614916fb6907812c3baf25c5bb", "numVertices": 205, "min": [0.0, -0.0015875, 0.0]}
