{"max": [0.0, 1.81308, 0.0], "centroid": [-0.39654685299145226, 1.248037567378917, -0.52544381054131], "id": "62d67406fb239e21533276a8c0b1c862", "numVertices": 702, "min": [-0.79375, 0.0, -0.722795]}
