{"max": [0.0800743, 0.774394, 0.583887], "centroid": [-1.1326765839358033, 0.32445657866624583, 0.3160439129354107], "id": "7ecd49fc95f8eafaf4fb4dee5181bee", "numVertices": 12806, "min": [-2.34543, 0.0, -0.00666272]}
