{"max": [0.403225, 0.905275, 0.973878], "centroid": [-0.8931781305795853, 0.42591726790853435, 0.5109878376285553], "id": "6b2caf6470d3dcb58ccde000e771fc1a", "numVertices": 61836, "min": [-2.39797, -0.0255616, -0.00642023]}
