{"max": [0.0, 0.945974, 0.574152], "centroid": [-1.170257606973056, 0.6259874992076094, 0.404254797210779], "id": "ced678ceab87f6b6f4fb4dee5181bee", "numVertices": 631, "min": [-2.3368, 0.0, -0.03175]}
