{"max": [5.26865, 1.29, -1.3361], "centroid": [3.484226382978726, 0.7152863829787235, -1.7042123404255314], "id": "4a9a7e5b88cc4b79b985467c63dd34d8", "numVertices": 94, "min": [1.68865, 0.0, -2.1461]}
