{"max": [0.0381, 0.812773, 0.0927479], "centroid": [-0.9164992663551403, 0.44639523208722703, -0.07139121694392539], "id": "da39c2c025a9bd469200298427982555", "numVertices": 642, "min": [-1.8669, 0.0, -0.4572]}
