{"max": [4.8675, 1.8061, 0.0191063], "centroid": [3.054081283783784, 1.2478912810810803, -1.019248843243243], "id": "4aa87768e4e9c7639f7aad887e9e880f", "numVertices": 74, "min": [-1.68794, -0.116365, -2.11926]}
