{"max": [3.83309, 0.438, 0.642486], "centroid": [1.8330848168711542, 0.3252515322786123, 0.23248600888956983], "id": "71ab9fd8db7ee09a59cbde03ded257fd", "numVertices": 2608, "min": [-0.166918, -5.58794e-09, -0.177514]}
