{"max": [0.005, 1.4, 0.4], "centroid": [-0.45123881426356577, 0.8631769069767447, 0.07632376795865671], "id": "26979d498a0425b6f51f77a6d7299806", "numVertices": 387, "min": [-0.905, 0.0, -0.005]}
