{"max": [0.00373461, 0.796608, -0.00233984], "centroid": [-0.9224471592826605, 0.4755169579208909, -0.32285227702370595], "id": "b3548e858e4fa7e0ff3245f22be4d221", "numVertices": 7086, "min": [-1.84911, -0.00970905, -0.649273]}
