{"max": [0.0, 0.434547, 0.00384404], "centroid": [-0.605570752539393, 0.3668071811325145, -0.27008907235415264], "id": "6798771442c7d473f336cb889fb7c819", "numVertices": 5139, "min": [-1.21666, 0.0, -0.556862]}
