{"max": [0.0, 0.426159, -0.14843], "centroid": [-0.9462300002880798, 0.3345688880890749, -0.4294345067354899], "id": "4647754b7c5b31cccb2a965e75be701c", "numVertices": 7943, "min": [-1.8923, 0.0, -0.710406]}
