{"max": [2.98023e-08, 0.810411, 0.0], "centroid": [-0.7503497998807176, 0.5321589165986121, -0.3463454624975439], "id": "3d92cb6fe0abdf9c4ab121f03cb11a77", "numVertices": 4068, "min": [-1.4986, -0.00871348, -0.76377]}
