{"max": [0.0, 0.0, 0.0], "centroid": [-0.5885373553748209, -0.31354376638909665, -0.3163859777227689], "id": "636ca387c40fa8adc59350d819542ec7", "numVertices": 2828, "min": [-0.8382, -0.5969, -0.3556]}
