{"max": [1.83833, 0.787794, 0.00338463], "centroid": [0.9207103352192769, 0.33664454576730213, -0.2752310157533811], "id": "33458d73568cfb62d201085e80edb26a", "numVertices": 5174, "min": [-0.015875, 0.0, -0.552506]}
