{"max": [0.0, 1.4732, 0.9144], "centroid": [-1.0668, 0.4374444444444443, 0.4741333333333334], "id": "8967e65c1541d1874aa7f42ef07f614e", "numVertices": 36, "min": [-2.1336, 0.0, 0.0]}
