{"max": [0.0, 1.075, 0.63], "centroid": [-0.9000001118009785, 0.5677876759259258, 0.3743716574074075], "id": "644043e43b18d2fb4ae9e8fe36a5d4d7", "numVertices": 216, "min": [-1.8, 0.0, 0.0]}
