{"max": [-14.0227, 0.762, -17.0153], "centroid": [-15.204461538461523, 0.41067961990950197, -17.367580995475073], "id": "9eada38b3a65963e30bbd4cddd04c77b", "numVertices": 221, "min": [-15.8515, 0.0, -17.5741]}
