{"max": [0.0, 0.0, 0.0], "centroid": [-0.5134993626373633, -0.3436815624635603, -0.21974279120879123], "id": "9d75f1513c57e433c8f56fd282ce5ea1", "numVertices": 182, "min": [-0.8382, -0.5969, -0.34564]}
