{"max": [0.0, 0.3937, 0.0], "centroid": [-0.7681951219512194, 0.29976313821138206, -0.1905000116406503], "id": "6a3bc6b44ba974b69c0c9824ccd078be", "numVertices": 984, "min": [-1.524, 0.0, -0.381]}
