{"max": [-0.476397, 0.524003, 1.19673], "centroid": [-1.2664727587719322, 0.1966529245614039, 0.941736745614034], "id": "8d1f361eb7a927d8907921e9162f6a43", "numVertices": 228, "min": [-1.81294, 0.0, 0.687843]}
