{"max": [0.0, 0.725919, 0.0755199], "centroid": [-1.2192000836820092, 0.4443835397489536, -0.24539347594921618], "id": "1809f6221774f1b62d309335a9a8acb8", "numVertices": 478, "min": [-2.4384, 0.153026, -0.581124]}
