{"max": [0.0, 0.839922, -0.0103162], "centroid": [-0.8301223445722217, 0.5076372479750503, -0.3279071623075426], "id": "4c26d27e41726d87f359d99f906f117a", "numVertices": 5131, "min": [-1.778, -0.00738632, -0.599267]}
