{"max": [1.61303, 2.00415, 0.673032], "centroid": [0.10625295540373965, 1.0028000753107658, 0.46714892105515105], "id": "1d7b04fd768eccb5f838a2212356e267", "numVertices": 21078, "min": [-1.38697, 0.00324668, 0.263032]}
