{"max": [1.91333, 0.418056, 0.471702], "centroid": [0.9519496971753452, 0.31876055734938974, 0.21334233260289975], "id": "1ef8c3cabd16f7cbf155d75bbf62b80", "numVertices": 33051, "min": [-0.000396875, 0.0, -0.0399462]}
