{"max": [0.0, 0.9779, 0.0], "centroid": [-0.7680395701123583, 0.45099617977527934, -0.16559348674157306], "id": "95cbcdc64b28bbf396f61afd58e50ae2", "numVertices": 445, "min": [-1.524, 0.0, -0.4445]}
