{"max": [0.0, 0.700519, 0.00643319], "centroid": [-0.9143999999999967, 0.30832071169680336, -0.2484398664468614], "id": "b788370bde4ecd578a333b44b8649ff", "numVertices": 438, "min": [-1.8288, 0.0, -0.581124]}
