{"max": [0.04, 1.94, 0.655], "centroid": [-0.5004213820263899, 0.8073658027801909, 0.08921412895948999], "id": "bb5c331b32e39d0d3ec45bd2bc895504", "numVertices": 2302, "min": [-1.04, -0.05, -0.04]}
