{"max": [0.0, 1.15252, 0.476614], "centroid": [-1.2455660750315232, 0.5904562860491779, 0.11723237105926831], "id": "15d7f54338bcca35e82e35fa57516a45", "numVertices": 3172, "min": [-2.54354, 0.0, 0.0]}
