{"max": [2.54e-08, 0.810411, 0.0], "centroid": [-0.9532069574745423, 0.5471383267693534, -0.388361901597081], "id": "9d7a51641609efeb54db38a439aab3c3", "numVertices": 2467, "min": [-1.91222, -0.00871336, -0.771291]}
