{"max": [0.0, 0.853106, 0.581785], "centroid": [-0.982810151261397, 0.42864492193138726, 0.31946591325182516], "id": "f21333a7141e7fbdad5067eac75a07f7", "numVertices": 2466, "min": [-1.90675, -2.87528e-05, 0.0]}
