{"max": [0.0, 0.8128, 0.1016], "centroid": [-0.8940922900531553, 0.5533654426727379, -0.10521508908139708], "id": "ab1614b56ea09479d4d8765e3910f617", "numVertices": 1317, "min": [-1.778, 0.0, -0.5207]}
