{"max": [0.0, 2.04, 0.0], "centroid": [-0.6799999999999999, 0.7989442264150953, -1.0050943396226404], "id": "91b2bed2f4b87e615164a043915ac8c4", "numVertices": 212, "min": [-1.36, 0.0, -1.07]}
