{"max": [0.0, 0.93923, 0.739001], "centroid": [-1.05600216107843, 0.42182735294117596, 0.3696931913725488], "id": "5cbffd78e4cefc3038330212e10bdbc0", "numVertices": 510, "min": [-2.112, 0.0, 0.0]}
