{"max": [0.00877739, 0.791885, 0.0207034], "centroid": [-1.3010239978128442, 0.4282520180779462, -0.2930498034077619], "id": "238825520fbdda8e6a4265f8860b466f", "numVertices": 4516, "min": [-2.61984, 0.0, -0.630513]}
