{"max": [0.0169592, 1.3843, 0.0169592], "centroid": [-0.22885567424242395, 0.7766430106060603, -0.27754791363636344], "id": "39f7a4eb09dd695d46dbdd6b5b884b3a", "numVertices": 264, "min": [-0.474159, 0.0, -0.315409]}
