{"max": [0.798022, 1.11125, 0.280571], "centroid": [0.14350670764793194, 0.5835682470837783, -0.28495186150583246], "id": "68d23effdc37ff8ab59213b4b43189c1", "numVertices": 2829, "min": [-0.77398, 0.0, -0.738759]}
