{"max": [-2.01391, 0.967975, 2.52974], "centroid": [-3.2357493821138377, 0.6160874643121975, 2.3820176032520424], "id": "702428ed9e72d74456f6fc4b4ce1db04", "numVertices": 3075, "min": [-4.45341, 0.0, 1.88938]}
