{"max": [0.076471, 0.812415, -0.0531397], "centroid": [-0.8579067255088347, 0.32944731833233004, -0.41579125927124955], "id": "4769720a332fd899d2b12aa6a0f050b3", "numVertices": 31204, "min": [-1.79268, -0.0259483, -0.76922]}
