{"max": [0.00254, 1.74904, 0.0], "centroid": [-0.835682180386098, 0.36786214772200715, -0.34833108880308744], "id": "6336b5516cc8bd50635469b95109803c", "numVertices": 1295, "min": [-1.65354, 0.0, -0.38862]}
