{"max": [2.5, 0.4, 0.5], "centroid": [1.1381818181818182, 0.18727272727272729, 0.25], "id": "3d470843f013f9d8c9fd4914d3d18461", "numVertices": 22, "min": [0.0, 0.0, 0.0]}
