{"max": [0.0664546, 0.964738, 0.111388], "centroid": [-1.9101831491163483, 0.7659728430957469, -0.11588525411604363], "id": "1998e800a95bfd18edd7d0866499ad97", "numVertices": 10298, "min": [-2.13827, -0.0131623, -0.868405]}
