{"max": [0.0, 1.90341, 0.0], "centroid": [-0.2282257052631576, 1.0469051495215282, -0.362455812918659], "id": "ba17ef05393844dfcb7105765410e2d6", "numVertices": 836, "min": [-0.4572, 0.0, -0.48895]}
