{"max": [0.0762, 0.803928, 0.345581], "centroid": [-0.5714999999999979, 0.4478737310924362, 0.07107756596638652], "id": "b3c8573a2d8b0a14c347936f40ef6857", "numVertices": 476, "min": [-1.2192, 0.0, -0.270089]}
