{"max": [1.24732, 0.88511, 0.684939], "centroid": [0.6128283243842296, 0.5409622727832539, 0.4350739416256136], "id": "c3531b822720720bf27f378f9a625c3", "numVertices": 1624, "min": [-0.0177463, 0.0, 0.0184298]}
