{"max": [1.6383, 0.4572, -0.27305], "centroid": [0.8508999999999999, 0.2839689024390247, -0.4561158536585369], "id": "6d4fad5487a044249dc30bab479ad5d4", "numVertices": 164, "min": [0.0635, 0.0, -0.64135]}
