{"max": [0.0, 0.899753, 0.72981], "centroid": [-0.8671758517033976, 0.5412891449565814, 0.41342150754843043], "id": "a6c3eea17a4b455d75b557dd77720f6d", "numVertices": 1497, "min": [-1.74625, 0.0, 0.0]}
