{"max": [-0.24384, 0.762, 0.0], "centroid": [-1.0090564053030264, 0.41229780164747465, -0.9485391906565654], "id": "8c6057a5258539fef155d75bbf62b80", "numVertices": 792, "min": [-1.83928, 4.96062e-05, -1.98438]}
