{"max": [-64.1253, 21.5902, 45.724], "centroid": [-86.91917351280813, 11.799471945662301, 36.892990809088595], "id": "8afe9533153bb82b157f5033576317e1", "numVertices": 6909, "min": [-109.845, 0.000176378, 26.5764]}
