{"max": [0.3048, 0.790392, 0.575508], "centroid": [-0.9094376648612077, 0.4539498720379155, 0.35422057761814507], "id": "ebf5b387f119c51cad5067eac75a07f7", "numVertices": 1477, "min": [-2.1336, 0.0, 0.0]}
