{"max": [0.0, 0.792255, 0.483661], "centroid": [-0.5970414201183436, 0.33535481420118335, 0.31710376071005925], "id": "715e78fa6ac13a5ba5d322186fc10e9d", "numVertices": 169, "min": [-1.2, 0.0, 0.0]}
