{"max": [0.0, 0.8763, 0.0], "centroid": [-0.275584916666667, 0.5157243634259276, -0.4813220185530124], "id": "57dc5950f0a7304d4da5feafe6f1c8fc", "numVertices": 432, "min": [-0.5334, 0.0, -0.669925]}
