{"max": [1.90008, 0.628436, 0.51435], "centroid": [0.9471206726301387, 0.5025520317702238, 0.2570201742672915], "id": "9c8aba47e37b1eff155d75bbf62b80", "numVertices": 3412, "min": [0.000270459, 0.0214313, 0.0]}
