{"max": [-1.96003, 0.85, -5.70318], "centroid": [-2.9643778260869564, 0.5043478260869566, -5.880353913043475], "id": "2f0cd28e2f8cdac16121178eafd002fd", "numVertices": 46, "min": [-4.06003, 0.0, -6.10318]}
