{"max": [4.13197, 1.9848, -0.630417], "centroid": [2.2565880701126737, 0.6911233103201582, -0.7807321067787645], "id": "443a726ba9fa8d04d99265061a435799", "numVertices": 5591, "min": [1.63557, 0.0, -1.08692]}
