{"max": [0.0, 0.8763, 8.9407e-08], "centroid": [-0.31981374579439326, 0.5148446018691597, -0.3783742563402197], "id": "bbdaeb32d4229d70c59350d819542ec7", "numVertices": 535, "min": [-0.6096, 0.0, -0.517559]}
