{"max": [0.0, 0.8763, 0.0], "centroid": [-0.2762611698841702, 0.5453889710424716, -0.50412695369672], "id": "467b66a6ed7b3cd24da5feafe6f1c8fc", "numVertices": 518, "min": [-0.5334, 0.0, -0.669925]}
