{"max": [1.3208, 0.0274514, -1.10138], "centroid": [0.6349522039325844, -0.33857028089887564, -1.3277610674157294], "id": "4273dca1b0184024b722a94c1cd50b0", "numVertices": 356, "min": [-0.0508, -0.823139, -1.64053]}
