{"max": [0.0, 0.0, 0.0], "centroid": [-0.29809476043258265, -0.800790949682462, -0.3257670543028091], "id": "9623560560cb59a3d37a1bae74ee50a2", "numVertices": 2173, "min": [-0.381, -0.9906, -0.352813]}
