{"max": [-1.505, 1.8796, 1.5955], "centroid": [-1.8078244370860916, 1.2977391390728472, 1.371441721854303], "id": "a5f28af83eb1dfbc3ffd072b23bde58", "numVertices": 151, "min": [-2.1146, 0.0, 1.2907]}
