{"max": [0.0, 0.8763, 0.0], "centroid": [-0.13640957575757579, 0.5094371272727273, -0.4342854425145527], "id": "2862558059dd584c59350d819542ec7", "numVertices": 165, "min": [-0.2286, 0.0, -0.669925]}
