{"max": [0.0, 0.79, 0.0], "centroid": [-0.9375971152766823, 0.40051759881423044, -0.7657022258102771], "id": "72b6c4e1d8b93b21c2bf98e7124e149", "numVertices": 506, "min": [-2.01143, 0.0, -1.505]}
