{"max": [0.0, 5.4, 0.1], "centroid": [-1.4090542355460358, 3.191135203426132, -2.4426113276231245], "id": "dd7e681525a458befbfd931924135513", "numVertices": 467, "min": [-2.8, 0.0, -2.95]}
