{"max": [0.0, 0.838449, 0.00227352], "centroid": [-0.9149159066062176, 0.46522995777202086, -0.23131808852681363], "id": "c79fc66b27a900ac842d08202a7fd76", "numVertices": 1544, "min": [-1.81609, 0.0196088, -0.580026]}
