{"max": [1.4, 0.41, 0.0], "centroid": [0.7000000000000001, 0.22200000000000003, -0.25], "id": "76463803e8be994e6716685cf333d2c1", "numVertices": 20, "min": [0.0, 0.0, -0.5]}
