{"max": [-0.440439, 0.59055, 2.39383], "centroid": [-2.0130261756291348, 0.25834506321059614, 1.7243904741721823], "id": "6de399f706f2972970365ad078f710ff", "numVertices": 3775, "min": [-2.28677, -0.183105, 1.6754]}
