{"max": [0.0, 2.35, 0.546253], "centroid": [-0.9236852503282258, 0.8295739945295415, 0.12364342621444135], "id": "66a82a157f4a1c9a22e05b27cb30bde", "numVertices": 914, "min": [-1.8, 0.0, 0.0]}
