{"max": [0.582, 1.665, 0.24], "centroid": [0.2812140621621626, 0.169914236486487, 0.08067766864864863], "id": "7dac6c932ca4f2fbb1cbe768f98549bf", "numVertices": 296, "min": [0.0, -0.08, -0.0074]}
