{"max": [0.01905, 1.4224, 0.5334], "centroid": [-0.4381500173913042, 0.6771238115942032, 0.044608110507246355], "id": "1f0b5514d93f39ebd189eb81471216ad", "numVertices": 276, "min": [-0.89535, 0.0, -0.03175]}
