{"max": [0.0151613, 0.783065, -0.587426], "centroid": [-0.9244287944013412, 0.43618036468006116, -0.9136480842670598], "id": "9d01b7c51223f973f155d75bbf62b80", "numVertices": 10799, "min": [-1.87571, 0.0, -1.23859]}
