{"max": [-0.043098, 2.285, -0.041], "centroid": [-1.5108015783837196, 0.5565213395400924, -0.4248951950425921], "id": "6c01e409fb522789b664d1885442ba70", "numVertices": 19365, "min": [-2.9791, -0.1, -0.479]}
