{"max": [1.39513, 0.062666, -0.105857], "centroid": [0.567902336322871, 0.004414560538116534, -0.7297732869955152], "id": "c55498c03c913177d200faae04ce3f8", "numVertices": 446, "min": [-0.260265, -0.482034, -0.998265]}
