{"max": [0.267052, 0.878814, -0.0350883], "centroid": [-1.0379127018943397, 0.5679431601688271, -0.5418231583732778], "id": "fd2394a5f4d05d4c331bc7630c8705e8", "numVertices": 13979, "min": [-2.30936, 0.0, -1.01128]}
