{"max": [0.0, 0.839922, 0.00110904], "centroid": [-0.5484885321101032, 0.453282845545874, -0.31745794353027473], "id": "f8aa82e7e4c58ce29d31c5ce17cce95d", "numVertices": 4360, "min": [-1.1811, 0.0, -0.599267]}
