{"max": [-1.06758, 0.850711, 2.63059], "centroid": [-2.2799627432638174, 0.49606237472699455, 2.35441832943574], "id": "143032619a82710b2056b4bd5d870b47", "numVertices": 9835, "min": [-3.50598, 0.0, 1.92799]}
