{"max": [-1.80642, 1.75895, 1.47955], "centroid": [-2.2785469677419408, 1.0160413677419353, 0.6672270632257996], "id": "9c87aebafdb4830ba5dc3fef8d22887b", "numVertices": 775, "min": [-2.71145, 0.0, 0.6223]}
