{"max": [3.22532, 0.447431, -0.254058], "centroid": [2.3874991666666583, 0.3831202186373155, -0.6231318007117504], "id": "367cc7ed7b83b7c8fff16555386d173d", "numVertices": 6744, "min": [1.54822, 0.0, -0.992273]}
