{"max": [1.8288, 0.8382, 2.51457e-08], "centroid": [0.9190613134446951, 0.7032522195636802, -0.30859120970768394], "id": "d41ba8cd6a5b1071c1237601d86c1b5b", "numVertices": 1347, "min": [0.0, -8.00937e-08, -0.6096]}
