{"max": [0.0, 1.87007, 0.4826], "centroid": [-0.3588852115942031, 0.884706357487923, 0.148462588405797], "id": "d7c671ead816afdda2aa7d89ba9aea43", "numVertices": 207, "min": [-0.7112, 0.0254, 0.0]}
