{"max": [-0.338714, 2.153, 1.27671], "centroid": [-0.74261658918919, 1.160886803783784, 1.1257694594594576], "id": "b34ed11766d80175f40dbe27bdacff57", "numVertices": 370, "min": [-1.14871, 0.0, 1.02671]}
