{"max": [2.4384, 0.4318, 0.5588], "centroid": [1.2157675675675694, 0.32522297297297265, 0.27287839189189156], "id": "f4afba7266031dbbb62b272ea9e18d0a", "numVertices": 148, "min": [0.0, 0.0, 0.0]}
