{"max": [0.0, 0.840861, 1.11759e-08], "centroid": [-0.9751171633881575, 0.44540396578947594, -0.31872813265480077], "id": "616833ef9cfdacba583f5c4be082f8f6", "numVertices": 760, "min": [-2.17778, 0.0, -0.601107]}
