{"max": [0.0, 0.563, 0.45], "centroid": [-0.5077811823622048, 0.23439999999999986, 0.09793441539603463], "id": "c3dd5d3f16f231c7cb0c0d433974e32b", "numVertices": 127, "min": [-1.0, 0.0, -0.0401]}
