{"max": [0.0, 0.821132, 0.568957], "centroid": [-0.6039958124474303, 0.18145795726482203, 0.26606175330039517], "id": "8f64075972a1f7f3dc18af6f6bfce3ef", "numVertices": 506, "min": [-1.20799, 0.0, 0.0]}
