{"max": [0.128966, 1.04552, 0.639032], "centroid": [-0.8025264555579793, 0.6348820418754479, 0.4430615385397297], "id": "85034e80317e36d9a6c03a53cf0a14c9", "numVertices": 2794, "min": [-1.73457, 0.0, 0.0]}
