{"max": [0.0, 0.780755, 0.0], "centroid": [-3.4945135395901326, 0.28475248734777064, -0.252738443469214], "id": "f48b666e87f0c31f43cda5120584006e", "numVertices": 471, "min": [-6.92695, -0.000925068, -0.585495]}
