{"max": [0.0254, 0.6096, 0.6096], "centroid": [-0.6267812884595957, 0.3809868722222221, 0.2361898275252523], "id": "817e119f087cf8f8f44880b8ee951142", "numVertices": 396, "min": [-1.2446, 0.0, -0.0254]}
