{"max": [0.0, 0.8763, 8.9407e-08], "centroid": [-0.2120807070555045, 0.5107891740357522, -0.44849823061337457], "id": "180154895560cd0cc59350d819542ec7", "numVertices": 1063, "min": [-0.4572, 0.0, -0.511175]}
