{"max": [2.0, 0.92, 1.22], "centroid": [0.9999999852941175, 0.7154411764705887, 0.5], "id": "80b20fdbf1183f37b7491f8d3451cded", "numVertices": 136, "min": [0.0, 0.36, -0.22]}
