{"max": [0.0, 0.651, 0.42214], "centroid": [-0.6004333333333328, 0.3702518533333337, 0.022342628094072038], "id": "a477a301e1e1a67fc2185cc0ca1b306b", "numVertices": 300, "min": [-1.2, 0.0, 1.11759e-08]}
