{"max": [-1.02474, 0.817084, 1.45324], "centroid": [-1.955513171806154, 0.36236912995594633, 1.1765375991189433], "id": "52d8b9703dfcf31f2056b4bd5d870b47", "numVertices": 454, "min": [-2.87821, 0.0, 0.911682]}
