{"max": [0.0, 0.8763, 0.0], "centroid": [-0.24765410249447176, 0.5807294269911569, -0.6029403557604502], "id": "a234f5b48a26fe1d12de5317fe5b354f", "numVertices": 1808, "min": [-0.5334, 0.0, -0.646373]}
