{"max": [0.984338, 0.536575, 0.00640304], "centroid": [0.5135081647079268, 0.24630481432225088, -0.23884682929335208], "id": "985eb4a8f9914873738e43095496b061", "numVertices": 1564, "min": [-0.00626168, 0.0, -0.469847]}
