{"max": [0.0, 0.8763, 0.0], "centroid": [-0.15224712658618408, 0.5794342226693493, -0.579474802961034], "id": "4e02dea48a1bed6bc59350d819542ec7", "numVertices": 1491, "min": [-0.3048, 0.0, -0.65405]}
