{"max": [-0.815807, 2.2, 0.805161], "centroid": [-2.762604855443729, 1.1408998018298304, 0.24589761079597483], "id": "3fcb5eaa202513bd2f815a05dcd7ddb5", "numVertices": 1093, "min": [-4.85762, 0.0, 0.0701815]}
