{"max": [0.0, 2.26, 0.45], "centroid": [-0.5172569228705157, 1.3575919932917333, 0.11488242162246556], "id": "6d30a4d1ed6f4bdbf51f77a6d7299806", "numVertices": 641, "min": [-1.01419, 0.0, 0.0]}
