{"max": [0.0, 0.8763, 0.0], "centroid": [-0.12752152910915912, 0.5391655859473045, -0.5848965658907166], "id": "4c8e95fe5fdbb125c59350d819542ec7", "numVertices": 797, "min": [-0.2286, 0.0, -0.663575]}
