{"max": [0.0, 1.0, 0.602754], "centroid": [-0.7943894230769217, 0.6817777538461504, 0.5168276252941179], "id": "3abf9811f26c9752a9b8d9d3b5cf54cc", "numVertices": 1768, "min": [-1.59325, 0.0, 0.0]}
