{"max": [0.018, 0.678, 0.276], "centroid": [-0.5230034117661948, 0.3772947377551018, 0.10586726350049624], "id": "63c195f60442eb5a32cdc35a3ef7141", "numVertices": 98, "min": [-1.108, -0.002, -0.018]}
