{"max": [1.30501, 0.0762, 1.76494], "centroid": [0.533267907287705, -0.06014124292248042, 1.5103962372437043], "id": "8a03039b614b41b319fb4103277a6b93", "numVertices": 10681, "min": [-0.21899, -0.381, 1.25694]}
