{"max": [0.0, 1.005, 0.405], "centroid": [-1.2453183520599251, 0.5933988764044931, 0.3134347790262177], "id": "87dfa3332d118867d0d69b51a45f7aff", "numVertices": 534, "min": [-2.5, 0.0, 0.0]}
