{"max": [-9.47188, 2.26, -0.585569], "centroid": [-11.25013383458647, 1.2795803984962413, -1.9363970375939874], "id": "568a719ffacc4e12f648065fbcc749bc", "numVertices": 266, "min": [-13.5219, 0.0, -2.04557]}
