{"max": [-0.006466, 0.0428625, 0.412918], "centroid": [-0.38786307122811575, -0.2401395109173192, 0.02248866718379306], "id": "18d94e539b0ed30d105e720ebc569399", "numVertices": 15251, "min": [-0.768466, -0.562651, -0.00502704]}
