{"max": [0.0298172, 0.731639, 0.0644171], "centroid": [-0.9107629172997815, 0.419722133308649, -0.22628500360680157], "id": "7f1f873921ae0c63f155d75bbf62b80", "numVertices": 36196, "min": [-1.85296, 0.0, -0.529602]}
