{"max": [1.42, 0.5296, 0.02], "centroid": [0.7002069136645982, 0.46279451319875325, -0.5810934590916127], "id": "86838c0e4486ee7a8369c37b40e82efa", "numVertices": 2576, "min": [-0.02, 0.0, -0.6547]}
