{"max": [1.699, 0.99, -0.210358], "centroid": [0.6948036722689078, 0.5252941176470591, -0.79473281512605], "id": "df6fd36040a5719662701a18243b45d3", "numVertices": 238, "min": [-0.300998, 0.1, -1.41036]}
