{"max": [0.0, 0.725919, 0.00643319], "centroid": [-0.9144000000000005, 0.42828987752340403, -0.2618003138377134], "id": "fa51b43a7de98d0b7a7695d948d413b6", "numVertices": 470, "min": [-1.8288, -3.81842e-07, -0.581124]}
