{"max": [2.37535, 0.646212, 0.4754], "centroid": [1.1879564827498768, 0.3695417603021409, 0.22110062456580212], "id": "3e323c2a7e5ea5dcbd4364391061cfa2", "numVertices": 2661, "min": [0.0, 0.0, -0.00124531]}
