{"max": [-0.701871, 0.4318, 1.11517], "centroid": [-1.6154197500000003, 0.2667000000000001, 0.9627699999999999], "id": "c3d4204f6f0613b1959f51f2c68b3ef", "numVertices": 32, "min": [-2.53067, 0.0, 0.81037]}
