{"max": [0.451274, 1.37477, 0.181376], "centroid": [0.019909565359101863, 0.8077285549882509, -0.22610055079655406], "id": "b38a8896aa33692098605fee62c12dfb", "numVertices": 7658, "min": [-0.412326, 0.0, -0.237724]}
