{"max": [0.0, 0.762, 0.0], "centroid": [-0.4251514420930234, 0.29640100488372123, -0.21363252325581408], "id": "28195efc838cbb6a4da5feafe6f1c8fc", "numVertices": 172, "min": [-0.762, 0.0, -0.365125]}
