{"max": [2.54319, 1.3, 0.844998], "centroid": [1.6855876628571436, -0.1685377591428572, 0.40177110857142867], "id": "584b055cbd62b8572d7ead8d9eea29b1", "numVertices": 350, "min": [0.4432, -1.3, 0.22]}
