{"max": [0.0, 2.0242, 0.0], "centroid": [-0.7508572714095638, 1.2200521845618, -0.28779022711042607], "id": "a5d193fd45690070b93ba26740e73067", "numVertices": 54702, "min": [-1.524, 0.0, -0.5588]}
