{"max": [0.000143434, 20.3864, 8.2014], "centroid": [-15.20056623301363, 11.377976937377648, 2.831379116536227], "id": "32b74d6b08ea4603d2b12aa6a0f050b3", "numVertices": 6132, "min": [-30.3245, 0.0, -6.44799]}
