{"max": [0.265671, 8.13485, 0.149918], "centroid": [-7.32611663903281, 4.095076512849738, -3.163685592366146], "id": "5f9d3dae06acf0e4e93e1127627b834", "numVertices": 1158, "min": [-14.7938, 0.0, -6.34937]}
