{"max": [0.0, 0.8763, 0.0], "centroid": [-0.2850642984131767, 0.5234530945252388, -0.597442995301501], "id": "ac8cdb6289d3d446c59350d819542ec7", "numVertices": 2338, "min": [-0.5334, 0.0, -0.645424]}
