{"max": [-1.45195, 1.25007, -1.1931], "centroid": [-2.5866163735428205, 0.7565822490116577, -1.330779052204741], "id": "5cb02fdcd0f1cf5d3d06403e6871e4f", "numVertices": 3946, "min": [-3.75862, 0.0, -1.84523]}
