{"max": [0.0, 1.73646, 1.08038], "centroid": [-1.1509981501182047, 1.1807752335106352, 0.8843590994089706], "id": "ad3c4c72cda4dcbd620ea05889322bef", "numVertices": 3384, "min": [-2.286, 0.0, 0.0]}
