{"max": [3.494, 2.7, 0.0], "centroid": [1.7293895673830393, 1.2331506081871357, -0.2924661023391821], "id": "19a0d9e5e036290bfe9e4fbec1f7cb98", "numVertices": 342, "min": [0.0, 0.0, -0.727902]}
