{"max": [0.93345, 0.34925, 0.01905], "centroid": [0.4610440307017535, -0.02714312263157894, -0.18740542105263178], "id": "e4523c675fb6a103d08b0f17fdc8a28", "numVertices": 456, "min": [-0.01905, -0.09525, -0.402868]}
