{"max": [1.8288, 0.4318, 0.5588], "centroid": [0.9109675675675675, 0.3252229729729726, 0.2728783918918917], "id": "ad9f6cdc0cab11986bcd8c7601df5d35", "numVertices": 148, "min": [0.0, 0.0, 0.0]}
