{"max": [1.89287, 0.621071, 0.400011], "centroid": [0.9235516914508907, 0.06915506712425995, 0.0893443632542011], "id": "a58cb33e8aa8142af155d75bbf62b80", "numVertices": 1690, "min": [-0.0378314, 0.0, 3.87096e-05]}
