{"max": [-1.01677, 1.6002, 1.50857], "centroid": [-1.4989361915979622, 1.050731572438157, 1.1339985787200724], "id": "eea67da61b5477c7d4c6910fb477cd67", "numVertices": 2547, "min": [-1.98197, 0.0, 1.07042]}
