{"max": [0.0, 0.8763, 0.0], "centroid": [-0.4594817715877437, 0.6858877548746519, -0.5328252368103085], "id": "23aeb8fdc0d1ed4c4da5feafe6f1c8fc", "numVertices": 359, "min": [-0.9144, 0.0, -0.663575]}
