{"max": [0.0, 0.8763, 8.9407e-08], "centroid": [-0.5234066107986574, 0.5467410000000013, -0.460122059328297], "id": "2b3f95e3a1ae1e3f824662341ce2b233", "numVertices": 2379, "min": [-0.9906, 0.0, -0.505841]}
