{"max": [1.79282, 0.861227, 0.0862294], "centroid": [1.0982345563909777, 0.5718255338345866, -0.22853686499999998], "id": "9c8a96bb95a62a6ae6e54a934c4318f1", "numVertices": 266, "min": [0.320794, 0.0, -0.669485]}
