{"max": [0.0, 1.7, 0.463066], "centroid": [-0.44974833205073855, 0.6522976386097833, 0.022359840323636464], "id": "22d10cc8165d310a15dd7d7985e749c1", "numVertices": 6071, "min": [-0.9, 0.0, 0.0]}
