{"max": [0.048, 0.484189, 0.021], "centroid": [-0.5355277603943484, 0.3824043762699924, -0.19288390535483907], "id": "99375af4e13f0b2f50f9fc0e2c94dd76", "numVertices": 2688, "min": [-1.12012, -0.003, -0.406736]}
