{"max": [0.0, 0.684, 0.0], "centroid": [-0.15814818813725476, 0.37860956892156816, -0.15645098196078416], "id": "8093937b9072e92afab6e40cce6926d7", "numVertices": 408, "min": [-0.316, 0.0, -0.198]}
