{"max": [4.60237, 1.33044, 0.0], "centroid": [2.277383979651164, 0.4294692529069769, -0.9577681395348836], "id": "5a86b8c93baf8ad0a9030dd33d75b731", "numVertices": 344, "min": [0.0, 0.0, -1.88783]}
