{"max": [0.011144, 0.762533, 0.656824], "centroid": [-1.489705801943549, 0.45505385602605986, 0.36589660326667045], "id": "e79a991fbf64c2c771dde564c9e207fd", "numVertices": 1842, "min": [-2.98606, -0.015, -0.0120388]}
