{"max": [0.0, 0.8763, 0.0], "centroid": [-0.2740481587537094, 0.5606182626112766, -0.536426691416767], "id": "9166a54bcb06b6c7c59350d819542ec7", "numVertices": 674, "min": [-0.5334, 0.0, -0.663575]}
