{"max": [0.0, 0.80676, 0.153739], "centroid": [-1.2887973311036791, 0.32605037625418054, -0.09318267701397187], "id": "4b715a1f611b30768b45d2a1081eca04", "numVertices": 598, "min": [-2.58, 0.0, -0.507543]}
