{"max": [-4.05169, 0.509587, 7.03791], "centroid": [-4.709317112000008, 0.183392010799999, 6.821551092000112], "id": "28e12ef0e54e204830bbd4cddd04c77b", "numVertices": 5000, "min": [-5.37212, 0.0, 6.59341]}
