{"max": [0.0, 0.833264, 0.69013], "centroid": [-1.2864617018578468, 0.45498207659419204, 0.24123758961277864], "id": "8aabc6c97aeacae7ad5067eac75a07f7", "numVertices": 4132, "min": [-2.57318, 0.0, 0.0]}
