{"max": [0.403225, 0.905275, 0.973581], "centroid": [-3.278376285902029, 0.2648781689334668, 0.5114709997410374], "id": "e56b95381904bfd08ccde000e771fc1a", "numVertices": 89589, "min": [-7.80102, -0.0255616, -0.00642023]}
