{"max": [1.77853, 0.45239, 0.446734], "centroid": [0.8895345845590743, 0.30803245105958116, 0.1847236386439078], "id": "496f1d6cdd0a0aa247b74f4d1238a1fd", "numVertices": 1863, "min": [-2.30502e-08, 0.0, -0.00124531]}
