{"max": [0.0, 0.801877, -2.98023e-08], "centroid": [-0.9157121225737251, 0.3366997320846659, -0.30516009248236287], "id": "7f67934afc4f95b014bcc66f599f3e46", "numVertices": 1865, "min": [-1.8288, -0.175862, -0.640913]}
