{"max": [0.403225, 0.905275, 0.973878], "centroid": [-2.4751829686886815, 0.2858793500614866, 0.5125342045336334], "id": "fa2f82cf9275c2078ccde000e771fc1a", "numVertices": 76186, "min": [-6.05557, -0.0255616, -0.00642023]}
