{"max": [1.73654, 1.4, 0.16], "centroid": [1.03643264864865, 0.6943243243243234, -0.058378378378378316], "id": "70c0c5438f0da757307c5c16466b10c6", "numVertices": 185, "min": [0.336542, 0.0, -0.17]}
