{"max": [0.9144, 0.870176, 0.132533], "centroid": [0.0035394345037783907, 0.46881475965996927, -0.18227080979969654], "id": "9997397f29b90af470e359f3b1d0f6d1", "numVertices": 6630, "min": [-0.90805, 0.0, -0.522803]}
