{"max": [0.0, 1.9868, 0.005], "centroid": [-0.39605171219512075, 1.091572969756097, -0.5061838536585368], "id": "1eed828f325b45bf5f960aba13b9c630", "numVertices": 410, "min": [-0.79, 0.0, -0.5509]}
