{"max": [0.0508, 0.204787, 0.0753205], "centroid": [-0.8509000000000064, -0.06174586786941633, -0.18805397553894576], "id": "aa27d1ed2ebb8ebdd2b12aa6a0f050b3", "numVertices": 3492, "min": [-1.7526, -0.437833, -0.450481]}
