{"max": [2.38419e-07, 0.762, 0.0], "centroid": [-0.5369465920034848, 0.26819438333333445, -0.25706747849462364], "id": "1819a4e03dd67e6c59350d819542ec7", "numVertices": 372, "min": [-1.0668, 0.0, -0.336853]}
