{"max": [0.0, 0.8763, 5.96046e-08], "centroid": [-0.14606535503875936, 0.5851895116279067, -0.5458711204414629], "id": "718f8fe82bc186a086d53ab0fe94e911", "numVertices": 645, "min": [-0.381, 0.0, -0.659666]}
