{"max": [3.1665e-08, 2.025, 0.5], "centroid": [-0.9347382729427338, 1.0347799078125008, 0.14912500000000017], "id": "c5212968cd5ef1dc3c6e7539caf3791c", "numVertices": 256, "min": [-2.0, 0.0, 0.0]}
