{"max": [-0.0806171, 0.13596, 0.2794], "centroid": [-1.0429767465537945, -0.1636056413361544, 5.413242200725304e-05], "id": "9663627be99d2e27d2b12aa6a0f050b3", "numVertices": 3308, "min": [-2.01102, -0.4572, -0.2794]}
