{"max": [-0.214908, 1.08471, 0.278373], "centroid": [-1.2170599207696666, 0.4398543531761478, -0.2137880830107522], "id": "2af98dcf936576b155f28299c0ff52b7", "numVertices": 1767, "min": [-2.21491, 3.27826e-07, -0.691138]}
