{"max": [0.0, 0.9, 0.900632], "centroid": [-0.7421026530072499, 0.45533395217391226, 0.40440446684782594], "id": "3ef2e306aadb9f98dd1f70bbc27696f8", "numVertices": 1104, "min": [-1.5, 0.0, 0.0]}
