{"max": [0.268041, 0.878814, -0.035223], "centroid": [-1.0356885837373544, 0.5540975018294833, -0.5452686055988922], "id": "aec473af77a77008cdb14b1e0ff2c14e", "numVertices": 14485, "min": [-2.30801, 0.0161821, -1.0129]}
