{"max": [0.0, 0.6858, 0.0], "centroid": [-0.47597785714285734, 0.3143250286778657, -0.11797392857142847], "id": "fdf32559c6b7a6643fe047712e43e185", "numVertices": 70, "min": [-0.9906, 0.0, -0.301625]}
