{"max": [0.0, 0.4572, 0.381], "centroid": [-0.45799833943820234, 0.30615335343820127, 0.19052958651685384], "id": "389f2aa083a7d732f4b6538438a0b930", "numVertices": 890, "min": [-0.9144, 0.0, 0.0]}
