{"max": [1.77482, 0.4318, 0.00127], "centroid": [0.886892029991865, 0.26278501031745977, -0.21517835272301641], "id": "7de0323af143c38bd4d8765e3910f617", "numVertices": 1008, "min": [0.0, 0.0, -0.433099]}
