{"max": [-13.8819, 0.45, 3.54935], "centroid": [-15.248026315789447, 0.3392649740890684, 2.7635055465587066], "id": "30b57b828f961ca8f002715a08c57858", "numVertices": 247, "min": [-16.0819, 0.0, 1.38435]}
