{"max": [0.0, 17.78, 22.225], "centroid": [-25.362898808988763, 2.9523804494382015, 15.258004494382027], "id": "cd3c926cf4ae4564a80ff03f6dc10926", "numVertices": 178, "min": [-50.8, 0.0, 0.0]}
