{"max": [0.9144, 1.8288, 0.0], "centroid": [0.6403463794871785, 0.9456067794871803, -0.44039634102564085], "id": "90dd9ad1a74e25d53fe047712e43e185", "numVertices": 195, "min": [0.0, 0.0, -0.666751]}
