{"max": [1.69545, 0.6604, 0.0], "centroid": [0.8468902087912062, 0.39165099100899325, -0.5066044195804226], "id": "7c12c2a7a1957abc8bf788ad2aab0947", "numVertices": 2002, "min": [0.0, 0.0, -0.52705]}
