{"max": [0.193484, 0.4572, 1.62557], "centroid": [-0.5685163333333328, 0.3182055555555556, 1.3969700000000007], "id": "6bc471eb8f212c9317b431cae0dd70ed", "numVertices": 36, "min": [-1.33052, 0.0, 1.16837]}
