{"max": [-0.00364721, 0.4318, 0.3048], "centroid": [-0.6779061711231888, 0.2567438044927538, 0.18367464780579712], "id": "88fa7d07abfcf9f03cbbdb20d4d80207", "numVertices": 276, "min": [-1.35255, -0.00300299, -0.000538175]}
