{"max": [3.23075, 0.666641, -3.25071], "centroid": [2.056003434615384, 0.4433614615384609, -3.603546769230769], "id": "d3b2e0d1482ead96f4fb4dee5181bee", "numVertices": 260, "min": [0.881255, 0.00635, -3.95638]}
