{"max": [0.000254005, 0.4064, 0.4826], "centroid": [-1.2184347145048597, 0.40065634837355174, 0.24149573394281063], "id": "d23ca8dad2064c4ad5067eac75a07f7", "numVertices": 7624, "min": [-2.43808, 0.0, 0.0]}
