{"max": [0.513086, 0.886198, -0.0728307], "centroid": [-0.7906233237996604, 0.5480269579024044, -0.7265627773707211], "id": "9c9fc31bba4881794620a50068fc504d", "numVertices": 13730, "min": [-2.10229, 0.0, -1.25424]}
