{"max": [0.00144171, 0.681584, 0.00105758], "centroid": [-0.9913705818877947, 0.20878818885572312, -0.2757640549411581], "id": "d22fae260519b9cc52051c3ad59857ed", "numVertices": 12406, "min": [-1.97856, 0.000180215, -0.419399]}
