{"max": [0.0117818, 0.850795, 0.666207], "centroid": [-0.9573218363012237, 0.6559187776178375, 0.22523468263890664], "id": "74126116f42f09e2e6e130a30b5ed875", "numVertices": 8127, "min": [-1.92578, -0.0434747, -0.0070517]}
