{"max": [-1.05032, 0.427246, 2.1933], "centroid": [-2.2725529584681623, 0.37094392826320677, 1.913579170711945], "id": "c023275b1a68d6432056b4bd5d870b47", "numVertices": 7416, "min": [-3.46332, 0.0, 1.61915]}
