{"max": [0.207423, 2.56196, -0.0105037], "centroid": [-0.547178553797468, 0.9287984857594942, -1.1867494139240515], "id": "3775c10b5502d12a1190e285a2cbc9c", "numVertices": 316, "min": [-1.30326, 0.0503001, -1.22144]}
