{"max": [0.0, 0.8763, 5.96046e-08], "centroid": [-0.2738647491930657, 0.6236930233114194, -0.5992362380661902], "id": "15de6a77af2b4fccc59350d819542ec7", "numVertices": 1673, "min": [-0.4572, 0.0, -0.6604]}
