{"max": [0.0, 1.22555, 0.5842], "centroid": [-0.41909999691674604, 0.7114969509249723, 0.3689126569886963], "id": "b0f01584cbb37d2ff546596ce7364503", "numVertices": 3892, "min": [-0.8382, 0.0, 0.0]}
