{"max": [0.0, 0.804415, 0.455824], "centroid": [-0.5375995083906939, 0.1847050828651163, 0.16446732798139443], "id": "94bb7157062d59a5f51f77a6d7299806", "numVertices": 2150, "min": [-1.09026, 0.0, -0.00531894]}
