{"max": [2.54e-08, 0.457214, 0.28575], "centroid": [-0.5084471200030694, 0.0593822642877307, 0.1407570624496604], "id": "1919dec93dff59e0ed3ffec8035a48e8", "numVertices": 4857, "min": [-1.016, -1.46329e-05, -0.0666954]}
