{"max": [0.0508, 0.850502, 0.793993], "centroid": [-0.783248076923078, 0.34708562692307754, 0.3625558460000003], "id": "4e1acb893cafc1ea29c39f613cc72411", "numVertices": 208, "min": [-1.6256, 0.011324, -0.000622376]}
