{"max": [2.112, 1.14945, 0.0], "centroid": [1.0560000000000132, 0.41596655055147036, -0.6673769983602938], "id": "f80f3251391f3cfccbfa849e0f7f0b10", "numVertices": 2176, "min": [0.0, 0.0, -1.12994]}
