{"max": [0.00999167, 1.89724, 0.0113606], "centroid": [-0.6709976210961969, 0.7004337138568222, -0.45481330642505424], "id": "3bc232700d2ed20b89a68decc32d3e34", "numVertices": 894, "min": [-1.3411, -0.0014065, -0.501961]}
