{"max": [0.267052, 0.878814, -0.0350882], "centroid": [-1.0377664354241658, 0.5651336488087179, -0.5438880181415956], "id": "84e95910bf6b0b3bb411c6406cd0f9e7", "numVertices": 14690, "min": [-2.30936, 0.0, -1.01128]}
