{"max": [0.239104, 0.456629, 0.335661], "centroid": [-1.0487450039342137, 0.3991117171529465, -0.32373367245105084], "id": "c50e2c7a82ab0362c69be1660283647b", "numVertices": 10762, "min": [-2.30225, 0.0, -0.77246]}
