{"max": [-2.82505, 0.472357, -2.91791], "centroid": [-3.7733584745762676, -0.15124526233389837, -3.3297033728813554], "id": "21358aae456be5087e03aa42670e6f5e", "numVertices": 590, "min": [-4.69416, -0.414576, -3.67818]}
