{"max": [0.0506875, 1.69563, 1.49375], "centroid": [-0.46749373242881936, 0.9238309327718668, 0.993242634631361], "id": "3084dcbd0a28399170ad2e9733c71638", "numVertices": 24088, "min": [-0.988283, -0.231024, 0.877995]}
