{"max": [0.6096, 0.8763, 0.0], "centroid": [0.4568823933333337, 0.6169380599999997, -0.4885275933333335], "id": "2c6aee97b0325e92de650492e45fb14f", "numVertices": 150, "min": [0.0, 0.0, -0.666753]}
