{"max": [-1.03377, 0.71755, 0.2032], "centroid": [-1.2618938156209991, 0.33291916005121774, 0.09867845224071693], "id": "dc4affd586bafbc8d45f502ecff9e44f", "numVertices": 781, "min": [-1.49097, 0.0, 0.0]}
