{"max": [0.0, 0.762, 0.0], "centroid": [-0.41220746280000015, 0.2854324585000003, -0.22769772000000021], "id": "48e0fa8a06a163014da5feafe6f1c8fc", "numVertices": 200, "min": [-0.762, 0.0, -0.365125]}
