{"max": [0.023368, 0.8763, 0.0], "centroid": [-0.467657731130874, 0.6019687865311315, -0.3548133664548923], "id": "4c99fa08135a52d04c62bee40dcdc539", "numVertices": 787, "min": [-0.966788, 0.0, -0.62865]}
