{"max": [1.87277, 0.580102, 0.943515], "centroid": [0.918606538864173, 0.32232801402319344, 0.6776947626949176], "id": "4814cb73a71235dbf155d75bbf62b80", "numVertices": 25010, "min": [-0.0344456, 0.0, 0.422709]}
