{"max": [-0.123825, 0.89321, -0.0578995], "centroid": [-1.0927062949101733, 0.4544040134730542, -0.35476273517964085], "id": "d27d7e667c5ccd70cb2a965e75be701c", "numVertices": 1336, "min": [-2.05549, -0.000115246, -0.719351]}
