{"max": [0.0156471, 1.08568, 0.40396], "centroid": [-0.2061010626663948, 0.5484494099099099, 0.04894197030383153], "id": "4edcf59d45bfff5a5b903ba10d2ec446", "numVertices": 222, "min": [-0.422873, 0.0, -0.01972]}
