{"max": [2.00003, 0.438, 0.82], "centroid": [1.0000015897058194, 0.32165310852575657, 0.4099999937655502], "id": "a58e45ec5204f09559cbde03ded257fd", "numVertices": 1672, "min": [-3.41237e-06, -5.58794e-09, 0.0]}
