{"max": [0.161402, 0.436712, -0.00233535], "centroid": [-0.7876947939610407, 0.38199613244562886, -0.3918570079372922], "id": "ca6a1a938c160036a0f31147c37537e5", "numVertices": 7495, "min": [-1.70732, 0.0, -0.736294]}
