{"max": [-2.87145, 1.3208, 3.40269], "centroid": [-4.140471217391301, 0.33804086956521745, 2.9419800000000036], "id": "3a7b2f1220e7c13092ccafdeb0ce5a8a", "numVertices": 230, "min": [-5.71649, 0.0, 2.49465]}
