{"max": [0.0, 1.9685, 0.0], "centroid": [-0.3393557906692918, 1.5645887833858403, -0.36439001732283316], "id": "da62a2f330280273896f268d8862011d", "numVertices": 2540, "min": [-0.6858, 0.0, -0.431701]}
