{"max": [1.17475, 0.57785, 0.05715], "centroid": [0.5615967557655951, 0.21567107190925988, -0.2396194703776956], "id": "6e4407e2b40dac9eda9c49a653a829eb", "numVertices": 1058, "min": [-0.05715, 0.0, -0.53975]}
