{"max": [0.0, 0.641928, 0.608252], "centroid": [-0.952499999999989, 0.4384227928888885, 0.30402509554222196], "id": "6466c201a664851de7b89654b68b9e5b", "numVertices": 900, "min": [-1.905, 0.0, 0.0]}
