{"max": [0.0, 0.83954, 0.00769262], "centroid": [-0.8824489264208428, 0.4151243339458217, -0.2848262451700535], "id": "3ee044d00523169dd4d8765e3910f617", "numVertices": 8402, "min": [-1.7653, -0.000911555, -0.57785]}
