{"max": [0.03175, 0.976836, 0.714892], "centroid": [-0.8913262779618726, 0.5224381892905208, 0.3651079223265292], "id": "605b2c687b73695c8da90b986150cc3b", "numVertices": 12532, "min": [-1.79705, 0.0, -0.00463662]}
