{"max": [0.0, 0.8763, 5.96046e-08], "centroid": [-0.24506460628019436, 0.5539046972624853, -0.5858768532083266], "id": "7eca681f6174f1ce12de5317fe5b354f", "numVertices": 1242, "min": [-0.4572, 0.0, -0.663575]}
