{"max": [0.0, 0.8763, 0.0], "centroid": [-0.10431901787234017, 0.6905388191489362, -0.5409618057001802], "id": "30cf0cedd661880e86d53ab0fe94e911", "numVertices": 564, "min": [-0.381, 0.0, -0.658813]}
