{"max": [0.0, 1.83, 0.65], "centroid": [-0.5077521313725486, 0.3631207926297492, 0.023052104901960614], "id": "d7e4b6d1d9ae4336ef4e42d70375aed8", "numVertices": 612, "min": [-1.0, -0.1, -0.033]}
