{"max": [-10.2532, 0.812529, 0.0], "centroid": [-10.382115959252944, 0.5752074225806496, -0.2835009521222415], "id": "d7fe9a6bf2c5ad924c62bee40dcdc539", "numVertices": 589, "min": [-10.4787, -0.0637711, -0.62865]}
