{"max": [4.47675, 0.441597, 0.509363], "centroid": [2.1769959478660916, 0.1752916103619049, 0.24628565550831716], "id": "162550a8510464d97881b8f7aa99120f", "numVertices": 315, "min": [-0.00554632, -0.000444424, 0.0]}
