{"max": [0.0, 1.8415, 0.635], "centroid": [-0.4466991130952381, 0.6776406285714291, 0.05223630476190472], "id": "fe8c34a5275804d451f8aaa850306632", "numVertices": 168, "min": [-0.889, 0.0, -0.0254]}
