{"max": [2.0, 0.6, 0.0], "centroid": [0.9999997665909088, 0.34208413636363627, -0.25], "id": "c97683ce5dcea25ad1d789f3b2120d0", "numVertices": 88, "min": [0.0, 0.0, -0.5]}
