{"max": [-0.234943, 0.813667, -0.112713], "centroid": [-1.212945267326742, 0.4741415244644358, -0.35891216944194854], "id": "f6219339c25b42fe81faebbdea6bd9be", "numVertices": 4444, "min": [-2.1844, 0.0, -0.698969]}
