{"max": [3.55046, 7.3, 4.30184], "centroid": [1.2114148844989543, 3.0321616763194807, 1.6356467890751614], "id": "267aa08f20a000a3b15194162f658e87", "numVertices": 5708, "min": [-0.649543, -0.00435895, -0.186314]}
