{"max": [0.0, 1.84, 0.414], "centroid": [-0.4058997470817118, 0.8994943712062257, 0.12328208389105068], "id": "3824d4b03e74afe0743d4e4333af43e6", "numVertices": 257, "min": [-0.8, 0.0, 0.0]}
