{"max": [-0.0508, 0.859756, -0.0653595], "centroid": [-0.9076168901569186, 0.4736576909416207, -0.3870079461866702], "id": "19d52509d16a9c2c81faebbdea6bd9be", "numVertices": 7264, "min": [-1.7653, 0.0, -0.752969]}
