{"max": [0.00104704, 0.8, 0.45], "centroid": [-0.5961822562722368, 0.6323397812150989, 0.09576254570107809], "id": "d6523ff3e0acb768490ad276cd2af3a4", "numVertices": 11637, "min": [-1.2, 0.0, -0.03]}
