{"max": [0.667198, 0.5588, 0.14605], "centroid": [-0.0008139623342180995, 0.41643283421750726, 0.08046140583554408], "id": "4790c04ee2586772d0768f88bbc39dbc", "numVertices": 754, "min": [-0.667198, 0.0, -0.14605]}
