{"max": [0.0, 0.89008, 0.569842], "centroid": [-0.9957838235229359, 0.4192576874752294, 0.3137674125504588], "id": "16ce0976d3bca243e6fe3612af521500", "numVertices": 545, "min": [-1.9889, 0.0, 0.0]}
