{"max": [0.265378, 0.868401, 0.0184009], "centroid": [-0.5464811926648276, 0.5819776869324933, -0.20703666620529024], "id": "9787c8521ba8d46b5b83c5170da4c6c2", "numVertices": 2533, "min": [-1.136, 0.0, -0.600838]}
