{"max": [-0.00209906, 0.802554, 0.615105], "centroid": [-0.6141937390125202, 0.5216176351564571, 0.4153452242085723], "id": "7bbd4d3fed3c4255626d7e3d07da8352", "numVertices": 2076, "min": [-1.22525, 0.0, 0.0]}
