{"max": [0.0, 1.143, 0.4064], "centroid": [-0.4122450468619243, 0.5777650125523015, 0.015420044979079396], "id": "6e6801ca4a03a1adc672720c52b0e374", "numVertices": 478, "min": [-0.8255, 0.0, -0.01905]}
