{"max": [27.1677, 0.407379, 5.8776], "centroid": [26.446838341968917, 0.24726058108808277, 5.622214559585492], "id": "4cd23aae912b7de019fb4103277a6b93", "numVertices": 1158, "min": [25.6437, -0.0466721, 5.3696]}
