{"max": [-2.54681, 10.7, 5.75826], "centroid": [-9.114446806722691, 4.860942184873954, 1.8236403361344546], "id": "8c7cff4d76ceef7cff900d986c9dc4b4", "numVertices": 238, "min": [-15.7468, 0.0, 1.22026]}
