{"max": [0.0, 0.8763, 0.6096], "centroid": [-0.8412179161125337, 0.6550039232736541, 0.05418904143222499], "id": "6a910ffe32ae2e575588a2543ef0b0b4", "numVertices": 391, "min": [-1.0668, 0.0, -0.0471932]}
