{"max": [0.496496, 1.0414, 0.0], "centroid": [-0.2586426387909634, 0.6176987323214838, -0.9079716461572954], "id": "f9e7dcaf9b7a9eb3c9befbd10d7e29b", "numVertices": 5798, "min": [-0.603504, 0.0, -2.43]}
