{"max": [0.0, 0.8763, 0.0], "centroid": [-0.2538188811074915, 0.6207145928338764, -0.47284291861531313], "id": "1a4d4980bbe2dcf24da5feafe6f1c8fc", "numVertices": 307, "min": [-0.4572, 0.0, -0.65044]}
