{"max": [0.32297, 1.6764, 0.381], "centroid": [-0.2569167534105742, 0.9532135168354028, -0.06613323838620075], "id": "eb2843ff62280f5320768660cf080d12", "numVertices": 5334, "min": [-1.07633, 0.0, -0.371093]}
