{"max": [9.31323e-09, 2.426, 0.747], "centroid": [-0.9463686898603948, 1.2104070719999989, 0.17718739225599955], "id": "ca15dd33a276b636d1fef881bd33f613", "numVertices": 625, "min": [-1.936, 0.0, 0.0]}
