{"max": [0.0, 0.975577, 0.502513], "centroid": [-0.8040460346821182, 0.6257438734357044, 0.26463762197474267], "id": "80593a84e45e4345f51f77a6d7299806", "numVertices": 13936, "min": [-1.60494, 0.0, 0.0]}
