{"max": [17.6018, 8.09341, -1.79033], "centroid": [9.89693988826814, 3.7738551396648017, -4.486140921787707], "id": "9d7185edf0717575a6195e775546b04a", "numVertices": 358, "min": [2.89121, 0.0, -9.93437]}
