{"max": [0.0, 0.452363, 0.000469744], "centroid": [-0.9151801688034229, 0.32016629834647325, -0.2710749648093671], "id": "c06a17f2c79d01949c8a0ee9a6d1d4b2", "numVertices": 1404, "min": [-1.8288, -0.00341963, -0.539269]}
