{"max": [0.39, 1.8, 0.49], "centroid": [0.19609306162420378, 0.24372639133757998, 0.2444510243630573], "id": "9c8dff9a5f5cc6ab490ad276cd2af3a4", "numVertices": 628, "min": [0.0, 0.0, 0.0]}
