{"max": [-1.01227, 0.503873, 0.390839], "centroid": [-1.9755250331125824, 0.44684898145695434, 0.15588913960264902], "id": "5b9261d3ab4192a4cacb7e48ba59c48a", "numVertices": 151, "min": [-2.89187, 0.0720734, -0.0885857]}
