{"max": [0.03928, 0.85, 0.48], "centroid": [-0.5519947289718151, 0.5036251242248597, 0.033114716436162574], "id": "78d36740730c94a4490ad276cd2af3a4", "numVertices": 6244, "min": [-1.13928, 0.0, -0.0400019]}
