{"max": [0.0, 1.953, 0.489], "centroid": [-0.8686172967708734, 0.6800306229466636, 0.03950824575782804], "id": "b12fd3c4e5912a7dd8b510632cc84b8c", "numVertices": 11810, "min": [-1.688, 0.0, 0.0]}
