{"max": [0.0125819, 0.410045, 0.51], "centroid": [-0.8920560744306218, 0.34205998564593315, 0.25337197622966523], "id": "2974b7f87eb2297ffebad4f49b26ec52", "numVertices": 418, "min": [-1.81259, 0.0, -0.01]}
