{"max": [-0.0233686, 0.93345, 3.10311], "centroid": [-1.2595715502702731, 0.5394067567567566, 2.8005904864864846], "id": "38ea17d177c4e872fd07832c54eb7e78", "numVertices": 185, "min": [-2.46177, 0.0, 2.49986]}
