{"max": [3.01774, 0.728, -1.07802], "centroid": [1.009470980842914, 0.3515031611238833, -2.008216091954027], "id": "40279f85fc80e16edccc47bf0dcf5d3", "numVertices": 783, "min": [-0.982255, -0.00216492, -2.92632]}
