{"max": [0.0, 0.56515, 0.652462], "centroid": [-0.6159499999999982, 0.36300749192364795, 0.3000103329515444], "id": "ec79d41034e8deabf4fb4dee5181bee", "numVertices": 4086, "min": [-1.2319, 0.0, -0.0523875]}
