{"max": [-1.05157, 0.431137, 1.33023], "centroid": [-1.965297272727271, 0.35359736363636374, 1.1259470909090905], "id": "1ffcb829779ad5942056b4bd5d870b47", "numVertices": 66, "min": [-2.87821, 0.0, 0.918032]}
