{"max": [0.266074, 0.878814, -0.0114954], "centroid": [-1.329881633275356, 0.5688642873536918, -0.5080480170071138], "id": "82b06455e41204e110df635c029b4e63", "numVertices": 17428, "min": [-2.93334, 0.0, -1.00967]}
