{"max": [0.0381, 1.89865, 0.57785], "centroid": [-0.45644070487895705, 1.197464213780259, 0.1297719720670391], "id": "c7418e21982dcb508c2f9e4176bfe555", "numVertices": 537, "min": [-0.949325, 0.0, -0.0381]}
