{"max": [0.0, 2.0, 0.4], "centroid": [-1.0040134011299435, 1.0402968926553664, 0.21440677966101687], "id": "7470935c77e340f31781dae1261f1d28", "numVertices": 177, "min": [-2.0, 0.0, 0.0]}
