{"max": [1.2192, 0.8763, 0.0], "centroid": [0.6194040048780483, 0.6536533983739847, -0.5470185365853657], "id": "4068c751d46ca222de650492e45fb14f", "numVertices": 246, "min": [0.0, 0.0, -0.666751]}
