{"max": [5.14723, 0.825, 4.8452], "centroid": [4.491492890995259, 0.5178909952606628, 4.549192701421805], "id": "c8802eaffc7e595b2dc11eeca04f912e", "numVertices": 211, "min": [3.79723, 0.0, 4.0752]}
