{"max": [0.007, 0.968944, 0.110749], "centroid": [-0.7573335503586702, 0.42487781196621127, -0.22548824775311288], "id": "1cbbb30e8e06e932ed98cca8f0ccd5f7", "numVertices": 2892, "min": [-1.52312, -0.003, -0.582361]}
