{"max": [0.00877739, 0.791885, 0.0207034], "centroid": [-1.3011878527791207, 0.4369026990268902, -0.2987646241279241], "id": "16592a1467b7751fbb9faba74eec2c74", "numVertices": 4686, "min": [-2.61984, 0.0, -0.630513]}
