{"max": [3.31292, 0.666641, 0.459146], "centroid": [2.7604699999999998, 0.44336149230769145, 0.10631001569230762], "id": "1167fd85d3dc7c8df4fb4dee5181bee", "numVertices": 260, "min": [2.20802, 0.00635, -0.246526]}
