{"max": [0.0, 0.833264, 0.69013], "centroid": [-1.2863604267419595, 0.46074516315246694, 0.22958949754745586], "id": "3e850a85b7c0f82cad5067eac75a07f7", "numVertices": 5268, "min": [-2.57318, 0.0, 0.0]}
