{"max": [0.0, 2.1336, 0.00634998], "centroid": [-0.38137663727272747, 0.9495383522727278, -0.13219545545454556], "id": "9a195ea2a21bc7511a4db721d603d852", "numVertices": 88, "min": [-0.76835, 0.0, -0.2794]}
