{"max": [-4.83569, 0.5588, 1.20539], "centroid": [-5.482994422110555, 0.3083499195979899, 0.9838733869346765], "id": "3880be8744dc0ebaadab4c26397edfab", "numVertices": 199, "min": [-6.05489, 0.0, 0.786289]}
