{"max": [0.0, 0.928074, 0.846091], "centroid": [-0.7748508953488374, 0.5488067151162794, 0.38920293581395377], "id": "44085381e0708de48ee8b7b79b7a0cdc", "numVertices": 344, "min": [-1.55094, 0.0, 0.0]}
