{"max": [1.6675, 2.44, 2.68708], "centroid": [0.8392188810138923, 0.9668291128511474, 2.1639628785921854], "id": "b154cb1a8dedb14345ef69cff7e6d57d", "numVertices": 6194, "min": [-0.012501, 0.0, 2.11708]}
