{"max": [0.0, 0.8763, 0.0], "centroid": [-0.4624910346378575, 0.5842121211199046, -0.5965576685422428], "id": "297684bcd05347cd86d53ab0fe94e911", "numVertices": 1643, "min": [-0.9144, 0.0, -0.659666]}
