{"max": [2.02724, 0.450212, 0.640517], "centroid": [1.1160108084415643, 0.3223507766233769, 0.37700483766233894], "id": "3fbbb64cce9b5fb681faebbdea6bd9be", "numVertices": 1232, "min": [0.204785, 0.003093, 0.113467]}
