{"max": [0.395986, 1.2954, 0.00364085], "centroid": [-0.06391380476827697, 0.7334840584268918, -0.40532411331919366], "id": "4cede87a6ca6bb876a485daf2a997e28", "numVertices": 3064, "min": [-0.52417, 0.0, -0.457281]}
