{"max": [0.0836834, 1.02636, 0.0355898], "centroid": [-0.886408890442874, 0.6761205190703219, -0.08353793255423134], "id": "c32504d950d54881c3331c70c9cf7624", "numVertices": 1678, "min": [-1.8491, 0.0, -0.54404]}
