{"max": [0.0, 0.877416, -5.96046e-08], "centroid": [-1.5238343387474258, 0.5463928937685442, -0.33273586925613424], "id": "3b688abcaf09a495c62ae1031b767cea", "numVertices": 12806, "min": [-3.04698, 0.0132086, -0.688659]}
