{"max": [-0.935083, 1.951, 0.3762], "centroid": [-1.2747945422063434, 0.9629368501563169, 0.08257082001428276], "id": "9935a1e91ef08470569e2e0d2caa039", "numVertices": 4478, "min": [-1.69518, 0.0, -0.0214]}
