{"max": [0.9144, 0.0, 0.0], "centroid": [0.531566349672734, -0.5830525753114356, -0.2987279592298973], "id": "1aeff9aef2610ee1c59350d819542ec7", "numVertices": 883, "min": [0.0, -0.762, -0.3556]}
