{"max": [0.0, 1.8, 0.515], "centroid": [-0.14631177222222297, 0.8861170424836612, 0.03608867306027188], "id": "50f0ea68b77810121fbac718728a36d", "numVertices": 612, "min": [-0.415, 0.0, -0.032]}
