{"max": [-0.0640771, 1.21767, -0.069091], "centroid": [-1.1132170224282887, 0.5510888896597765, -0.3687987385323556], "id": "a12abb06ee3aa30ae074517a246f1e65", "numVertices": 7495, "min": [-2.14637, 0.0, -0.909343]}
