{"max": [1.2, 1.95719, 0.491365], "centroid": [0.589695170139142, 0.9360452834626516, 0.3671997511143968], "id": "3bf437403138e6c9aa669fbe8e7a7c4d", "numVertices": 8121, "min": [0.0, 0.00719365, 0.0363654]}
