{"max": [0.0, 1.0668, 0.3556], "centroid": [-0.3825517492724666, 0.22889961940085568, 0.005265944650499337], "id": "1b32d878eeb305e45588a2543ef0b0b4", "numVertices": 701, "min": [-0.762, 0.0, -0.0471932]}
