{"max": [0.0, 0.8763, 0.6096], "centroid": [-0.8884135615819195, 0.6277479510357822, 0.03073375291902057], "id": "40d4200a071b555c5588a2543ef0b0b4", "numVertices": 531, "min": [-1.2192, 0.0, -0.0471932]}
