{"max": [1.77845, 0.646212, 0.4754], "centroid": [0.8895887279182717, 0.42065732307213216, 0.2399753354021794], "id": "6e77b16c5463bf147756371b6ccc35f2", "numVertices": 1927, "min": [7.58952e-05, -0.00787519, 0.00885411]}
