{"max": [0.02, 1.05, 0.0199999], "centroid": [-0.7550360121117389, 0.48751275694321544, -0.7090622478425092], "id": "580a7733e55e08be3c8d0fdfb1cc2535", "numVertices": 5653, "min": [-1.52, 0.01, -0.743]}
