{"max": [0.02, 0.766239, 0.0418297], "centroid": [-0.6875687887181254, 0.2852304910931456, -0.2667799692792288], "id": "54f33a7cb3621d5ced98cca8f0ccd5f7", "numVertices": 6042, "min": [-1.39598, -0.003, -0.556]}
