{"max": [0.0, 1.94375, 0.0], "centroid": [-0.9, 0.9479166666666666, -0.3519913333333333], "id": "f7b5756c04e354a0c1c40d87de24d930", "numVertices": 12, "min": [-1.8, 0.0, -0.9]}
