{"max": [0.924998, 0.406616, 0.384999], "centroid": [-0.003882379915533462, 0.2701790339464367, 0.003550885918665028], "id": "1e039c5d86b061a593ebeeedbff73b", "numVertices": 4854, "min": [-0.924998, 0.0, -0.384999]}
