{"max": [0.299006, 0.886198, -0.0265836], "centroid": [-0.740440605783207, 0.5472584962841434, -0.46623160458449847], "id": "b628ddfe4d99a46021c74c368d3910fb", "numVertices": 10361, "min": [-1.77771, 0.0, -0.900183]}
