{"max": [0.6096, 0.8763, 0.0], "centroid": [0.16351261911949722, 0.627526842767296, -0.48195269811320784], "id": "316bd800a04f14f0de650492e45fb14f", "numVertices": 159, "min": [0.0, 0.0, -0.666753]}
