{"max": [-1.31084, 1.06654, 0.831123], "centroid": [-3.1821519819819835, 0.4358755765765765, 0.49450072954954966], "id": "6152fd8b7b5b10df436455e65b78c0e3", "numVertices": 222, "min": [-5.01836, -0.1317, -0.00178891]}
