{"max": [1.2192, 0.48895, 0.0], "centroid": [0.6095806080034148, 0.2781075975597277, -0.17779548447098548], "id": "a5856a7738262b05738e43095496b061", "numVertices": 23440, "min": [0.0, 0.0, -0.3556]}
