{"max": [0.1016, 3.2004, 0.1016], "centroid": [-2.466027211404733, 1.57980366481223, -0.0819847691237802], "id": "594128786d7aacf26f2c2a3461eaa93", "numVertices": 1438, "min": [-4.9276, 0.0, -0.4826]}
