{"max": [0.0, 0.4318, 0.0], "centroid": [-0.7873999999999991, 0.2992437500000001, -0.17779999999999985], "id": "b53a4b74b0c898ab615925cde06141be", "numVertices": 64, "min": [-1.5748, 0.0, -0.3556]}
