{"max": [0.0, 0.833264, 0.69013], "centroid": [-0.9799990621531733, 0.4548454365222226, 0.24115358788499067], "id": "9113be55eb8ddd8ead5067eac75a07f7", "numVertices": 4104, "min": [-1.96399, 0.0, 0.0]}
