{"max": [0.0, 2.4, 0.0], "centroid": [-0.7927451911372548, 1.4152227176470549, -0.2672934397759108], "id": "9e1fb93dc979f8fb5f9734700aefae4e", "numVertices": 714, "min": [-1.60446, 0.0, -0.463]}
