{"max": [1.143, 0.8763, 0.0], "centroid": [0.5692003868312747, 0.6693297572016477, -0.5553464197530864], "id": "2036aaa68d164c373fe047712e43e185", "numVertices": 243, "min": [0.0, 0.0, -0.666817]}
