{"max": [-0.015, 2.1752, 0.379977], "centroid": [-0.3598933748696134, 1.1063690404392879, 0.18566385070738897], "id": "7b97739140eebfefaf8acdb77a4cc720", "numVertices": 34516, "min": [-0.711, 0.0159, 0.0]}
