{"max": [0.9398, 0.293748, -0.0404164], "centroid": [-1.6064554138409706e-05, -0.00677629671080241, -0.32095312025300055], "id": "8325e5496a7ab8abd2b12aa6a0f050b3", "numVertices": 16126, "min": [-0.9398, -0.398348, -0.601114]}
