{"max": [1.52501, 1.0668, 3.09688], "centroid": [0.7546367763736272, 0.587235730769231, 2.8169802197802207], "id": "f35697e0ec1d35dd357ea07594f25728", "numVertices": 91, "min": [0.00101079, -0.0015875, 2.48728]}
