{"max": [0.0, 1.2573, 0.92075], "centroid": [-1.2184077161971834, 0.5740489436619725, 0.5079552816901406], "id": "26b3257b2e094083af9ff91a3a02b5aa", "numVertices": 284, "min": [-2.4384, 0.0, 0.0]}
