{"max": [1.18163, 0.45239, 0.446734], "centroid": [0.5906879916345438, 0.28684727375741964, 0.1814759238926451], "id": "e6f7d84750ac46b260bedcc07a9f285c", "numVertices": 1550, "min": [-2.30502e-08, 0.0, -0.00124531]}
