{"max": [1.31389, 1.29081, 0.500938], "centroid": [0.6507326435128565, 0.5534962095526438, 0.35143956457554465], "id": "48a9e1be51e751eec4da326c9127fbbf", "numVertices": 2061, "min": [-0.0138918, 0.0, -0.0737791]}
