{"max": [2.286, 0.8001, 1.524], "centroid": [1.1077527681481485, 0.5375689629629629, 0.761999901234568], "id": "1ccab18605adebb15735dec4de5bdaeb", "numVertices": 162, "min": [-0.1524, 0.0, 0.0]}
