{"max": [0.0, 1.46209, 0.0], "centroid": [-1.0073402380952383, 0.4097262857142858, -0.8259586666666663], "id": "3d5cf677f2aa9ad978d4d2afb777f33b", "numVertices": 42, "min": [-2.03835, 0.0, -1.84626]}
