{"max": [0.0, 0.819904, 0.51532], "centroid": [-1.157171357294114, 0.44225859611765517, 0.2827276601708856], "id": "2b065fc9d62f1540ad5067eac75a07f7", "numVertices": 5100, "min": [-2.32155, 0.0, -3.72529e-09]}
