{"max": [-1.94496, 2.0, 2.24632], "centroid": [-2.7815775000000005, 1.079736074074074, 1.6622459259259272], "id": "a82276d1ca28e11a4d87481e09b681b3", "numVertices": 108, "min": [-3.59796, 0.0, 1.61632]}
