{"max": [0.0, 0.78, 0.4], "centroid": [-0.48582037824390223, 0.2682107087665481, 0.19461155743554562], "id": "c21853b4876b7078684b7bc3f8a9aa55", "numVertices": 1435, "min": [-0.92, 0.0, -0.00100065]}
