{"max": [1.32243, 2.38879, 0.0317445], "centroid": [0.5935778202986394, 0.43949885993469806, -0.4669762357709022], "id": "2f2e54607ea04be4c93bb8ae72b9da71", "numVertices": 3375, "min": [-0.133351, -3.4544e-06, -0.742956]}
