{"max": [-1.18894, 2.07752, 0.914881], "centroid": [-1.7125155446836229, 0.9377963506849298, 0.5360097110241296], "id": "92e421ce25931b6da5e3e028709e0474", "numVertices": 1533, "min": [-2.23714, 0.0, 0.506964]}
