{"max": [-0.0904875, 0.4572, -0.0619519], "centroid": [-0.9921793377862604, 0.18616600381679366, -0.3101442511450379], "id": "af79d505f2ef2223cb2a965e75be701c", "numVertices": 524, "min": [-1.89389, 0.0, -0.557173]}
