{"max": [0.0, 0.8763, 0.0], "centroid": [-0.15212349935483843, 0.529848883870968, -0.3984662877900032], "id": "282f296a666fb63dc59350d819542ec7", "numVertices": 310, "min": [-0.3048, 0.0, -0.669925]}
