{"max": [-0.00357259, 0.924827, 0.0475832], "centroid": [-0.940654151642078, 0.5346376996829518, -0.39471664080544955], "id": "d34e91db39030275fc94591f6f745953", "numVertices": 11260, "min": [-1.87687, -0.000502285, -0.718739]}
