{"max": [-14.0227, 0.762, -16.6597], "centroid": [-14.911168633540356, 0.45371094409937923, -17.339294720496827], "id": "aa0280a7d959a18930bbd4cddd04c77b", "numVertices": 322, "min": [-15.8515, 0.0, -17.5741]}
