{"max": [0.37, 0.9, 0.0], "centroid": [-0.6313252638436486, 0.47076547231270416, -0.32973941368078064], "id": "410c1c5ae4e9d49f5ebcc146be902492", "numVertices": 307, "min": [-1.63, 0.0, -0.66]}
