{"max": [0.0, 0.7874, 0.0], "centroid": [-1.2172097368421066, 0.3211532296650705, -0.41679166411483165], "id": "6ef84eb436bf63de8e7865f75f64bf68", "numVertices": 418, "min": [-2.4384, 0.0, -0.803641]}
