{"max": [1.74249, 1.9685, 0.3683], "centroid": [1.1801675833333332, 1.1260022968253982, 0.13163649809523817], "id": "6e6a324c244158325761a0b53ed37cec", "numVertices": 252, "min": [0.612191, 0.0, -0.0254]}
