{"max": [6.24898, 1.78, -1.5396], "centroid": [3.0477578697674437, 1.108893406438069, -1.9564494186046495], "id": "4b4c1a775f9a49958cd4e3ad2fcaf039", "numVertices": 172, "min": [-0.081022, 0.0, -2.37665]}
