{"max": [0.0043, 0.4418, 0.0], "centroid": [-0.6452000000000011, 0.43585745341614796, -0.20100000000000126], "id": "3749b110a6f7895afdb310510a9dc39", "numVertices": 2576, "min": [-1.2947, 0.0028, -0.402]}
