{"max": [-5.31691, 0.7747, -0.941458], "centroid": [-6.259969983844906, 0.015289563231017742, -1.2859029305331193], "id": "1a146144063c778cd0d447e37edd880d", "numVertices": 619, "min": [-7.27271, -0.1524, -1.62091]}
