{"max": [0.9144, 0.0, 0.0], "centroid": [0.48775877850245997, -0.481467117370892, -0.22644412206572792], "id": "2b80c8d68550986bc59350d819542ec7", "numVertices": 213, "min": [0.0, -0.762, -0.365125]}
