{"max": [0.318447, 0.221799, 0.121892], "centroid": [0.016344919242903735, 0.07974395141955828, -0.03158727235583603], "id": "7a9a3abadf052b3bbc2f63672224bac8", "numVertices": 3170, "min": [-0.285793, -0.0832767, -0.1665]}
