{"max": [0.0128385, 0.853254, 0.580232], "centroid": [-0.7685410007465701, 0.467567907662688, 0.255170058782352], "id": "504ad0bf35b2004dd2b12aa6a0f050b3", "numVertices": 21011, "min": [-1.54954, 0.0, -0.074619]}
