{"max": [0.0, 2.4, 0.63], "centroid": [-1.5036220472440889, 1.213201574803152, 0.21963943307086609], "id": "891e56eed3fe1debeca22c501ad0a77a", "numVertices": 381, "min": [-3.3, 0.0, 0.0]}
