{"max": [0.706658, 1.7526, 0.191492], "centroid": [0.08327515412243078, 0.6808726667043109, -0.13421347065733066], "id": "9dfac0132596ff09b13b0af4c7a59aa0", "numVertices": 4427, "min": [-0.54431, 0.0, -0.202215]}
