{"max": [1.09987, 0.672988, 0.326985], "centroid": [0.4475511984934949, 0.3495664775097258, 0.15332087626070012], "id": "9705540347025dec9c2dcf27153363c7", "numVertices": 3084, "min": [-0.203867, 0.0, -0.0734064]}
