{"max": [0.0, 0.8763, 8.9407e-08], "centroid": [-0.20198971614349787, 0.55935001793722, -0.35581754772205065], "id": "2a3a3bf0878f1fa4c59350d819542ec7", "numVertices": 223, "min": [-0.4572, 0.0, -0.49804]}
