{"max": [0.0, 0.42, 0.52], "centroid": [-0.8603420813953492, 0.3032170542635665, 0.25015636046511636], "id": "17ebf60b6ba61ae949e6f7df978f3373", "numVertices": 258, "min": [-1.74, 0.0, -0.061003]}
