{"max": [0.355854, 8.41248, 1.90246], "centroid": [-9.102628549321617, 2.5222596328810787, 0.5171764500877919], "id": "69932a9f53ce20bbe4e346ee2650d150", "numVertices": 1253, "min": [-18.3386, -0.52832, -0.41402]}
