{"max": [0.0, 1.79387, 0.762], "centroid": [-0.628207440419579, 1.265967709540808, 0.07789790840043508], "id": "1c87c14a44982206df3a1b0d597ce76e", "numVertices": 4595, "min": [-0.911225, 0.0, 0.0]}
