{"max": [1.48747, 0.53, 1.82794], "centroid": [1.0123434761904764, 0.35504883333333337, 1.612909285714286], "id": "c50aa1c3da488573ba5342d638d0c267", "numVertices": 84, "min": [0.537474, 0.0, 1.39794]}
