{"max": [1.2192, 0.4572, 0.0], "centroid": [0.7960192362318371, 0.31722582320442005, -0.22825937569060764], "id": "3a2afbdc240a7f073fe047712e43e185", "numVertices": 181, "min": [0.0, 0.0, -0.365126]}
