{"max": [0.0, 0.762, 0.0], "centroid": [-0.5648150330450155, 0.29979261044776145, -0.21423003980099511], "id": "c59d2a61caf94a97c59350d819542ec7", "numVertices": 201, "min": [-0.9906, 0.0, -0.34564]}
