{"max": [2.17778, 0.650558, 0.477837], "centroid": [0.88472000108635, 0.43136614206128254, 0.23891868857938706], "id": "ee50d76492226837926fe0a4cdbf03", "numVertices": 718, "min": [-0.412482, 0.0, 0.0]}
