{"max": [0.0, 0.789572, 0.456335], "centroid": [-0.985847448266667, 0.566267959021413, 0.2787086261965587], "id": "dc4857179ccd30ad5067eac75a07f7", "numVertices": 8175, "min": [-1.9649, 0.0, 1.19209e-07]}
