{"max": [2.413, 0.45438, -0.209869], "centroid": [1.206706439969594, 0.36132413753799786, -0.47288152735562516], "id": "a5befb3443b070f8d2b12aa6a0f050b3", "numVertices": 5264, "min": [0.0, 0.0, -0.73567]}
