{"max": [2.45909, 2.03702, 0.066431], "centroid": [1.109532895890411, 1.139136197260273, -0.22432727561643803], "id": "ca6d108120fa949163d977b06bbd429d", "numVertices": 365, "min": [-0.207911, 0.640024, -0.412994]}
