{"max": [0.620067, 2.136, 0.0116115], "centroid": [0.3227383564575684, 1.0940740794649426, -0.5586660524538756], "id": "36bd3f2daa4ed31a921dd903dd0b8b17", "numVertices": 542, "min": [0.0104665, 0.00240017, -0.63137]}
