{"max": [-1.82872, 2.30932, 2.22113], "centroid": [-3.240730512367503, 1.616203816254421, 1.7857761307420492], "id": "9c802e8971c1b25f480fa521a9c7198a", "numVertices": 566, "min": [-4.72708, 0.0, 1.46866]}
