{"max": [2.32493, 0.442727, -0.0453501], "centroid": [1.0279803433593737, 0.2606224346610623, -0.21091113359375022], "id": "a37801a9289678201f8b303c0da5108d", "numVertices": 256, "min": [-0.00597063, 0.0, -0.404133]}
