{"max": [0.0, 0.8763, 0.0], "centroid": [-0.26830084873949583, 0.633558193277311, -0.4788314286340384], "id": "24da7fd5e33513814da5feafe6f1c8fc", "numVertices": 238, "min": [-0.5334, 0.0, -0.663575]}
