{"max": [0.0, 0.77989, 0.543646], "centroid": [-0.8753464255349315, 0.5056370577746088, 0.33922775480605194], "id": "687efa006864f71d46c340938e2ff1c", "numVertices": 7010, "min": [-1.73, 0.0, 0.0]}
