{"max": [0.0, 0.8763, 0.0], "centroid": [-0.26668472880490357, 0.6489175495403499, -0.6184667313661387], "id": "56031b004d5306954da5feafe6f1c8fc", "numVertices": 1958, "min": [-0.5334, 0.0, -0.675481]}
