{"max": [0.0, 1.87, 0.3695], "centroid": [-0.30611761368078194, 0.9944954918566755, 0.08629420273615637], "id": "30b75567780d84638ac5263758737a81", "numVertices": 307, "min": [-0.45, -0.03, -0.0303885]}
