{"max": [1.68275, 3.23654, 0.0], "centroid": [0.8426821968682519, 1.8491495086393022, -0.6647026722462188], "id": "97cfa011875acc33532e8683617554c4", "numVertices": 1852, "min": [0.0, 0.0, -0.8128]}
