{"max": [0.28969, 0.845132, 0.782306], "centroid": [-0.8663693875770012, 0.4260061581108828, 0.4152287713963031], "id": "ba8ca7cb2d3c265bdf535ea8b5cca766", "numVertices": 974, "min": [-2.01103, 0.0, -0.110395]}
