{"max": [1.18155, 0.646212, 0.4754], "centroid": [0.5953467834634502, 0.4526033834936218, 0.27391275601570175], "id": "36d1f0331d7f4ad2cf695c8970a97c29", "numVertices": 2038, "min": [7.58952e-05, -0.00787519, 0.00885411]}
