{"max": [0.0, 0.853106, 0.581785], "centroid": [-0.9813575855861925, 0.43158478237579145, 0.3167102161445651], "id": "ae6e6210e0280f24ad5067eac75a07f7", "numVertices": 2594, "min": [-1.90675, -2.87528e-05, 0.0]}
