{"max": [0.0, 0.804363, -0.011209], "centroid": [-0.9429481666331208, 0.4979201195477935, -0.3102788392156861], "id": "9dde18e7a5ea2416cb2a965e75be701c", "numVertices": 12342, "min": [-1.88595, 0.0, -0.711688]}
