{"max": [0.0, 0.4318, -0.000127737], "centroid": [-0.8764196453983312, 0.38572181780769543, -0.2465896960796653], "id": "95096288ad7e0777f155d75bbf62b80", "numVertices": 14560, "min": [-1.7526, 0.0, -0.45601]}
