{"max": [0.00022052, 0.98005, 0.0], "centroid": [-0.8529746173928427, 0.42916832879915184, -0.40603190201912653], "id": "a1f901768250762d4f60f15da4c665d0", "numVertices": 2823, "min": [-1.70022, 0.02, -0.580221]}
