{"max": [-1.95449, 0.567134, 0.333913], "centroid": [-2.7165752844422437, 0.07754251135543035, 0.03641510999258016], "id": "9d4086be72fa427cd2b12aa6a0f050b3", "numVertices": 8086, "min": [-3.48166, -0.298585, -0.286272]}
