{"max": [0.0635, 0.5334, -0.0555169], "centroid": [-0.6107169893955089, 0.2532941001727109, -0.31007281347150245], "id": "9ffdd44e709142551b4e9ccf27cd840d", "numVertices": 579, "min": [-1.27635, 0.0, -0.544746]}
