{"max": [0.0, 0.7874, 0.392112], "centroid": [-0.5911553081272081, 0.38333584098939977, 0.05480210558303844], "id": "e2716932c4739645e0958c0e3fc3eaab", "numVertices": 566, "min": [-1.49225, 0.0, 0.0]}
