{"max": [0.0, 0.0, 0.0], "centroid": [-0.5998001892230593, -0.2931802347974536, -0.29819879072681665], "id": "29832b9c3d644c744da5feafe6f1c8fc", "numVertices": 798, "min": [-0.8382, -0.5969, -0.358775]}
