{"max": [0.0, 0.44, 0.35], "centroid": [-1.0999951682000002, 0.2945702499999999, 0.17498453192499996], "id": "98fe81af9b74e4c278d386bfa54545", "numVertices": 32, "min": [-2.2, 0.0, 0.0]}
