{"max": [0.0, 2.15424, 0.966831], "centroid": [-0.4922560376106194, 0.8093651223119464, 0.3732594181415929], "id": "646fa7efaaef21a41d20b5ad5ef1cb1b", "numVertices": 452, "min": [-1.07633, 0.0, 0.0]}
