{"max": [1.78689, 0.496216, -0.271757], "centroid": [0.9107309823232309, 0.34843062853535384, -0.5484929621212125], "id": "44c720c5edf8942798cfd47a860803c5", "numVertices": 396, "min": [0.122553, 0.0395824, -0.784847]}
