{"max": [0.0, 11.514, 3.95], "centroid": [-4.434364442460571, 6.206713627760246, 0.6338452643533137], "id": "273bd29d931bd255343edb005e0de5c", "numVertices": 317, "min": [-8.547, 0.0, -0.26]}
