{"max": [0.0, 2.22567, 0.381], "centroid": [-0.8793518658930374, 0.8679268152371405, 0.041181638363067506], "id": "b3328bd358d7ace07c68e936cd219e1b", "numVertices": 1982, "min": [-1.76193, 0.0, 0.0]}
