{"max": [0.9144, 0.762, 0.589714], "centroid": [0.47268279420289705, 0.4706492782608685, 0.03683455765217451], "id": "bcf7688f64a642e3fb266533561ee98a", "numVertices": 1380, "min": [0.0, 0.0, 0.0]}
