{"max": [0.0, 0.853152, 0.100594], "centroid": [-1.2273550939347035, 0.5449084465364512, -0.12155559383255658], "id": "a0cadebde61910df98e8242d4a63e1e5", "numVertices": 19290, "min": [-2.4511, 0.0, -0.588777]}
