{"max": [0.8636, 0.5207, 0.0], "centroid": [0.40607643312101943, 0.21360608407643297, -0.21240721273885363], "id": "3c40692f71e9b773c2c0fe12f0bcb343", "numVertices": 314, "min": [-0.0508, 0.0, -0.431864]}
