{"max": [-0.202363, 2.49, -0.135115], "centroid": [-0.3789481851851818, 1.1349485318518526, -1.3011126074074115], "id": "2f30f402c00a166368068eb0ef40fbb1", "numVertices": 1080, "min": [-0.552363, 0.0, -2.46711]}
