{"max": [-0.0014003, 2.32093, 0.304287], "centroid": [-0.5195450783064511, 0.9902437016129033, 0.15703902145161283], "id": "8e7dcefda14362f866f6836074ef23fa", "numVertices": 248, "min": [-1.1063, 0.0, 0.00266202]}
