{"max": [1.3843, 0.97155, 2.80988], "centroid": [0.07600778662420378, 0.5652916152866236, 1.37456880254777], "id": "5a935225ccc57f09e6a4ada36a392e0", "numVertices": 157, "min": [-0.0460375, 0.0, -0.05715]}
