{"max": [0.0, 0.4191, 0.4826], "centroid": [-1.2136398009950249, 0.23258059701492545, 0.2425004975124377], "id": "a393945aad7a2cad5067eac75a07f7", "numVertices": 201, "min": [-2.4384, 0.0, 0.0]}
