{"max": [0.0, 0.8763, 0.0], "centroid": [-0.27674572929950764, 0.5332590524752491, -0.6153542752512159], "id": "13aeab12a8ccdb244da5feafe6f1c8fc", "numVertices": 4040, "min": [-0.5334, 0.0, -0.6574]}
