{"max": [0.0, 1.8195, 5.96046e-08], "centroid": [-0.8005851523865314, 0.7765030020240407, -0.4265596265526912], "id": "93ee050394f3b15e3c8d0fdfb1cc2535", "numVertices": 22292, "min": [-1.6, -0.322051, -0.49]}
