{"max": [0.0, 1.61961, 0.0], "centroid": [-0.38692510586011414, 0.23598502971644686, -0.26747140075614406], "id": "b399f7819e05c8bd492d9da2668ec34c", "numVertices": 529, "min": [-0.762, 0.0, -0.479425]}
