{"max": [-0.851398, 1.11453, 0.819014], "centroid": [-1.4721092142857142, 0.618747304464285, 0.5659910758928575], "id": "c57b336bd865c0907b20cb946bceb58f", "numVertices": 224, "min": [-2.09282, 0.0, 0.165081]}
