{"max": [1.121, 2.3, 0.0], "centroid": [0.5553000094915266, 0.5799792728135659, -0.44730543186440735], "id": "7e0483b10eb6ae141620773c2aaaa465", "numVertices": 1475, "min": [0.0, 0.0, -0.467476]}
