{"max": [-0.0935824, 0.674688, 0.614419], "centroid": [-0.690122806746629, 0.41701147226386964, 0.3788977518740621], "id": "bcee1a76f453723c4cc1952ae0d6e81a", "numVertices": 1334, "min": [-1.31278, 0.0, 0.131819]}
