{"max": [0.007, 0.747062, 0.014], "centroid": [-0.733861146603789, 0.2894849517793129, -0.2702345680333338], "id": "34577ccdcbd46908ed98cca8f0ccd5f7", "numVertices": 7936, "min": [-1.47712, -0.003, -0.558817]}
