{"max": [-0.815168, 0.71, 1.63201], "centroid": [-1.8850936741573023, 0.2797785224719101, 1.4867839101123592], "id": "756108c9b72e95aa57d85583f4ad07cf", "numVertices": 178, "min": [-2.89017, -0.335, 0.977012]}
