{"max": [3.39514, 1.30671, 2.02647], "centroid": [2.608155646932185, 0.7654186103336926, 1.2148046716899932], "id": "d27d44b023a8ac1a54457eecf7344025", "numVertices": 929, "min": [-0.16, 0.002044, 0.0]}
