{"max": [0.003175, 2.4384, 0.3048], "centroid": [-0.46912232965009437, 1.2420149465930022, 0.013934917127071147], "id": "cdf33719d80e3f1dadecb2bfe4fe7f60", "numVertices": 1086, "min": [-0.917575, 0.0, -0.01397]}
