{"max": [0.046, 0.9, 0.481173], "centroid": [-0.558395470267604, 0.19090533420437011, 0.11870682756213874], "id": "4e217d2ef816a08251c4deb11af7079e", "numVertices": 3983, "min": [-1.164, 0.0, -0.104]}
