{"max": [-19.9033, 1.70207, -1.39082], "centroid": [-20.218794482758636, 1.1502133724137935, -1.8482978965517285], "id": "53d1e4d3a815840b7753393bcfa5f775", "numVertices": 290, "min": [-20.551, 0.527323, -1.86389]}
