{"max": [0.0, 1.06958, 0.0666616], "centroid": [-0.750000000000001, 0.5677047424083774, -0.4407968481675392], "id": "6f0723826537010c870f22c94729669b", "numVertices": 382, "min": [-1.5, 0.0, -0.920777]}
