{"max": [1.39926, 0.758, 0.0253363], "centroid": [0.6992578717755924, 0.38572440761417315, -0.9036460759921261], "id": "1ac6a3d5c76c8b96edccc47bf0dcf5d3", "numVertices": 508, "min": [-0.000743319, -0.000399999, -1.8349]}
