{"max": [-0.888721, 0.753855, 1.10079], "centroid": [-1.186766220430105, 0.49799420751622747, 0.7451814848484573], "id": "6f113f2baf10463635836c728d324152", "numVertices": 2046, "min": [-1.49383, -0.000587146, 0.603443]}
