{"max": [-1.67502, 1.0414, 0.938751], "centroid": [-2.075047378640777, 0.5548126077669899, 0.5550758932038837], "id": "6f2ce914b5d4db81e28993aa4d91dd77", "numVertices": 618, "min": [-2.47623, 0.0, 0.538147]}
