{"max": [0.0, 0.450729, 0.00384404], "centroid": [-0.6084843803666901, 0.39678452884219406, -0.269250419587555], "id": "84d3224312b9630465826cf0dd1f6a6c", "numVertices": 4854, "min": [-1.21666, 0.0, -0.556862]}
