{"max": [0.00148333, 1.8288, 0.65405], "centroid": [-0.667703943028248, 0.8455910960451978, 0.3877877774011301], "id": "6198e40d0055c59fc34a45b74d0027ff", "numVertices": 177, "min": [-1.3716, 0.0, 0.0]}
