{"max": [0.006096, 0.840861, 1.11759e-08], "centroid": [-0.8765782811682217, 0.45008296028037614, -0.326052793945849], "id": "f5ca026c6cb2b06b56be5749887a17a3", "numVertices": 856, "min": [-1.7592, 0.0, -0.601107]}
