{"max": [0.003175, 2.19075, 0.494506], "centroid": [-0.17910394106529198, 1.3446676872852237, -0.04396414879725085], "id": "3475657660a798a155590b0eedbb2f18", "numVertices": 582, "min": [-0.377825, 0.0, -0.13335]}
