{"max": [-0.193675, 0.815138, -0.264423], "centroid": [-1.136651915645949, 0.4420428168787023, -0.6527137848676425], "id": "4eb44cf234eb74dfcb2a965e75be701c", "numVertices": 5062, "min": [-2.07963, 0.0, -0.956305]}
