{"max": [0.0, 0.789572, 0.455297], "centroid": [-0.985650338068309, 0.579727901334309, 0.2797647244661542], "id": "8553cd048bbdbc15ad5067eac75a07f7", "numVertices": 8169, "min": [-1.9649, 0.0, 0.0]}
