{"max": [1.36484, 1.0484, 0.479216], "centroid": [0.723893259026687, 0.2428446073940354, 0.13032317268445884], "id": "2726971c1ed929eaa733727fd41bdb33", "numVertices": 1274, "min": [0.0821384, 0.000649707, 0.101065]}
