{"max": [7.45058e-09, 0.389999, 0.620003], "centroid": [-0.8249994979969683, 0.12378196505747248, 0.32507366852873576], "id": "e14c754dab919df2ed647189c2f43b5f", "numVertices": 348, "min": [-1.65, 0.0, 0.0]}
