{"max": [0.0, 0.835956, 0.0], "centroid": [-0.24108615950919654, 0.5051782145377636, -0.2679752380359637], "id": "f343599b3eb41ae3f155d75bbf62b80", "numVertices": 4727, "min": [-0.4826, 0.0, -0.625367]}
