{"max": [0.008, 0.735478, 0.199516], "centroid": [-0.879549760255579, 0.2962535541481887, -0.23213751409417943], "id": "b4a9481e902d011ced98cca8f0ccd5f7", "numVertices": 5928, "min": [-1.768, -0.003, -0.631671]}
