{"max": [1.20015, 0.3429, 0.0254], "centroid": [0.46930192244488966, 0.1791714753507011, -0.127089128056112], "id": "9d47deb11cac29f089345002d2594e4c", "numVertices": 499, "min": [-0.24765, 0.0, -0.2794]}
