{"max": [-0.0614517, 0.760299, -0.0318462], "centroid": [-0.9739889427435412, 0.3585886520874739, -0.28429985208747544], "id": "31f34cbd9385944181faebbdea6bd9be", "numVertices": 2012, "min": [-1.8839, 0.0, -0.60493]}
