{"max": [0.513086, 0.886198, -0.0728307], "centroid": [-0.7902635855839764, 0.5340050763112799, -0.7273920678012391], "id": "fec8bee05108531cf7ad31381468cb01", "numVertices": 13544, "min": [-2.10229, 0.0, -1.25424]}
