{"max": [0.0, 4.71805, 0.0], "centroid": [-4.186660408163267, 2.3403873605442187, -4.999909251700678], "id": "7aa00b5d006a7e8de6860aa648421493", "numVertices": 147, "min": [-8.40105, -0.00635, -6.00149]}
