{"max": [3.44186, 0.613232, -1.50691], "centroid": [2.2077942727406157, 0.3865931790845037, -1.8517415463615214], "id": "419f4ab8254c97a2056b4bd5d870b47", "numVertices": 6816, "min": [0.991383, 0.00946912, -2.18434]}
