{"max": [0.144581, 0.830527, 0.0175999], "centroid": [-0.7700477675047611, 0.4591707674696501, -0.8079398983617084], "id": "db4f8c9f1c62e421efca4f7cb98e0c29", "numVertices": 19369, "min": [-1.68422, 0.0, -1.63336]}
