{"max": [0.0, 0.840861, 0.123269], "centroid": [-0.8842110790034589, 0.4433841958525367, -0.2014117511520739], "id": "3b412429257bc1c34e437e844fb32a1e", "numVertices": 868, "min": [-1.7653, 0.0, -0.477837]}
