{"max": [0.158359, 0.319422, 0.19169], "centroid": [-0.7638382582669835, -0.16137859635398008, -0.11028770085709072], "id": "49ab2a5a9005eab9d2b12aa6a0f050b3", "numVertices": 8667, "min": [-1.68314, -0.546307, -0.434327]}
