{"max": [2.66251, 1.79356, 1.29543], "centroid": [1.9225099999999977, 1.053560748201438, 1.115840043165468], "id": "5172c96ea99b9f5fde533fa000314311", "numVertices": 139, "min": [1.17251, 0.303562, 0.937027]}
