{"max": [0.0, 2.4384, 0.96774], "centroid": [-0.609686394557823, 1.6913238095238097, 0.22495414965986404], "id": "995a40846929e9753da27ece6ae88fff", "numVertices": 147, "min": [-1.2192, 0.0, 0.0]}
