{"max": [0.0, 0.8255, 0.0], "centroid": [-0.24545399709443175, 0.542609877320423, -0.57672143333607], "id": "8cf41a94663c7fe24da5feafe6f1c8fc", "numVertices": 1239, "min": [-0.4572, 0.0, -0.658019]}
