{"max": [1.8288, 0.451906, 0.701421], "centroid": [0.9143997500000003, 0.3771145000000006, 0.3628350865000002], "id": "7a910c3d6878068ba653610be84c6d81", "numVertices": 160, "min": [0.0, 0.197906, 0.0]}
