{"max": [0.0236591, 0.627835, 0.383659], "centroid": [-0.5218062176867417, 0.3452604997381334, 0.000614229150837802], "id": "2f87d7d3c522f07b297936c81e7f6629", "numVertices": 2444, "min": [-1.07634, 0.0, -0.169835]}
