{"max": [0.0, 0.915737, 0.0266703], "centroid": [-0.6125761771300439, 0.26223070748430494, -0.26415191610762334], "id": "287475ec16f5b7477b636e5c31038bd", "numVertices": 892, "min": [-1.22555, 0.0, -0.585383]}
