{"max": [0.9144, 0.0, 0.0], "centroid": [0.47316878505054866, -0.48534659305993594, -0.24879391798107245], "id": "28bd3151d50a4d78c59350d819542ec7", "numVertices": 317, "min": [0.0, -0.762, -0.336853]}
