{"max": [0.0128373, 0.85282, 1.96767], "centroid": [-0.6223948707466448, 0.5474219913201435, 1.6568106550322599], "id": "f8137efb3a8bf9c3d2b12aa6a0f050b3", "numVertices": 25098, "min": [-1.25744, -0.000307188, 1.31299]}
