{"max": [0.0, 0.712784, 0.677125], "centroid": [-1.832956839633458, 0.28454140756013674, 0.4035748540664378], "id": "35908dced5e46b32ad5067eac75a07f7", "numVertices": 873, "min": [-3.6576, 0.0, 0.0]}
