{"max": [0.00844994, 0.92, 0.07], "centroid": [-0.24675228096182697, 0.36842842516113455, -0.4389034623465497], "id": "283bf988df376b9786ac7f2dceaa530", "numVertices": 4034, "min": [-0.501841, -0.03, -0.520712]}
