{"max": [0.0, 0.712784, 0.677125], "centroid": [-1.8321077675478747, 0.3223863525979934, 0.36469677866909767], "id": "b6c745406a599dddad5067eac75a07f7", "numVertices": 1097, "min": [-3.6576, 0.0, 0.0]}
