{"max": [6.24609, 0.309334, 39.8003], "centroid": [5.560370545601001, 0.16082101987114938, 39.50756718341061], "id": "7c3314a24702128d19fb4103277a6b93", "numVertices": 4967, "min": [4.87646, -0.0915985, 39.2121]}
