{"max": [-0.81915, 1.37795, 0.3556], "centroid": [-1.184275126315792, 0.7229306842105274, 0.07113685894736858], "id": "760d765845cfb99b770ba9dfcb1fabed", "numVertices": 380, "min": [-1.5494, 0.0, 0.0]}
