{"max": [0.00919861, 0.952442, 0.476209], "centroid": [-0.8211023172565808, 0.10243505402312474, 0.2242052908179583], "id": "87e7c6e590eaab04f42a90fe4baf4591", "numVertices": 1626, "min": [-1.65138, 0.0, -0.00977125]}
