{"max": [2.5052, 0.559014, 0.0], "centroid": [1.2515660378106461, 0.3611963055749117, -0.24864644699558625], "id": "b2596a0e14772bbad5067eac75a07f7", "numVertices": 1722, "min": [5.96046e-08, 0.0, -0.509054]}
