{"max": [1.83833, 0.787794, 0.00338463], "centroid": [0.977369930795167, 0.36619903414856547, -0.26246357373507456], "id": "5d8f7c82a04943fed201085e80edb26a", "numVertices": 6583, "min": [-0.015875, 0.0, -0.552506]}
