{"max": [0.0, 1.2, 0.615], "centroid": [-0.8749999999999999, 0.3135714285714283, 0.29823571428571444], "id": "c3d8c664906eb8e57b11ae648ea92233", "numVertices": 112, "min": [-1.75, 0.0, 0.0]}
