{"max": [2.01117, 0.666641, 2.36683], "centroid": [1.0999451038461552, 0.4433614615384608, 2.013992153846155], "id": "be9a174af2b3a463f4fb4dee5181bee", "numVertices": 260, "min": [0.18872, 0.00635, 1.66116]}
