{"max": [0.0, 0.83954, 0.00769262], "centroid": [-0.8820612889609187, 0.4224948974613058, -0.275114986724319], "id": "cb4c2ef4e926f7c6d4d8765e3910f617", "numVertices": 8779, "min": [-1.7653, -0.000911555, -0.57785]}
