{"max": [1.25961, 1.19809, 1.408], "centroid": [0.5808452427690503, 0.6738005475292789, 0.7151424409732239], "id": "186da14db8a38403612d80eb7de76ff", "numVertices": 24167, "min": [-0.3, -0.000999995, 0.0]}
