{"max": [1.04315, 0.4926, 1.73628], "centroid": [0.029958821428571484, 0.3410071428571428, 1.3359735714285714], "id": "b20a0209355ef6ddfe6460d8d9bd16c6", "numVertices": 56, "min": [-1.03914, 0.0, 1.01404]}
