{"max": [1.77241, 0.59055, 0.0], "centroid": [0.8578666334878087, 0.27167326716606477, -0.2529613198637195], "id": "46bae1672b4d146993a6b3a551dcb739", "numVertices": 4432, "min": [-0.056642, 0.0, -0.508]}
