{"max": [0.0, 0.427038, 0.0], "centroid": [-0.8826505260135132, 0.39528413513513744, -0.2389186668918914], "id": "7c770e38383d59be279e896561802d26", "numVertices": 592, "min": [-1.7653, 0.0, -0.477837]}
