{"max": [1.85692, 0.885111, 0.684939], "centroid": [0.9168305689868035, 0.5417311919965939, 0.4413415288207709], "id": "1dfcce44c2f98d2c81e7c6cfefba0d68", "numVertices": 2349, "min": [-0.0177463, 0.0, 0.0184298]}
