{"max": [0.11557, 0.732588, 0.0], "centroid": [-0.7996792579605723, 0.3031302350800267, -0.24659956576505124], "id": "4b495cde98399a83d4d8765e3910f617", "numVertices": 4561, "min": [-1.71323, 0.0, -0.56642]}
