{"max": [0.0, 0.8763, 8.9407e-08], "centroid": [-0.20402965898068773, 0.5478070375536509, -0.4593457511491508], "id": "39db396f57ec698cc59350d819542ec7", "numVertices": 1864, "min": [-0.4572, 0.0, -0.508]}
