{"max": [0.0, 0.729999, 0.850003], "centroid": [-1.0949967354545456, 0.2627041813636354, 0.42500056910227285], "id": "67bee18dec77f305e4af5827e8177766", "numVertices": 352, "min": [-2.19, 0.0, 0.0]}
