{"max": [0.0, 0.829277, 0.0118382], "centroid": [-0.8820435490864351, 0.35685068230078787, -0.22165493482441354], "id": "17d8e07c30ff1657d201085e80edb26a", "numVertices": 8241, "min": [-1.7653, -0.00258163, -0.563372]}
