{"max": [-1.51235, 1.95, 1.30489], "centroid": [-2.571618724770638, 0.8810336981651347, 0.7603706090214163], "id": "4d36c59bd32fd885aadbf8208284c675", "numVertices": 6540, "min": [-3.71214, -0.1, 0.653287]}
