{"max": [0.0, 0.840861, 1.11759e-08], "centroid": [-0.8826752541960119, 0.45348182394366415, -0.32342097983291884], "id": "f958d18643e7dffd99892aa9c57c2870", "numVertices": 852, "min": [-1.7653, 0.0, -0.601107]}
