{"max": [7.45058e-09, 0.385, 0.0], "centroid": [-0.47535040729112227, 0.200657353846154, -0.16866936923076936], "id": "15cfe15285425b67bc96b70d50d39da4", "numVertices": 130, "min": [-0.965, 0.0, -0.3]}
