{"max": [0.0, 2.2, 0.62], "centroid": [-0.7200702000000028, 1.4008034860557739, 0.09948302430278988], "id": "9b2759851023fad7dedad3eee47fd556", "numVertices": 1004, "min": [-1.44, 0.0, 0.0]}
