{"max": [0.0, 0.4318, 0.3048], "centroid": [-0.6604000000000004, 0.23951436625000025, 0.1623775303321429], "id": "943dde2754ddc7822e8ff3556a90169", "numVertices": 224, "min": [-1.3208, -0.00300299, -0.000538175]}
