{"max": [0.0, 1.0, 1.31231], "centroid": [-1.5373593045267473, 0.5537734279835401, 0.5314086745679015], "id": "bbe3d0864b95faca48d057884d36455c", "numVertices": 243, "min": [-3.0, 0.391925, -0.259076]}
