{"max": [-0.0124607, 1.84745, 0.52], "centroid": [-0.6673808482352944, 0.3179917711764707, 0.2223547851764711], "id": "1411cbedcc428f73b76e29c9c43bc7aa", "numVertices": 170, "min": [-1.31742, 0.0, -0.01]}
