{"max": [9.7e-05, 0.722197, 0.526931], "centroid": [-0.538733456616282, 0.3826038830608042, 0.044729952124443924], "id": "77ead277434621b5343087e1efdee691", "numVertices": 10516, "min": [-1.10524, -0.001459, -0.000154]}
