{"max": [0.0, 0.568318, 0.456335], "centroid": [-0.9829134709428655, 0.46274424129121633, 0.19557839893636964], "id": "f2916fe6d5f06678ad5067eac75a07f7", "numVertices": 4306, "min": [-1.96446, 0.0, 0.00103784]}
