{"max": [0.0, 0.798438, 0.00115595], "centroid": [-0.6172886113150899, 0.5056188756218897, -0.35120024988391385], "id": "76e5103be2d6199071998932c708d327", "numVertices": 603, "min": [-1.23825, 0.0, -0.699783]}
