{"max": [-0.0280186, 1.7399, 0.508081], "centroid": [-0.58602513513321, 1.192917031198647, 0.27744726269708947], "id": "3b5d7b7fb89b178d50711e66b0db6ed", "numVertices": 18279, "min": [-1.04402, 0.0, 0.0]}
