{"max": [0.0, 0.943, 0.0], "centroid": [-0.5424673167701866, 0.5002045838509313, -0.24452795031055957], "id": "2988d5b3d61d80c276555d27f71ae823", "numVertices": 161, "min": [-1.1, 0.0, -0.285]}
