{"max": [1.651, 0.485402, 0.0626153], "centroid": [0.7372705975669096, 0.21881187639902652, -0.15304867566909944], "id": "146934a1cb852afc1a1a2dbbd3d54d53", "numVertices": 411, "min": [-0.1778, 0.0, -0.428375]}
