{"max": [2.87115, 2.1889, 0.561587], "centroid": [1.6721845058626503, 0.551136629815746, 0.2302867745393636], "id": "9c15e8897adce40c963aff3ec12fdcb", "numVertices": 1194, "min": [0.456184, -0.132, 0.0044646]}
