{"max": [-2.09536, 1.93868, 0.0418171], "centroid": [-3.17683293455919, 0.8783917128341554, -0.19254248916172945], "id": "7155c1f2abcd7dd2e3f7a74e12a274ef", "numVertices": 8267, "min": [-3.97536, 0.0666765, -0.411459]}
