{"max": [0.0, 1.2319, 0.0], "centroid": [-0.3427245060545943, 0.6277380574636763, -0.6295358121972457], "id": "b50c25e6b5447714e90f8ac2c1271ce3", "numVertices": 9084, "min": [-0.6858, 0.0, -0.658011]}
