{"max": [-1.41414, 2.25, 3.32034], "centroid": [-4.074577191315457, 1.196791931335518, 3.180271010323532], "id": "64b8884bcd36c6fef94d7e6d8577c8ff", "numVertices": 75352, "min": [-7.41414, 0.0, 2.77034]}
