{"max": [0.0, 0.819904, 0.515308], "centroid": [-1.465645186500648, 0.5315333696720707, 0.30879597157795313], "id": "e0777bc4f8e3c6db63b2acb037dfbcde", "numVertices": 50432, "min": [-2.93115, 0.0, 0.0]}
