{"max": [-0.00199999, 0.79, 0.48], "centroid": [-0.6936563074519246, 0.45287111057692264, 0.24251805769230797], "id": "a71fa3fbcd132c39cf44224546cb0306", "numVertices": 832, "min": [-1.392, 0.0, 0.0]}
