{"max": [6.06043, 2.0828, -1.54686], "centroid": [4.241979178905164, 1.2571997857142807, -2.16733268357812], "id": "663cf5c8c88a187b6fa3ef67a69ab460", "numVertices": 1498, "min": [2.39293, 0.0, -2.73776]}
