{"max": [0.587375, 1.61961, 0.0], "centroid": [0.37937528029375817, 0.3920952353977972, -0.2778341542227668], "id": "a4a939a0bd8f8cd9492d9da2668ec34c", "numVertices": 817, "min": [0.0, 0.0, -0.6096]}
