{"max": [0.611494, 0.889, 0.345356], "centroid": [0.07781918750000005, 0.41681796875, 0.06686115625000011], "id": "405d1666d90df2c139842e32fb9b4e4a", "numVertices": 64, "min": [-0.604427, 0.0, -0.358159]}
