{"max": [-0.294097, 0.98425, -0.490242], "centroid": [-1.0961192632441312, 0.5624784030584368, -1.029256609503012], "id": "a1daa27571e67bf7239d26686a11c3", "numVertices": 1831, "min": [-1.90382, 0.0, -1.09508]}
