{"max": [0.0, 0.853152, 0.100594], "centroid": [-0.6155377638986578, 0.4718156908430701, -0.1776635523532722], "id": "46b3e857b7faab0117f92404d4be5d8", "numVertices": 1421, "min": [-1.2319, 0.0, -0.588777]}
