{"max": [2.84374, 2.6, 0.27793], "centroid": [1.36462329085366, 1.2449390658536592, -0.10352882926829261], "id": "88a30428b822f8ad630e9aba042fe4f", "numVertices": 164, "min": [-0.0802613, 0.0, -0.38007]}
