{"max": [0.0, 0.811053, 0.0], "centroid": [-0.9759639388799989, 0.3938979066666662, -0.3052722896000004], "id": "1be83cdaf803fa3b827358da75ee7655", "numVertices": 375, "min": [-1.93675, 0.0, -0.59664]}
