{"max": [-0.247349, 2.2352, 1.3572], "centroid": [-1.8888931775417337, 1.3991510318664677, 0.9054229590288337], "id": "b8be007c703f1a9eb336215553415709", "numVertices": 659, "min": [-3.58745, 0.0, 0.703147]}
