{"max": [0.000396875, 0.793248, -0.000601777], "centroid": [-1.2383112278801294, 0.40128031005122167, -0.42962480340799253], "id": "6752d9230ae82d1ce67de87b371d4c06", "numVertices": 12456, "min": [-2.4769, 0.0, -0.683144]}
