{"max": [0.265378, 0.868401, 0.019664], "centroid": [-0.5942619702702746, 0.5847583517374555, -0.20545096460625434], "id": "19f24754ceb9bc948598ced6ad25b3e2", "numVertices": 2590, "min": [-1.38298, 0.0, -0.600838]}
