{"max": [0.0762, 0.5334, 0.4064], "centroid": [-1.2871407342657335, 0.4071770979020981, 0.1970386433566433], "id": "3b7fc97192e483ebb0bf045ee98272fc", "numVertices": 143, "min": [-2.667, 0.0, -0.0254]}
