{"max": [1.9, 0.429999, 0.0], "centroid": [0.9500002128571419, 0.25833271380952294, -0.17428629739285734], "id": "b54d0fbc33d125bb7a6d149f6c9151a9", "numVertices": 336, "min": [0.0, 0.0, -0.460003]}
