{"max": [0.0, 0.853152, 0.100594], "centroid": [-1.2255499529190177, 0.48041933177401214, -0.16962360679378477], "id": "be2bcc5a5ddedefa80065a186bd67f86", "numVertices": 2124, "min": [-2.4511, 0.0, -0.588777]}
