{"max": [0.00373461, 0.795567, -0.00322491], "centroid": [-0.5415852624011007, 0.4778586739061612, -0.31737213600613745], "id": "60757e398b7d51c5c143e86eb74c3988", "numVertices": 5213, "min": [-1.08711, -0.00970905, -0.649273]}
