{"max": [0.0, 0.8763, 0.0], "centroid": [-0.46057099588477374, 0.5464842798353912, -0.4792855803082349], "id": "21f3c0d4604587b4da5feafe6f1c8fc", "numVertices": 243, "min": [-0.9144, 0.0, -0.669925]}
