{"max": [0.234231, 3.0045, 0.684488], "centroid": [-1.2821627712039567, 1.0150169593183087, 0.15030815430456423], "id": "b0709afab8a3d9ce7e65d4ecde1c77ce", "numVertices": 1819, "min": [-2.65947, 0.0, -0.149]}
