{"max": [-0.0721313, 0.762, -0.0620745], "centroid": [-1.3424589865147933, 0.6574091478078904, -0.44371714085590985], "id": "909fcd9e329cd49581faebbdea6bd9be", "numVertices": 6496, "min": [-2.54863, 0.0, -0.824737]}
