{"max": [67.017, 57.8425, 17.2959], "centroid": [45.8530293182619, 29.471979894030373, -0.3846778612504383], "id": "504949a3b05dd13e3f7a74e12a274ef", "numVertices": 2831, "min": [25.2916, -0.525732, -2.20056]}
