{"max": [1.503, 0.5, 0.0], "centroid": [0.7112879859154928, 0.23202253521126756, -0.42082947887323957], "id": "acee69c7c5517899af4d0096b3f9aa03", "numVertices": 355, "min": [-0.003, 0.0, -0.533]}
