{"max": [0.0, 0.709263, 0.0], "centroid": [-0.29754181172291294, 0.44766671140319775, -0.4073939555950268], "id": "263f629d385be2b1601104cd2d998272", "numVertices": 563, "min": [-0.585, -0.00330031, -0.699995]}
