{"max": [0.0, 0.8763, 0.0], "centroid": [-0.5005854603603608, 0.6274721513513498, -0.5286464937205416], "id": "1a51237c9515ad0a4da5feafe6f1c8fc", "numVertices": 555, "min": [-0.9906, 0.0, -0.669925]}
