{"max": [1.27909, 0.922643, 0.520624], "centroid": [0.7300595135951644, 0.560984865861031, 0.09995996862839895], "id": "4d3df5ede83cd26e661673811de66400", "numVertices": 1655, "min": [0.184086, 0.191643, -0.0493757]}
