{"max": [-1.91826, 0.81, 0.718147], "centroid": [-2.417556870095912, 0.46544608936355625, 0.22233500959023828], "id": "8714a704af18d44b11a97ee9284a563", "numVertices": 4588, "min": [-2.91826, 0.0, 0.150147]}
