{"max": [0.0238125, 0.673209, 0.46355], "centroid": [-0.5338187794338648, 0.41398761502706893, 0.04648480414050089], "id": "4bda28b19b2f6f865cd4f7d5b0608a", "numVertices": 16996, "min": [-1.09067, 0.0, -0.0254]}
