{"max": [0.0, 0.8763, -1.86265e-09], "centroid": [-0.15232707458751002, 0.5407131056283739, -0.5023621404150302], "id": "1e91ab0d6eb0053ac59350d819542ec7", "numVertices": 1297, "min": [-0.3048, 0.0, -0.585787]}
