{"max": [1.72634, 0.773957, 0.304321], "centroid": [0.5072171675105391, 0.40061276133486445, -0.035396475373993166], "id": "b51ae78137662b05d2b12aa6a0f050b3", "numVertices": 5214, "min": [-0.712055, -0.084309, -0.362861]}
