{"max": [0.91387, 0.5334, 0.0583147], "centroid": [-0.0030487855366796305, 0.33682026578665986, -0.21727118483505872], "id": "afa7876470b8b7881d3a1f40308f8b8d", "numVertices": 4826, "min": [-0.91493, 0.0, -0.49096]}
