{"max": [0.9144, 0.8763, 0.0], "centroid": [0.4571739508196707, 0.6701779959016408, -0.5555427459016393], "id": "146c3a9cbe3d8f703fe047712e43e185", "numVertices": 244, "min": [0.0, 0.0, -0.666817]}
