{"max": [0.0, 0.9, 0.45], "centroid": [-0.8337321911564621, 0.6316205238095224, 0.037831635082909834], "id": "74104e62e8fbcbeed0b36851d61b6fca", "numVertices": 588, "min": [-1.6, 0.0, -0.00499999]}
