{"max": [0.0, 0.8763, 0.0], "centroid": [-0.330336429371025, 0.5787939787985875, -0.6011277653815558], "id": "19492e2263ea82e4da5feafe6f1c8fc", "numVertices": 1415, "min": [-0.5334, 0.0, -0.65405]}
