{"max": [-1.3882, 0.963666, 2.65073], "centroid": [-2.3091282743009325, 0.513183981970704, 2.3652434447403676], "id": "f98acd1dbe15f3c02056b4bd5d870b47", "numVertices": 7510, "min": [-3.22981, 0.0, 1.92316]}
