{"max": [-1.35066, 0.837236, 2.18448], "centroid": [-2.2596128985506634, 0.4839269218154127, 1.9081608695651795], "id": "34a1d09b3ec2f05b2056b4bd5d870b47", "numVertices": 5244, "min": [-3.18104, 0.0, 1.54822]}
