{"max": [2.20198, 0.429999, 0.0], "centroid": [1.1009857927586197, 0.17841334413793208, -0.14931005172413794], "id": "702cebffa33a19f019f079d1b712f46f", "numVertices": 232, "min": [0.0, 0.0, -0.459999]}
