{"max": [0.0, 0.929378, 0.579811], "centroid": [-1.2192000707070714, 0.5391079545454559, 0.38998093773737297], "id": "7807c68ed9963df7f4fb4dee5181bee", "numVertices": 396, "min": [-2.4384, 0.0, -0.000331292]}
