{"max": [5.45389, 0.850454, -4.94846], "centroid": [4.5717349678249395, 0.657692374517384, -5.852052818532821], "id": "b7c366d9ad90bb8a847d09fbfad470bc", "numVertices": 1554, "min": [3.69386, 0.0, -6.74716]}
