{"max": [0.0, 0.811053, 0.0], "centroid": [-0.9767698497935081, 0.4338171533923299, -0.29725802536873214], "id": "3a4ab482c4d344eb2fed5f7b90bc9e3c", "numVertices": 339, "min": [-1.93675, 0.0, -0.59664]}
