{"max": [-0.0381, 0.775418, 0.0428119], "centroid": [-0.9455620190024093, 0.3844248459147631, -0.25935876341879904], "id": "8ccb3bf7c49c24c0d4d8765e3910f617", "numVertices": 10746, "min": [-1.8542, -2.54e-05, -0.549097]}
