{"max": [0.0, 0.850867, 0.670173], "centroid": [-0.9250000000000016, 0.40850418703703706, 0.34087094888888886], "id": "adf284153a2a87208c9b655484c84004", "numVertices": 108, "min": [-1.85, 0.0, 0.0]}
