{"max": [0.0, 2.07, 0.0], "centroid": [-1.8041751532846737, 0.5026525759124101, -0.38118042627737425], "id": "5fc881594598fd937eee615e75bc3b77", "numVertices": 1370, "min": [-3.6, 0.0, -0.610001]}
