{"max": [0.0, 1.915, 0.4], "centroid": [-0.538664011794436, 1.131389379585508, 0.03229471870261206], "id": "452ef94b9cbd238dd869694b17a45f49", "numVertices": 2374, "min": [-1.2, 0.0, -0.05]}
