{"max": [1.78842, 0.4064, -0.237008], "centroid": [1.0809517966101692, 0.2045289265536725, -0.4030669378531077], "id": "59a3fc2f98cc53cfa13c59d3c05ad9e1", "numVertices": 177, "min": [0.366021, 0.0, -0.567208]}
