{"max": [1.3716, 0.4318, 0.4572], "centroid": [0.6659217391304351, 0.23191304347826097, 0.22031739130434788], "id": "3b660f1b7f7f41be25ebd1cd0b422e32", "numVertices": 46, "min": [0.0, 0.0, 0.0]}
