{"max": [0.0, 0.79, 0.66], "centroid": [-0.7049999999999992, 0.39165078030303047, 0.3154170530303033], "id": "81df1fcd6e2eec15f231d3622caa1150", "numVertices": 132, "min": [-1.41, 0.0, 0.0]}
