{"max": [1.88, 0.885423, 0.617296], "centroid": [0.9376304302640313, 0.6028823785491554, 0.3443627236546893], "id": "87c34f2d5d53a51768679c90b064f491", "numVertices": 9622, "min": [0.0, 0.0, -0.0699293]}
