{"max": [0.0, 1.044, 0.4], "centroid": [-0.7801641022405101, 0.560546066459377, 0.007194508062185798], "id": "d88116de5721301298fc1d0403f6ad0", "numVertices": 6561, "min": [-1.56, 0.0, -0.02]}
