{"max": [3.79412, 0.8128, 0.0], "centroid": [1.895474182066394, 0.30283422744466293, -0.659784048338029], "id": "88134efda194f8f422f9a913dd25c68a", "numVertices": 1988, "min": [-0.00317499, 0.0, -1.31762]}
