{"max": [7.13653, 0.301263, -3.93255], "centroid": [5.905647005076142, 0.18894592852791867, -4.172265736040609], "id": "f1b8f4c4b2dc4a63c2dbf50c3528525", "numVertices": 197, "min": [4.8156, -0.0882401, -4.4451]}
