{"max": [1.14087e-07, 0.791653, 0.0281639], "centroid": [-0.9627547742562562, 0.5042293480407696, -0.2691118509802552], "id": "1da4abf560002490391b7a189305050", "numVertices": 314, "min": [-1.925, -8.6e-06, -0.525443]}
