{"max": [-0.267315, 0.9, -0.0905201], "centroid": [-0.9548605277777776, 0.42392982196666645, -0.9106925086111098], "id": "a82c14ef1540d3abf4c42dc386169bd6", "numVertices": 720, "min": [-1.68645, -0.00331221, -1.84252]}
