{"max": [1.29379, 0.398332, 2.94204], "centroid": [0.5434588832675168, -0.06947188651592355, 2.6605372611464984], "id": "d673c7ec4a08aa6db6f5e7b313e4eaae", "numVertices": 157, "min": [-0.238507, -0.470142, 2.00865]}
