{"max": [0.0, 0.8763, 8.9407e-08], "centroid": [-0.45858199548049794, 0.5999828385269096, -0.4708595489958615], "id": "29b2a25804651a34c59350d819542ec7", "numVertices": 4589, "min": [-0.9144, 0.0, -0.505]}
