{"max": [0.0762395, 0.565973, -0.0372985], "centroid": [-0.5327703666666669, 0.46339383402777723, -0.34798206250000013], "id": "d0c8a593361ab77d5c3d5e3801c5ac29", "numVertices": 288, "min": [-1.14302, 0.0706727, -0.659599]}
