{"max": [6.54763, 2.51418, -0.208756], "centroid": [3.6556400542635554, 0.8274454720930264, -0.34878158139534565], "id": "3fc6e2baf40f4377f5afb395b99ae069", "numVertices": 1290, "min": [1.94293, -0.135302, -0.795756]}
