{"max": [1.58118, 0.3715, 0.349223], "centroid": [0.779766234903991, -0.0704850201690111, 0.13566902555435553], "id": "5117dd16339a8b943ebaaaea70571daf", "numVertices": 14792, "min": [-0.247622, -0.406955, -0.412777]}
