{"max": [0.0, 0.8763, 8.9407e-08], "centroid": [-0.7631235807537009, 0.6000775504710605, -0.4259721307429553], "id": "3c1f9b42e848c740c59350d819542ec7", "numVertices": 743, "min": [-1.524, 0.0, -0.517525]}
