{"max": [0.009525, 0.91446, 2.98023e-08], "centroid": [-1.1489176093865625, 0.49105735544685053, -0.3300947732581677], "id": "47e09607098c43b5768049e7324c832a", "numVertices": 7564, "min": [-2.30505, 0.0, -0.503826]}
