{"max": [0.0, 0.789572, 0.456335], "centroid": [-0.9857814238042752, 0.5652866899150669, 0.2759762322638725], "id": "bb020b7d9c7fca9cad5067eac75a07f7", "numVertices": 8359, "min": [-1.9649, 0.0, 1.19209e-07]}
