{"max": [0.015, 2.0, 0.4], "centroid": [-0.5700000032941178, 0.8785590588235292, 0.13412635647058813], "id": "b9fd0cb66675dcc87c9ecef5753df626", "numVertices": 170, "min": [-1.155, 0.0, 0.0]}
