{"max": [1.86531, 0.4318, 0.538956], "centroid": [0.963408921693124, 0.344537338624338, 0.2867327044973537], "id": "d7eec9ea272f5fc9cb2a965e75be701c", "numVertices": 1512, "min": [0.0619124, 0.0, 0.0357188]}
