{"max": [0.0, 2.15, 0.388172], "centroid": [-1.0500000000000014, 1.0728596261682264, 0.157738878504673], "id": "1f6d5268afb826c38b424343280aeccb", "numVertices": 214, "min": [-2.1, 0.0, -0.051828]}
