{"max": [0.0, 0.838449, 0.00227352], "centroid": [-0.915626433578792, 0.4469722362297497, -0.22431179720310654], "id": "fa1ab735efa7255c81553c4a57179bef", "numVertices": 1358, "min": [-1.81609, 0.0196088, -0.580026]}
