{"max": [3.18473, 1.21369, 0.477604], "centroid": [1.922529736526945, 0.44856477532934097, -0.1306864335329346], "id": "3db1d3904f058b574a9ca2c84bced0dd", "numVertices": 167, "min": [0.745912, 0.0, -0.692994]}
