{"max": [0.0, 1.03505, 0.8128], "centroid": [-1.5184558375634527, 0.5724992385786795, -0.3069918781725886], "id": "3dec9b1439c42797815b2b467e8e2eac", "numVertices": 197, "min": [-2.4384, 0.0, -1.8288]}
