{"max": [3.6576, 0.552566, -0.0194271], "centroid": [1.8289592296072648, 0.3294893166163125, -0.22087337734138937], "id": "c064a0ebde53de5ad5067eac75a07f7", "numVertices": 662, "min": [0.0, 0.0, -0.425827]}
