{"max": [-0.206086, 1.9812, -0.647022], "centroid": [-0.676371225888325, 1.0168882347715742, -1.1034033857867973], "id": "60508a8437c09eb2247353095dc395a2", "numVertices": 788, "min": [-1.12049, 0.0, -1.13911]}
