{"max": [0.01905, 2.15265, 0.4064], "centroid": [-0.3222432572769954, 0.5799625116431925, 0.11802652582159634], "id": "c95634c0a44d6596e71fb4d3a412f2d0", "numVertices": 213, "min": [-0.62865, -0.0254, 0.0]}
