{"max": [3.6, 0.6336, 0.0], "centroid": [1.799294272340424, 0.360158765957446, -0.8433341695744653], "id": "10db917982072df1739680f4e31f35e0", "numVertices": 188, "min": [0.0, 0.0, -1.7051]}
