{"max": [0.0, 1.27953, 0.40005], "centroid": [-0.6000750000000002, 0.6349373636363637, 0.2343727272727272], "id": "6f03b6ab474c04a243e5ff23b077c03a", "numVertices": 88, "min": [-1.20015, 0.0, 0.0]}
