{"max": [-0.234943, 0.813667, -0.112713], "centroid": [-1.2096934734042502, 0.41891597948581727, -0.3652442535460997], "id": "359c7abaf431a05181faebbdea6bd9be", "numVertices": 2256, "min": [-2.1844, 0.0, -0.698969]}
