{"max": [1.42899, 0.819842, 0.00288754], "centroid": [0.76489244906947, 0.4431909755120208, -0.3304321691985753], "id": "49704546a313b40781e404e60978a1dc", "numVertices": 2246, "min": [-0.0524059, 0.0, -0.739453]}
