{"max": [0.0, 2.6, 0.415], "centroid": [-1.8804483622498545, 1.1655901978269598, 0.18597775904049355], "id": "17e3997117f88d921ba9fd11dc8bf457", "numVertices": 21905, "min": [-3.63, 0.0, 0.0]}
