{"max": [0.0, 0.46, -0.1], "centroid": [-0.5956597050714283, 0.347889752100839, -0.35000001680672227], "id": "eb9938d81ec9005882db9fca4b68095", "numVertices": 476, "min": [-1.2, 0.0, -0.6]}
