{"max": [0.593303, 0.775065, 0.727957], "centroid": [-0.10585807434610982, 0.5042083439402388, 0.382970062015079], "id": "c0336b0471ca232bf155d75bbf62b80", "numVertices": 7096, "min": [-0.804994, 0.0, -0.0596873]}
