{"max": [0.0, 0.8763, 0.0], "centroid": [-0.11542841672473861, 0.5291218257839724, -0.3784486035362408], "id": "21ae39cf6ba8557f4da5feafe6f1c8fc", "numVertices": 287, "min": [-0.2286, 0.0, -0.669925]}
