{"max": [1.8034, 0.770949, 0.648361], "centroid": [0.9017919441736567, 0.39458344449926624, 0.3141379584114462], "id": "94a2f3859ed66873d2b12aa6a0f050b3", "numVertices": 4054, "min": [0.0, -0.0880177, -0.0142519]}
