{"max": [-0.0005804, 0.971074, 0.633999], "centroid": [-1.032208554913084, 0.6324773034234754, 0.0429578912071463], "id": "12f1e4964078850cc7113d9e058b9db7", "numVertices": 4142, "min": [-2.42998, -0.00248633, -0.544371]}
