{"max": [2.17778, 0.650558, 0.477837], "centroid": [0.9920728314371239, 0.40655081137724697, 0.2386905443113772], "id": "754250f866079c2083f64069b9b28eab", "numVertices": 668, "min": [0.0, 0.0, 0.0]}
