{"max": [-0.025691, 2.28, 0.62], "centroid": [-1.4380054868421053, 1.5653938684210529, 0.14926302105263162], "id": "552b14104b7add4049cca13fb3e44bf", "numVertices": 380, "min": [-2.64569, 0.0, -1.8e-05]}
