{"max": [0.743119, 0.6604, 0.331833], "centroid": [-0.017801441428571575, 0.3816992141071458, -0.08471716160714256], "id": "a248de70fda12c5af27383fc5a5a711c", "numVertices": 2240, "min": [-0.780881, 0.0, -0.148563]}
