{"max": [0.0, 0.67742, 0.91], "centroid": [-0.4344941052631577, 0.17870694736842116, 0.6249832105263158], "id": "dbd0698df1623b0391da37ff8bdd2524", "numVertices": 38, "min": [-0.87, 0.0, 0.328275]}
