{"max": [-2.01391, 0.673522, 2.53728], "centroid": [-3.233693195876323, 0.4317622850171817, 2.2167637972508643], "id": "5d4fd92c09e3369256f6fc4b4ce1db04", "numVertices": 1164, "min": [-4.45341, 0.0, 1.88938]}
