{"max": [0.0, 1.83, 3.72529e-09], "centroid": [-0.49872769523849264, 0.6575862712814615, -0.41933117378372403], "id": "6c7a2ca9ef6cf7a3ef4e42d70375aed8", "numVertices": 4822, "min": [-1.0, -0.1, -0.4325]}
