{"max": [-0.164, 2.4, 0.00355404], "centroid": [-1.444455547420958, 1.0453066422628965, -0.36179640482196224], "id": "513cc5132f0543d0b47cc2471d9dd7e6", "numVertices": 601, "min": [-3.3, 0.0, -1.06188]}
