{"max": [0.0, 0.791513, 0.845453], "centroid": [-0.9862634553385816, 0.3373795320314925, 0.48362506628346535], "id": "1f239e55de52bb63eefaf3e79e3e3454", "numVertices": 635, "min": [-2.17683, 0.0, 0.0]}
