{"max": [0.0, 1.31, 0.0], "centroid": [-0.38196665546218517, 0.5179353949579832, -0.42822629831932796], "id": "dfa0bf0f2b48ea33e3a031805ace4a99", "numVertices": 238, "min": [-0.818267, 0.0, -0.556286]}
