{"max": [1.96446, 0.6094, 0.0], "centroid": [0.9822461811378156, 0.49613352013867307, -0.37943791384773207], "id": "41d8b7b9480fe27dad5067eac75a07f7", "numVertices": 8367, "min": [0.0, 0.0, -0.759351]}
