{"max": [0.012, 0.749742, 0.122699], "centroid": [-0.8720708038475962, 0.4283832763346655, -0.22621122252200584], "id": "17d085303d4c5121ed98cca8f0ccd5f7", "numVertices": 2840, "min": [-1.758, -0.003, -0.619827]}
