{"max": [0.0, 2.07, 0.0], "centroid": [-0.43941678367346937, 0.4817047346938788, -0.4024489795918371], "id": "44d195279a116e347eee615e75bc3b77", "numVertices": 245, "min": [-0.9, 0.0, -0.61]}
