{"max": [1.99395, 1.29119, 0.72805], "centroid": [1.0024343814576657e-16, 0.46465839524271835, -0.0024704390776696976], "id": "2eb289d5829907b9e6ad3e1a394e102", "numVertices": 824, "min": [-1.99395, 0.0, -0.715184]}
