{"max": [-0.348557, 0.769665, 0.77223], "centroid": [-0.9663993725021742, 0.46506761251085843, 0.3360480729800126], "id": "cb70b087e5bc5e9522e46d8e163c0f81", "numVertices": 4604, "min": [-1.58391, 0.0, 0.317598]}
