{"max": [0.88077, 0.842913, 0.110344], "centroid": [-0.1438225925925923, 0.4761435185185183, -0.12421690868148158], "id": "8b677cef30fba873240c1f0f1e25335", "numVertices": 135, "min": [-1.18323, 0.0, -0.47439]}
