{"max": [1.00314, 0.795216, 0.395297], "centroid": [-0.0010972375661130601, 0.4399717212556101, 0.14153202404732979], "id": "bee41df71228b870593ebeeedbff73b", "numVertices": 4999, "min": [-1.00085, 0.0, -0.395297]}
