{"max": [0.00589366, 0.541383, -0.0237136], "centroid": [-0.381283623195872, 0.34637823099033593, -0.13240905346489176], "id": "8e42a0d11784c74fc6a5c971c030877d", "numVertices": 6537, "min": [-0.772641, -2.54e-08, -0.189013]}
