{"max": [0.0, 2.31332, 0.710946], "centroid": [-0.6012071245465485, 1.694067053204354, 0.24416964570737648], "id": "bbbd4de3e7ab25ad80d6227ff9b21190", "numVertices": 827, "min": [-0.912114, 0.0, 0.0]}
