{"max": [0.685767, 0.3048, 0.047625], "centroid": [0.3460288982857149, 0.1020381638571428, -0.0006778898076190314], "id": "c365225746f2eb94ce5d6e9371bb5c33", "numVertices": 420, "min": [0.0, 0.0, -0.3048]}
