{"max": [2.31616, 1.06306, 0.788988], "centroid": [1.0819769289139667, 0.4540505272143861, 0.3919893282299], "id": "b4a8d71b840fa5f7b90be68f49e6aacf", "numVertices": 1418, "min": [-0.01905, 0.0, -0.0731314]}
