{"max": [0.0, 1.31257, 0.0], "centroid": [-0.38100000000000017, 0.7105678657142859, -0.21044747142857176], "id": "a8725dd0e0eb8d7d492d9da2668ec34c", "numVertices": 140, "min": [-0.762, 0.0031496, -0.355599]}
