{"max": [-2.61694, 0.566, -1.17218], "centroid": [-3.759031346153844, 0.28844230769230755, -1.4974239423076925], "id": "91e169ea3ceb587beff42b9e13c388bc", "numVertices": 104, "min": [-4.92336, 0.0, -1.80418]}
