{"max": [0.0, 0.8128, 0.4572], "centroid": [-0.5323513679053193, 0.674620346788992, 0.24727113885798227], "id": "360d9cc763aa370320768660cf080d12", "numVertices": 1090, "min": [-1.0668, 0.0, 0.0]}
