{"max": [0.0, 0.8763, 0.622576], "centroid": [-0.30481999895833345, 0.6086472708333328, 0.18021840002083322], "id": "3f51197359289bf839d3717288022c20", "numVertices": 192, "min": [-0.6096, 0.0, 0.0]}
