{"max": [0.0, 0.650558, 0.0], "centroid": [-0.9930514636923061, 0.41765283384615537, -0.23891867938461508], "id": "d25707cca23ab03ac8d56a266ac05b68", "numVertices": 650, "min": [-2.17778, 0.0, -0.477837]}
