{"max": [0.0, 2.678, 0.0], "centroid": [-2.2201727923566903, 1.227501108280255, -0.884580811464968], "id": "3bb80aa0267a12bed00bff798ed59ff5", "numVertices": 157, "min": [-3.861, 0.0, -1.259]}
