{"max": [1.19209e-07, 0.762, 0.0], "centroid": [-0.7641946897717999, 0.18256232459708369, -0.3113325111281649], "id": "29c7cd661bce3e50c59350d819542ec7", "numVertices": 1303, "min": [-1.2192, 0.0, -0.354013]}
