{"max": [0.0, 0.431798, 0.45034], "centroid": [-2.767265420149567, 0.3879253122507091, 0.22236368293447262], "id": "ca04a1b1ff6701f8ad5067eac75a07f7", "numVertices": 1404, "min": [-5.53193, 0.0, 0.0]}
