{"max": [-2.50315, 0.1524, 2.48554], "centroid": [-3.3856619285714227, -0.019412858092857067, 2.3009692142857148], "id": "617fa8d6d65af35d71295682a9280b8b", "numVertices": 560, "min": [-4.28115, -0.254, 2.10454]}
