{"max": [-0.213776, 0.823973, 0.874286], "centroid": [-1.2188898221426785, 0.36416568182189535, 0.4508999103924976], "id": "aec1143f9e7375846555a8578c9b250", "numVertices": 8102, "min": [-2.21987, -0.00275341, 0.195705]}
