{"max": [0.0, 0.819904, 0.515308], "centroid": [-0.8521429712571786, 0.4248232504434014, 0.27982650423630523], "id": "901872a92ecdfa4863b2acb037dfbcde", "numVertices": 3834, "min": [-1.71195, 0.0, 0.0]}
