{"max": [0.0, 0.9144, 0.0], "centroid": [-0.15304295236686397, 0.5205170828402362, -0.25590705917159856], "id": "b649e3084819c7847445d25f394949d0", "numVertices": 676, "min": [-0.3048, 0.0, -0.3048]}
