{"max": [0.0250677, 0.755047, 5.96046e-08], "centroid": [-0.8763034850227149, 0.35303218770221695, -0.3059585941653945], "id": "7540e6df58bf00ff13eaf3e3f6d466d9", "numVertices": 822, "min": [-1.77765, -0.0020053, -0.680431]}
