{"max": [0.0, 0.36, 0.300014], "centroid": [-0.8970232924800005, 0.2072399999999994, 0.14439474030400012], "id": "be0b1cfa18356b5bcb8b82ec2ef44379", "numVertices": 250, "min": [-1.8, 0.0, -0.05]}
