{"max": [0.0, 0.88, 0.51], "centroid": [-0.3000000197872338, 0.5079148936170216, 0.0304255319148936], "id": "c55eef8d5b4d3db563b3c67777442463", "numVertices": 188, "min": [-0.6, 0.0, -0.07]}
