{"max": [-0.59549, 0.666369, 1.29017], "centroid": [-1.5015579723269683, 0.45047069865229084, 0.9998234774483402], "id": "d26818a4e62d931d2056b4bd5d870b47", "numVertices": 5565, "min": [-2.40607, 0.0, 0.674215]}
