{"max": [1.2192, 0.0, 0.0], "centroid": [0.5709019219894177, -0.3016500000000001, -0.13410000000000005], "id": "1971024c0cac65a824662341ce2b233", "numVertices": 127, "min": [-1.19209e-07, -0.6096, -0.3048]}
