{"max": [0.99, 1.78, 0.0], "centroid": [0.34950204517326783, 0.5949871769801995, -0.5118177487623737], "id": "6ba512e07979da6ba3f4b1457e62c2b2", "numVertices": 1616, "min": [0.0, 0.0, -0.530115]}
