{"max": [0.028575, 0.127, 0.0127], "centroid": [-1.1322489450766238, -0.8047321274521062, -0.2896477878160925], "id": "54d9053622deb8866ffe0f6a1d92eb85", "numVertices": 522, "min": [-3.29247, -2.1717, -0.46355]}
