{"max": [0.0, 0.395, 0.0], "centroid": [-0.8000000000000002, 0.13662499874999995, -0.17499999874999983], "id": "c6ccf94d3e512ad510b3ff08c68acccf", "numVertices": 64, "min": [-1.6, 0.0, -0.35]}
