{"max": [3.30703, 0.4826, -2.77963], "centroid": [2.7817888318356827, 0.20390813145057637, -3.051439537869063], "id": "3aabe5c704cf7a6d1db624f8d6f26a7e", "numVertices": 779, "min": [2.26563, 0.0, -3.32573]}
