{"max": [0.0, 0.929378, 0.579811], "centroid": [-0.7620000573248399, 0.5124262006369424, 0.37908600318471364], "id": "e7a18e21f877b039f4fb4dee5181bee", "numVertices": 314, "min": [-1.524, 0.0, 0.0]}
