{"max": [5.96046e-08, 0.8382, 0.0], "centroid": [-0.48155584495889747, 0.21790738047538183, -0.2961251847198635], "id": "56f7c9a029b6b40d12de5317fe5b354f", "numVertices": 589, "min": [-0.762, 0.0, -0.352425]}
