{"max": [0.0, 0.8763, 8.9407e-08], "centroid": [-0.3598884814814814, 0.5478019727095523, -0.38538873127098866], "id": "15d3297d200f8979c59350d819542ec7", "numVertices": 513, "min": [-0.6858, 0.0, -0.517525]}
