{"max": [0.0, 1.24493, 0.703904], "centroid": [-0.5813412874681927, 0.6583255699745562, 0.46406736808905874], "id": "b9fb64100372235adbbc9440457e303e", "numVertices": 393, "min": [-1.23155, 0.0, 0.0]}
