{"max": [-0.022594, 0.698, 0.362105], "centroid": [-0.3161039308333296, 0.1667374571380941, 0.19719312763809765], "id": "8ddd7f1e19ff809abe81a9109a782712", "numVertices": 21000, "min": [-0.622594, -0.002, 0.020563]}
