{"max": [-2.79185, 2.5908, 2.54265], "centroid": [-3.6846487571502906, 1.322903008257934, 1.8204613988559457], "id": "1624e80fb20e12741bf2b66b52bf6885", "numVertices": 1923, "min": [-4.31585, 0.0, 1.68222]}
