{"max": [0.0, 0.840861, 1.11759e-08], "centroid": [-1.2077317579204068, 0.4354731450577686, -0.31969031170429846], "id": "1f1f0cb43e65903d1d06bff8f83d7c23", "numVertices": 779, "min": [-2.17778, 0.0, -0.601107]}
