{"max": [0.0, 3.57628e-07, 0.365126], "centroid": [-0.3033735314009662, -0.37487215095878773, 0.15017593478260804], "id": "92aa3075799e275a3fe047712e43e185", "numVertices": 414, "min": [-0.6096, -0.5334, -0.0635015]}
