{"max": [0.93808, 0.460375, 0.00423827], "centroid": [0.4636798136002871, 0.36512232697492714, -0.25814869808127106], "id": "c5aa72cca5cafd3f842982c980a38094", "numVertices": 11527, "min": [-0.00995569, 0.0, -0.536912]}
