{"max": [1.56845, 0.80645, 0.415925], "centroid": [0.7558295554646848, 0.4781785436006363, 0.03324561311736574], "id": "c33ab47f610b64e6ccab809eba079ca0", "numVertices": 3766, "min": [-0.05715, 0.0, -0.0254]}
