{"max": [1.2192, 0.4191, 0.1016], "centroid": [0.45717489354838686, 0.24027580645161303, -0.15055645161290335], "id": "f264c4d430891732d97248c4337f8439", "numVertices": 248, "min": [-0.3048, 0.0, -0.3937]}
