{"max": [1.6, 0.9602, 0.5], "centroid": [0.7996851638506864, 0.5554323944990179, 0.011690780888016119], "id": "c55a7e2cb3ab9aea8ca4aeb5e3b33af7", "numVertices": 2545, "min": [0.0, 0.0, 0.0]}
