{"max": [-8.9407e-08, 0.975303, 0.789964], "centroid": [-0.8065234534577633, 0.5866205294145201, 0.4949803758823534], "id": "6a237c1e61fe2bba8490246570868c8d", "numVertices": 272, "min": [-1.63835, -3.74021e-08, 0.0]}
