{"max": [0.0839498, 0.774394, 0.582957], "centroid": [-0.8113009565082427, 0.2951321022659962, 0.2876576045661144], "id": "2f8bf1c9a8f70cb0f4fb4dee5181bee", "numVertices": 11474, "min": [-1.70655, 0.0, -0.00759315]}
