{"max": [0.049, 1.518, 0.0], "centroid": [-0.17923920265780674, 0.8219996677740881, -0.2881196196013293], "id": "30ad23a8f6a3a4479725f8348364f5a8", "numVertices": 602, "min": [-0.69, 0.0, -0.576]}
