{"max": [0.0, 0.840861, 1.11759e-08], "centroid": [-1.2031483343193679, 0.4416381073298449, -0.32170143667231504], "id": "c930760585e923cbdeee898eeed8aea9", "numVertices": 764, "min": [-2.17778, 0.0, -0.601107]}
