{"max": [1.06011, 0.948813, 1.41958], "centroid": [0.5094002776712704, 0.7185945663941345, 1.1686061542148294], "id": "1d9fc51fa296bac9a1770107888e7eb8", "numVertices": 3547, "min": [-0.0508, 0.211854, 0.634252]}
