{"max": [0.0, 0.781122, 0.0], "centroid": [-1.2356697417993938, 0.2662325482604652, -0.252185324837209], "id": "f2c542ed9750ee4668db2d7865d1f724", "numVertices": 215, "min": [-2.44395, -0.000444424, -0.584858]}
