{"max": [-1.44027, 1.9558, 2.31839], "centroid": [-1.784685464044859, 0.7701436798785202, 1.9028299299943197], "id": "e47b9d0905d05d656fa63795f94c4d8c", "numVertices": 19427, "min": [-2.12607, 0.0, 1.89282]}
