{"max": [0.0, 0.760069, 0.508], "centroid": [-0.6846746607177037, 0.35584813684210553, 0.11034661492822968], "id": "51d9a60e0654e3622ea98d69e91ba870", "numVertices": 418, "min": [-1.41003, 0.0, 0.0]}
