{"max": [0.0611855, 1.2191, 0.115603], "centroid": [-0.8784161467384239, 0.5315369902073298, -0.2919707646570949], "id": "5f8f2518fb850b544bf6fb242f907340", "numVertices": 5016, "min": [-1.80961, 0.0, -0.724296]}
