{"max": [0.1016, 1.01983, 0.459584], "centroid": [-0.8143606465306137, 0.6053098775510205, 0.13566836583118355], "id": "5bccce74947b32e38a92622cf31f5cb9", "numVertices": 245, "min": [-1.73695, 0.0, -0.273446]}
