{"max": [0.0824367, 0.4318, 0.602024], "centroid": [-0.5175089179460916, 0.2615633995082462, 0.39253434607218707], "id": "97d009dc14e25080d83393768c99f441", "numVertices": 471, "min": [-1.18756, 0.0, 0.144507]}
