{"max": [0.03, 0.6412, 0.54], "centroid": [-1.1052400372208406, -0.2179752630272951, -0.014516928039702231], "id": "52e921d1e558e6cda19b1c45fadaeb5f", "numVertices": 403, "min": [-2.4972, -0.77, -0.6408]}
