{"max": [5.90822, 0.4572, -1.09849], "centroid": [5.386134169381096, 0.23420537459283397, -1.3751658306188967], "id": "9572162eb971e75dc7cb20726c4d6c81", "numVertices": 307, "min": [4.84142, 0.0, -1.66999]}
