{"max": [1.18092, 0.423211, 0.503877], "centroid": [0.5606727976744189, 0.2874441395348834, 0.2720959372093023], "id": "891b8a01ad71af2db7e843606969432b", "numVertices": 86, "min": [-0.0382756, 0.0, 0.0466764]}
