{"max": [0.940607, 0.75703, 0.0452222], "centroid": [0.4405953517711978, 0.2563057799938218, -0.18806098547181221], "id": "a53a96efb6b9f29a490ad276cd2af3a4", "numVertices": 8797, "min": [-0.0677786, -0.00413732, -0.385778]}
