{"max": [0.02, 0.84, 0.45], "centroid": [-0.5505878892796899, 0.4094880275042151, 0.029537737830612535], "id": "4aedc26af43f08d08f7d9678498f2295", "numVertices": 14216, "min": [-1.35, 0.0, -0.0325]}
