{"max": [0.523543, 1.13852, 2.3365], "centroid": [-0.3040370109170326, 0.528279096943232, 2.0129209606986893], "id": "feb6a23a5e25abe459af9a18ecf57ec3", "numVertices": 458, "min": [-1.15286, 0.0, 1.6505]}
