{"max": [0.0, 0.4572, 0.381], "centroid": [-0.6074490265306149, 0.32009190322448994, 0.1905593938775508], "id": "722f3510b849c950beedb4c8fd29e2d1", "numVertices": 392, "min": [-1.2192, 0.0, 0.0]}
