{"max": [-20.8464, 1.9812, 0.751575], "centroid": [-21.505150053361778, 1.1851260170757718, 0.05711551002347926], "id": "275b26f0555e85acf858430284b28022", "numVertices": 937, "min": [-22.1672, 0.0, -0.0167746]}
