{"max": [1.19209e-07, 0.762, 0.0], "centroid": [-0.6117722701415488, 0.2700806317204295, -0.25706747849462364], "id": "10b54fe832a00c3ec59350d819542ec7", "numVertices": 372, "min": [-1.2192, 0.0, -0.336853]}
