{"max": [1.778, 0.56515, 0.6096], "centroid": [0.8888235707428899, 0.337235300592205, 0.3047902515621814], "id": "c63561b50109b27bd4d8765e3910f617", "numVertices": 4897, "min": [0.0, 0.0, 0.0]}
