{"max": [-0.0698499, 0.818305, -0.0856515], "centroid": [-1.144757759762193, 0.3543358889027947, -0.434495713975802], "id": "77fac848d4c863b2cb2a965e75be701c", "numVertices": 4794, "min": [-1.92405, 0.0, -0.72901]}
