{"max": [0.499167, 2.4, 2.17354], "centroid": [-0.836756259680366, 1.3045339408675785, 1.708866232876712], "id": "7aac04fa0361f0da2f8bc0d6e7c6775", "numVertices": 438, "min": [-2.64083, 0.0, 1.52354]}
