{"max": [-0.709782, 1.08585, -0.421109], "centroid": [-4.439513993935944, 0.35682051260398334, -1.6627600595982857], "id": "89d15e96bdf725bfc955e5ed03ef3a2f", "numVertices": 10554, "min": [-7.63761, -2.794e-07, -2.90441]}
