{"max": [1.8, 0.45, -0.02], "centroid": [0.9000000113314464, 0.39046337677053156, -0.22500000070821513], "id": "18a3d4fa8abccfa7ff8d4c5a7727a428", "numVertices": 1412, "min": [0.0, 0.0, -0.43]}
