{"max": [-0.400801, 1.30674, 3.93312], "centroid": [-3.2588221682847816, -0.113070379935275, 2.2270653559870546], "id": "729c336995af1f96955a1fc933a0f899", "numVertices": 309, "min": [-5.84751, -0.741657, 0.296769]}
