{"max": [0.0149413, 0.458246, 0.52371], "centroid": [-0.9070787703753166, 0.42973901810562287, 0.29815593664544743], "id": "f397f583f459134030c983bcaf68f0ab", "numVertices": 13349, "min": [-1.83436, -0.00129725, 0.00125473]}
