{"max": [2.37535, 0.646212, 0.4754], "centroid": [1.1905812464823478, 0.4734278705433817, 0.2848222162048363], "id": "373ae08d8903dc10ba929f7d2edd1706", "numVertices": 3515, "min": [7.58952e-05, -0.00787519, 0.00885411]}
