{"max": [0.0, 20.9294, 8.03979], "centroid": [-18.70965554865413, 11.565135393374714, 2.5243863763975023], "id": "8c387d5e8ca71237d2b12aa6a0f050b3", "numVertices": 3864, "min": [-37.4193, 0.0, -6.88274]}
