{"max": [1.50785, 0.61817, 0.262913], "centroid": [0.7329753066037771, 0.34735627216980824, -0.00037341408355796466], "id": "46cfcb7eb682d16d2b12aa6a0f050b3", "numVertices": 2968, "min": [-0.0418966, -0.0245486, -0.263816]}
