{"max": [4.3456, 0.7427, 0.6456], "centroid": [2.9353046464646444, 0.5771510707070705, 0.31574850505050517], "id": "8f102661c3efbdd184f92715bac39b74", "numVertices": 99, "min": [1.52721, 0.0, 0.0]}
