{"max": [0.845251, 0.935507, 0.320034], "centroid": [0.03310568544366903, 0.5094491291126625, 0.11155007926221361], "id": "fb861f0e4e7f528fccda8d28b44378b7", "numVertices": 2006, "min": [-0.805716, 0.0, -0.26]}
