{"max": [0.162748, 0.436712, 0.309108], "centroid": [-1.3745789217341842, 0.373600930654053, -0.3016646458585957], "id": "f11c39810334bc2a45bf743eed1481df", "numVertices": 12926, "min": [-2.91552, -0.0102441, -0.738993]}
