{"max": [0.0, 0.8763, 8.9407e-08], "centroid": [-0.46491094941441635, 0.5625647781531549, -0.4550061854403271], "id": "3b98711b877ae402824662341ce2b233", "numVertices": 1776, "min": [-0.9144, 0.0, -0.511175]}
