{"max": [0.0, 0.835102, 0.739745], "centroid": [-0.7579622920517566, 0.4154926377079481, 0.4945870418669117], "id": "602f39fc7534bc4a162bf7725b3fab02", "numVertices": 541, "min": [-1.524, 0.0, 0.0]}
