{"max": [1.4467, 0.706251, 0.474662], "centroid": [0.7235289073170734, 0.37275962276422725, 0.18714000536585373], "id": "9fbb34244e00b2a9eacb155f400b9076", "numVertices": 123, "min": [0.0, 0.0, 0.0]}
