{"max": [2.08439, 0.646113, 0.585986], "centroid": [1.1064921935483916, 0.32656382688172075, 0.3456651344086021], "id": "2e78dad09566bdcecb2a965e75be701c", "numVertices": 744, "min": [0.128587, 0.0, 0.106163]}
