{"max": [2.0281, 0.343408, 0.0], "centroid": [1.0037128770745432, 0.07250587797468343, -0.5099451149085792], "id": "7c1cf879c84904a4e82028a475156419", "numVertices": 711, "min": [0.0, 0.0, -0.878129]}
