{"max": [1.93675, 0.454025, 0.420687], "centroid": [0.9784312375265019, 0.29802013074204897, 0.20503332932862184], "id": "866b0fab7a3e54053555de1e3169ac6e", "numVertices": 283, "min": [0.0, 0.0, -0.0111125]}
