{"max": [-1.08561, 0.58841, 2.55312], "centroid": [-2.347655549281319, 0.3316481797741277, 2.2400570431211384], "id": "15ed07a6b7265f802056b4bd5d870b47", "numVertices": 1948, "min": [-3.53545, 0.0150813, 1.92204]}
