{"max": [-0.180312, 1.93549, 0.832311], "centroid": [-0.7996457962184874, 1.2564292836974786, 0.4402916722689067], "id": "72048f89b480cd411b17743c18fb63dc", "numVertices": 476, "min": [-1.37511, 0.0, 0.245611]}
