{"max": [1.73877, 1.8415, -0.931478], "centroid": [1.3081825394548066, 1.6931853744619738, -1.2736835380200817], "id": "634a4ad6496e20dbc3ea9e7b2ba79cb1", "numVertices": 697, "min": [0.902162, 0.0, -1.4117]}
