{"max": [0.0, 2.7, 0.0], "centroid": [-0.7758641472392656, 1.573061337423313, -0.3346966871165646], "id": "5a639987ce024c8223dd83e725809894", "numVertices": 163, "min": [-1.84, 0.0, -0.6]}
