{"max": [-0.937237, 2.18237, 1.63391], "centroid": [-1.1968307658321111, 1.0887955761413777, 0.7709425117820182], "id": "b56505eeac0de779289f8cbfc8541c14", "numVertices": 2716, "min": [-1.47582, 0.0, 0.668714]}
