{"max": [0.0, 0.801877, 0.0247603], "centroid": [-0.9162265664138715, 0.3982901197183082, -0.23303418855883334], "id": "6b9b014c54423664a9bf865a81345d8e", "numVertices": 1846, "min": [-1.8288, -0.175862, -0.640913]}
