{"max": [0.0, 0.7239, 0.381], "centroid": [-0.6476858288288304, 0.5348449819819822, 0.09432078138738752], "id": "221c831217721399ac043ebb2140dae", "numVertices": 222, "min": [-1.2954, 0.0, -0.00873125]}
