{"max": [0.0097, 0.85, 0.00969994], "centroid": [-0.9990122248673386, 0.4895719061505621, -0.5528632212165923], "id": "60d8c707c5f8278e3c8d0fdfb1cc2535", "numVertices": 12194, "min": [-2.0097, 0.0, -0.6097]}
