{"max": [1.11759e-08, 0.43, 0.36], "centroid": [-0.6500000062115341, 0.31642857142857156, 0.18000033518210148], "id": "5dda4ef4ab9add9411ee8243f54292d6", "numVertices": 112, "min": [-1.3, 0.0, -7.45058e-09]}
