{"max": [0.0, 1.68593, 0.0], "centroid": [-0.25227603072534405, 0.8977283272208629, -0.579718876731865], "id": "225905a8841620d7f6fe1e625c287cfa", "numVertices": 2454, "min": [-0.7112, 0.0, -0.797322]}
