{"max": [2.00022, 0.92, 0.0], "centroid": [0.6440652838024332, 0.3247147864341089, -0.6674428542635639], "id": "36e1592e13b4f5ed569c11df1aea8ca4", "numVertices": 516, "min": [-0.000694156, 0.0, -1.81058]}
