{"max": [-0.098413, 0.760299, -0.0549465], "centroid": [-1.0096430735930841, 0.32259671969696907, -0.2947759083333326], "id": "e929c571972b954981faebbdea6bd9be", "numVertices": 1848, "min": [-1.92086, 0.0, -0.62803]}
