{"max": [0.088693, 0.972141, -1.27141], "centroid": [-0.6855161647395119, 0.5972913765244703, -1.5684939797395079], "id": "ae635fcb688b88c757411f16004b6df", "numVertices": 2764, "min": [-1.49131, -0.04, -1.93488]}
