{"max": [-1.28672, 0.611127, 2.04566], "centroid": [-2.2158531558074244, 0.30879685254390965, 1.6962259150141612], "id": "65f6f33358b798892056b4bd5d870b47", "numVertices": 1765, "min": [-3.1276, 0.00736366, 1.36823]}
