{"max": [2.258, 1.2374, 0.0478], "centroid": [1.1220436800613505, 0.3786692190184048, -0.1250024355828215], "id": "7664b9208a84674926a555721514c9d0", "numVertices": 326, "min": [0.0, -0.0515, -0.5432]}
