{"max": [0.01905, 2.4384, 0.0], "centroid": [-0.31734842683578085, 1.6662954432576542, -0.5240769497997309], "id": "33c47c4c9afeea5a4c62bee40dcdc539", "numVertices": 749, "min": [-0.66675, 0.0, -0.62865]}
