{"max": [0.0, 0.650558, 0.0], "centroid": [-0.9376996866666655, 0.42463891884058136, -0.23891868811594175], "id": "6718a5b3f89a5d8844c3e89e175ff663", "numVertices": 690, "min": [-2.17778, 0.0, -0.477837]}
