{"max": [0.0, 0.791593, 0.0], "centroid": [-0.9900935017248208, 0.543918917248254, -0.2763953542372887], "id": "146fb2790c11c7f1aaf6c17538652a1d", "numVertices": 1003, "min": [-1.9812, 0.0, -0.652527]}
