{"max": [2.38442, 0.62865, 0.0], "centroid": [1.1922102777777752, 0.36089166666666633, -0.2921000000000003], "id": "9452149917cb2e27f4fb4dee5181bee", "numVertices": 216, "min": [0.0, 0.0, -0.5842]}
