{"max": [0.0, 0.8763, 0.0], "centroid": [-0.27177431491949905, 0.5246250202742969, -0.5879803249939771], "id": "67616bd629dbf7b3824662341ce2b233", "numVertices": 1677, "min": [-0.5334, 0.0, -0.663575]}
