{"max": [0.15, 1.53432, 0.0578775], "centroid": [-0.9752809021412756, 0.9544099475655422, -0.49644578587957305], "id": "f8651ae6dc32338ff7010d9d85b1eb2b", "numVertices": 534, "min": [-2.1, 0.0, -1.31967]}
