{"max": [0.000396875, 0.418056, -0.0311187], "centroid": [-0.9258480815808373, 0.27319435233678774, -0.28638681172259733], "id": "7e029f73e9cd98d2f155d75bbf62b80", "numVertices": 17462, "min": [-1.85655, 0.0, -0.541552]}
