{"max": [0.0, 0.8763, 0.0], "centroid": [-0.28174220025380653, 0.530504900592221, -0.5966611721721254], "id": "5feaee9848b44d44824662341ce2b233", "numVertices": 2364, "min": [-0.5334, 0.0, -0.650735]}
