{"max": [-4.58238, 2.34283, 1.27327], "centroid": [-5.144260857142857, 1.0029354, 0.9090509857142847], "id": "36223972cc8153718cd9445de76e734d", "numVertices": 140, "min": [-5.91588, 0.130594, 0.807239]}
