{"max": [0.022225, 0.61132, 0.00374526], "centroid": [-0.7943154336329832, 0.21703024482875158, -0.2523590189478531], "id": "a0ffa64279a8c6f0f155d75bbf62b80", "numVertices": 8292, "min": [-1.78013, 0.0, -0.506774]}
