{"max": [0.006477, 0.43384, 0.0401329], "centroid": [-0.9237919549468383, 0.3167237355288438, -0.2029239395158384], "id": "90a309f7ac2c947f155d75bbf62b80", "numVertices": 7072, "min": [-1.86007, 0.0, -0.440534]}
