{"max": [0.0, 0.64, 0.31], "centroid": [-0.2313342034400947, 0.2982482526690391, 0.02410059454329729], "id": "2b376f6dfed75d53684b7bc3f8a9aa55", "numVertices": 843, "min": [-0.4, 0.0, 0.0]}
