{"max": [-2.25572, 1.524, 7.33282], "centroid": [-2.7769668000000034, 0.7246755039999986, 6.67658737142853], "id": "b6ec38384c0904a666023b6076341c23", "numVertices": 350, "min": [-3.29821, -0.04445, 6.59513]}
