{"max": [1.2192, 1.19209e-07, 0.0], "centroid": [0.6580716666666669, -0.40724669256238466, -0.11228916666666658], "id": "30675877e822626e3fe047712e43e185", "numVertices": 90, "min": [0.0, -0.9144, -0.301625]}
