{"max": [0.914567, 0.490998, 0.00015825], "centroid": [0.4737174591372546, 0.2738731553504202, -0.14717953791528782], "id": "e108673170d8f781d40c07d3c15cc681", "numVertices": 357, "min": [0.000148615, -0.000545313, -0.285755]}
