{"max": [0.556644, 1.99, 0.668628], "centroid": [-1.9040019412459022, 0.8681837613114763, 0.5329128259672139], "id": "1a9a91aa5e3306ec5938fc2058ab2dbe", "numVertices": 1525, "min": [-4.27336, 0.04, 0.0576519]}
