{"max": [1.81015, 0.629722, 1.03517], "centroid": [0.8883500154007694, 0.34681807765562, 0.7669752163009395], "id": "9bb6f0077f91c613f155d75bbf62b80", "numVertices": 8932, "min": [-0.0321469, 0.0, 0.491051]}
