{"max": [0.965198, 1.11125, 0.4191], "centroid": [0.47197431856626887, 0.628599324269326, -0.035754540370074854], "id": "c18a4772bcfbb98e85bc264270ae0601", "numVertices": 20050, "min": [-0.0127, 0.0, -0.068119]}
