{"max": [0.00336517, 0.798438, 0.00115595], "centroid": [-0.3983353295382279, 0.5114544266055046, -0.33565038085626947], "id": "b625936e3db6af6318df1fa50d2b64c", "numVertices": 654, "min": [-0.803085, 0.0, -0.699783]}
