{"max": [0.412795, 0.564415, -0.0375659], "centroid": [-1.120954862132118, 0.3943454145580753, -0.635079703490511], "id": "7e2433a3cd020f53588060c928db75ed", "numVertices": 14697, "min": [-2.65005, 0.0, -1.16358]}
