{"max": [0.0, 0.8763, 0.0], "centroid": [-0.4599768084745763, 0.5517332610169491, -0.5038921898810207], "id": "c060caaa105890d74da5feafe6f1c8fc", "numVertices": 295, "min": [-0.9144, 0.0, -0.669925]}
