{"max": [0.0, 1.08583, 0.728403], "centroid": [-0.8573638202950508, 0.2824277446570923, 0.4067286442424228], "id": "7ab9419e7bfdc80ac51268fdb437a9e", "numVertices": 2508, "min": [-1.72339, 0.0, 0.0]}
