{"max": [2.17449, 2.0, 0.224015], "centroid": [0.46169159829619943, 0.5921384128440326, -0.13947959108781088], "id": "bf4aed04442c31e4f759a9b042055cc", "numVertices": 1526, "min": [-0.523369, 0.0, -0.295985]}
