{"max": [2553.91, 1132.69, 21.4297], "centroid": [1278.7690136914482, 525.4720971114723, -165.73803391325686], "id": "b37d269e1ec64992ee71ee29c2167097", "numVertices": 56674, "min": [5.64366, 0.0, -359.585]}
