{"max": [3.49803, 0.448353, -1.53714], "centroid": [2.2799668302819125, 0.3633966704481687, -1.8382142334044955], "id": "95ee6234a1638f892056b4bd5d870b47", "numVertices": 8903, "min": [1.06033, 0.0, -2.12539]}
