{"max": [2.31061, 0.5, -0.373606], "centroid": [1.6039859245283017, 0.40557447169811317, -0.6235751603773595], "id": "7b7b25e8ab725feae76bc197b3a3ffc0", "numVertices": 106, "min": [0.893493, 0.0, -0.873606]}
