{"max": [1.8, 0.45, 0.0], "centroid": [0.9000002099999992, 0.22835821000000014, -0.19999999999999954], "id": "bcb4f576747e10bdd7f6e86d7d335698", "numVertices": 268, "min": [0.0, 0.0, -0.4]}
