{"max": [2.47641, 0.811689, 1.252], "centroid": [0.0013679127815366574, 0.42109677803318285, 0.034401488942441404], "id": "4d38a3e7f051446a9b5ae2fb66e1e25c", "numVertices": 10789, "min": [-1.29868, 0.0, -1.13809]}
