{"max": [3.93156, 0.9144, -1.60161], "centroid": [2.5064394285714284, 0.32170523809523804, -2.0198028571428575], "id": "b9eb4b3d3ed564142427332fd13e1534", "numVertices": 21, "min": [0.959763, 0.0, -2.35726]}
