{"max": [0.0, 0.918094, 0.0], "centroid": [-0.900920524137176, 0.5970314017419732, -0.17606814355078887], "id": "a76a3d33ac6c3c65d46c340938e2ff1c", "numVertices": 1837, "min": [-1.8, 0.0, -0.503933]}
