{"max": [0.0350209, 0.0361942, -0.129117], "centroid": [-0.014653652955082733, 0.027710271631205617, -0.1376391536643028], "id": "9c9aed95c76b4ecd80360680c1602c7d", "numVertices": 423, "min": [-0.0631564, 0.0103499, -0.149536]}
