{"max": [0.0, 1.00462, 0.6096], "centroid": [-0.906742337967661, 0.5810519880547681, 0.3491345710092063], "id": "55da2d1d9250d41b800e0abb10f41d36", "numVertices": 12055, "min": [-1.81292, 0.0, 0.0]}
