{"max": [2.4384, 0.40005, 0.4953], "centroid": [1.3229617021276554, 0.23343005319148835, 0.24790332446808436], "id": "4ba13b996d6f1d3b286ea987ad5ffa18", "numVertices": 376, "min": [0.0, 0.0, 0.0]}
