{"max": [0.000380416, 1.04097, 2.5237], "centroid": [-0.8770698830531594, 0.6351325010893246, 2.1862896949891], "id": "2f340f2bd55d51e5c8cbe1805e7b8eb", "numVertices": 459, "min": [-1.8288, 0.185738, 1.79387]}
