{"max": [1.7653, 0.649288, 0.477838], "centroid": [0.8837073994091597, 0.4073230487444643, 0.23880633973412113], "id": "e9491a1e77cb2a65cb6a91bf3956b490", "numVertices": 677, "min": [0.0, 0.0, 0.0]}
