{"max": [0.799952, 0.4572, 0.457493], "centroid": [0.03768680416666648, 0.41526354166666707, 0.22889283120833345], "id": "a6947bdac4ebc97517b431cae0dd70ed", "numVertices": 192, "min": [-0.725636, 0.0, 0.000292659]}
