{"max": [-0.0532682, 0.825, 2.89325], "centroid": [-0.7877665692064697, 0.40611987707863023, 2.5970906355510994], "id": "d56ac97208393d54bc8967b0321bd9d2", "numVertices": 11077, "min": [-1.5235, 0.0, 2.27168]}
