{"max": [-0.044695, 0.790149, 0.592606], "centroid": [-0.9590940010593226, 0.4071898448135603, 0.3716760771186433], "id": "c541d59409647408ad5067eac75a07f7", "numVertices": 944, "min": [-1.87349, 0.000540639, 0.0283796]}
