{"max": [1.28247, 0.74, 0.278473], "centroid": [0.7397524411057698, 0.431554262019235, -0.021327295673076965], "id": "4cbb978cef36a5b9c60fe2650bbe2bf8", "numVertices": 832, "min": [-0.387533, 0.0, -0.201527]}
