{"max": [1.5, 0.9, 0.0], "centroid": [0.7486214575569393, 0.4675139378881976, -0.14508010144927488], "id": "33ebdfbed1aff9fb12d532e9deb7e02b", "numVertices": 966, "min": [0.0, 0.0, -0.29]}
