{"max": [-0.04438, 0.279615, 0.560044], "centroid": [-0.2998048104907937, 0.15999027901144108, 0.21717929690335783], "id": "a01619556405ba3f2633ff66beb9cf31", "numVertices": 28587, "min": [-0.57938, 0.02, -0.042163]}
