{"max": [0.0254, 0.762, 0.3048], "centroid": [-0.28574399923629107, 0.21152210430203638, 0.04219786917796367], "id": "910eec62d3cf0936ce5d6e9371bb5c33", "numVertices": 275, "min": [-0.4064, -6.84696e-06, -0.047625]}
