{"max": [0.0, 1.2, 0.0], "centroid": [-2.463122705570285, 0.9773090893015046, -1.3534527055702787], "id": "7e06d12a3db817df7f07552c1b0b212", "numVertices": 1131, "min": [-5.0, 0.0, -1.368]}
