{"max": [-0.251886, 0.933957, -0.0755364], "centroid": [-1.2155557685774987, 0.4655635354564752, -0.3996396114649681], "id": "cd08399f8fd8bd3bec6d7b771f3c56c6", "numVertices": 471, "min": [-2.355, 0.0230727, -0.806869]}
