{"max": [0.0, 1.12162, 0.0], "centroid": [-0.8806325624478472, 0.5492271126564695, -0.5198120255911008], "id": "a1276733811a864b99cb1d062b75ee73", "numVertices": 719, "min": [-1.78313, 0.0, -0.957944]}
