{"max": [0.034, 0.766863, 0.034], "centroid": [-0.6670794967667019, 0.37017156560428355, -0.19003837969329132], "id": "597cb92a5bfb580eed98cca8f0ccd5f7", "numVertices": 2056, "min": [-1.36999, -0.003, -0.473608]}
