{"max": [-0.655116, 0.301318, 0.418745], "centroid": [-1.880883871108382, -0.08767804762979518, 0.08377444765168485], "id": "d7731559d5f485bcd2b12aa6a0f050b3", "numVertices": 18822, "min": [-2.51589, -0.551933, -0.236642]}
