{"max": [-2.9803, 1.17717, -2.91302], "centroid": [-7.069114352941178, 0.8531794588235293, -3.9917814117647072], "id": "79f02eae8c5b417d756b36dbe53a2798", "numVertices": 85, "min": [-11.5603, 0.0, -5.06302]}
