{"max": [0.819172, 0.3937, -0.0234411], "centroid": [-0.34401543001335105, 0.20822762748998488, -0.45775894979973347], "id": "978e21e3ac24a83c17b431cae0dd70ed", "numVertices": 1498, "min": [-1.40412, 0.0, -0.864771]}
