{"max": [0.0, 0.293131, 0.72755], "centroid": [-0.2787279400943392, 0.12623423751264506, 0.6003194716981125], "id": "323ff904411c3d427c64e9314d548016", "numVertices": 424, "min": [-0.553212, -3.25963e-09, 0.487458]}
