{"max": [-7.45058e-09, 0.474663, 0.0], "centroid": [-0.6556418971609431, 0.19898942950181217, -0.12526039187499993], "id": "16549eea10c75d0f65d3152da5208307", "numVertices": 192, "min": [-1.32, -3.27826e-07, -0.25]}
