{"max": [0.0381, 0.8382, 0.420687], "centroid": [-0.8579176588289089, 0.3782080209439529, 0.1050045427728614], "id": "37ba0371250bcd6de117ecc943aca233", "numVertices": 339, "min": [-1.74917, 0.0212725, -0.06985]}
