{"max": [-0.119059, 0.622247, -0.0768368], "centroid": [-1.0959880673151734, 0.3608117719622014, -0.2959322673929961], "id": "a0ee85921d1bcfbd81faebbdea6bd9be", "numVertices": 2570, "min": [-2.06851, 0.0, -0.515301]}
