{"max": [-0.568513, 0.9144, 1.57454], "centroid": [-1.386098320872274, 0.3822984319833866, 1.22812555970924], "id": "c031c55d7ff5bd7d824080f516909671", "numVertices": 963, "min": [-2.39731, -0.003175, 0.97764]}
