{"max": [-0.824443, 0.499075, 0.586477], "centroid": [-1.4334023014705826, 0.44242591911764706, 0.31220348529411823], "id": "988d4a7f08e66aa3d42b9650f19dd425", "numVertices": 816, "min": [-2.12639, 0.0, 0.106477]}
