{"max": [0.898525, 0.45085, 0.269936], "centroid": [-6.661338147750939e-18, 0.3653790000000003, 0.01911094159999996], "id": "8417c3b75ce474d217b431cae0dd70ed", "numVertices": 100, "min": [-0.898525, 0.0, -0.231714]}
