{"max": [-0.0102321, 2.1, 0.5], "centroid": [-0.6036640557919613, 0.6752812031442076, 0.10186130827423297], "id": "c6abd725ec744274b8710a3469971b1", "numVertices": 846, "min": [-1.19545, 0.0, -0.03]}
