{"max": [0.0, 0.840861, -0.0197492], "centroid": [-0.9307157415342298, 0.43953472616137146, -0.34201188850855807], "id": "d290989e0cd0ef7acc546d806a30d5b", "numVertices": 818, "min": [-2.17778, 0.0, -0.620856]}
