{"max": [10.9264, 2.44176, 3.6882], "centroid": [8.334299999999997, 1.3464924, 1.6378728423255813], "id": "107eb4f1731b2466780bc2708a85ba9a", "numVertices": 43, "min": [4.73436, -0.0382857, -0.0134575]}
