{"max": [0.375772, 0.838769, 0.00857555], "centroid": [-0.5592751453272572, 0.3504769494491997, -0.32585011430402094], "id": "aef0765eabe46794d2b12aa6a0f050b3", "numVertices": 9427, "min": [-1.49338, -0.00833072, -0.663977]}
