{"max": [-1.9432, 1.2192, -0.103656], "centroid": [-3.2654242990654163, 0.34807048785046735, -0.560856420560748], "id": "bd56c556d9514db3500cffceffd2bd2b", "numVertices": 214, "min": [-4.6356, 0.0, -1.01806]}
