{"max": [0.0, 0.762, 0.0], "centroid": [-0.9434149815899592, 0.3173671365690377, -0.24145284518828453], "id": "1e200d34c5555634c59350d819542ec7", "numVertices": 239, "min": [-1.3716, 0.0, -0.358775]}
