{"max": [1.24732, 0.88511, 0.684939], "centroid": [0.6128765424852007, 0.5443712538461561, 0.4301851725443763], "id": "84d0db8ad40017a195c500dedd6e2c23", "numVertices": 1690, "min": [-0.0177463, 0.0, 0.0184298]}
