{"max": [0.0, 0.712784, 0.677125], "centroid": [-1.8250688394534642, 0.32848748573868375, 0.34330199359521774], "id": "2f34980683df2b47ad5067eac75a07f7", "numVertices": 1171, "min": [-3.6576, 0.0, 0.0]}
