{"max": [-0.74677, 0.431137, 1.33023], "centroid": [-1.9648899512195126, 0.3413438292682929, 1.126205219512194], "id": "65aa814b10f778b2056b4bd5d870b47", "numVertices": 82, "min": [-3.18301, 0.0, 0.918032]}
