{"max": [0.0, 0.725919, 0.00643319], "centroid": [-0.9144000000000005, 0.4174344516893743, -0.23502664878443322], "id": "7ac9bc04a2f8e59c7a19c607757a04b2", "numVertices": 326, "min": [-1.8288, -3.81842e-07, -0.581124]}
