{"max": [0.0, 1.9558, 0.435], "centroid": [-0.6095997347797812, 1.0866818823529454, 0.01814054411764706], "id": "ac499f75479d2e372ad490d4d7fae486", "numVertices": 272, "min": [-1.2192, 0.0, 0.0]}
