{"max": [0.0, 0.8128, 0.1016], "centroid": [-0.8887742012698361, 0.4717302920634927, -0.22667184565079365], "id": "367e5ca5d5791739d4d8765e3910f617", "numVertices": 630, "min": [-1.778, 0.0, -0.5207]}
