{"max": [-0.468835, 1.00013, 1.42673], "centroid": [-2.699651286666672, 0.604216879714706, 1.134100633333333], "id": "2e8f1b6cb9b4f568316a315354726289", "numVertices": 300, "min": [-4.92933, -1.39698e-09, 0.687689]}
