{"max": [0.089179, 0.53469, -0.01013], "centroid": [-0.8017296841068183, 0.2686306302411203, -0.2655356529686281], "id": "8277bffcffda5c4edab3d510e4b89249", "numVertices": 3857, "min": [-1.71682, 0.0, -0.51754]}
