{"max": [0.00635, 0.643276, -0.152131], "centroid": [-0.875156917393082, 0.46764768510874366, -0.4377035646387827], "id": "21409db44ac9db8b6f1234a0997684f", "numVertices": 3156, "min": [-1.75505, 0.0, -0.723518]}
