{"max": [0.0, 0.8763, 0.0], "centroid": [-0.31723768928571544, 0.5415340935960617, -0.5801211982942133], "id": "bceca165030250f94da5feafe6f1c8fc", "numVertices": 812, "min": [-0.5334, 0.0, -0.663575]}
