{"max": [0.00373461, 0.796607, -0.00233984], "centroid": [-1.0267629725040448, 0.477946101005516, -0.31956872109128354], "id": "2cd9593e8b7f0560d41e37baed87521d", "numVertices": 9136, "min": [-2.10311, -0.00970905, -0.649273]}
