{"max": [-5.96046e-08, 0.559014, 0.509054], "centroid": [-1.2516470070181762, 0.37118114036402416, 0.2485660858278371], "id": "514ba7cb3392ca5ad5067eac75a07f7", "numVertices": 1868, "min": [-2.5052, 0.0, 0.0]}
