{"max": [-1.90477, 2.93164, -0.0389428], "centroid": [-3.3728208620689655, 1.3144790931034478, -0.2861325696551727], "id": "9e6434ba1ad59fa611fc2b865c2a185b", "numVertices": 290, "min": [-4.66641, 0.140121, -0.532943]}
