{"max": [0.0, 0.819904, 0.515308], "centroid": [-1.4629104647029325, 0.5014834894673982, 0.29993812681321874], "id": "f5f8c8e5d2de751f63b2acb037dfbcde", "numVertices": 15922, "min": [-2.93115, 0.0, 0.0]}
