{"max": [-17.4195, 1.54305, 4.09456], "centroid": [-23.28565860805864, 1.1277057604395584, 2.582677765567767], "id": "750cec373ccc38a3a3d37e70863d948e", "numVertices": 273, "min": [-23.9854, 0.0, 1.40216]}
