{"max": [-0.104739, 0.861265, 1.14154], "centroid": [-0.9149417946314752, 0.5602544230933111, 0.9156692011077967], "id": "8f824b462a2870fd98e0d1738edd4f19", "numVertices": 2347, "min": [-1.72116, 0.0210017, 0.26306]}
