{"max": [-3.21259, 18.2932, 14.2557], "centroid": [-17.986161759036158, 5.396401353060236, 8.710338096385547], "id": "9b5dfec7d45eeca94c8c340ea700916e", "numVertices": 415, "min": [-32.7418, 0.0, 3.58524]}
