{"max": [-0.0104665, 1.2216, 0.63137], "centroid": [-0.3984282308483297, 0.6295992673521829, 0.4112012946529569], "id": "2cfa88eb16cfd27b921dd903dd0b8b17", "numVertices": 389, "min": [-0.620067, 0.00240017, 0.00924067]}
