{"max": [0.0, 0.8763, 0.6223], "centroid": [-0.2286, 0.6066319789473679, 0.17559421052631585], "id": "2b6bd6e0b3c2565839d3717288022c20", "numVertices": 190, "min": [-0.4572, 0.0, 0.0]}
