{"max": [1.952, 1.55842, 0.557694], "centroid": [0.165090410958904, 0.886741823013701, 0.05174242465753437], "id": "6d1883ed7f0cec103023dc1d1218bb2d", "numVertices": 1825, "min": [-1.6, -0.273109, -0.932506]}
