{"max": [0.01905, 0.8763, 0.0], "centroid": [-0.5136476583333301, 0.6004877575757585, -0.35827590757575783], "id": "1a1b62a38b2584874c62bee40dcdc539", "numVertices": 792, "min": [-1.04299, 0.0, -0.62865]}
