{"max": [0.268097, 0.878814, -0.0197118], "centroid": [-1.3293046953386516, 0.5575469044128366, -0.5128207497517474], "id": "6ec8ad28c96e49b588c2a8e73c840fb2", "numVertices": 17925, "min": [-2.93139, 0.0161821, -1.01299]}
