{"max": [0.239104, 0.456629, 0.335661], "centroid": [-1.0486076142625889, 0.3878565651627836, -0.3228896809480708], "id": "450fd49e69534ee6d5032aaea433efa4", "numVertices": 11242, "min": [-2.30225, 0.0, -0.77246]}
