{"max": [-0.002, 2.5, 0.4], "centroid": [-0.9738146767676674, 1.2564165858585834, 0.1890404041035365], "id": "9f07ee5bcf6a4b11151b305e5243d9f8", "numVertices": 792, "min": [-2.006, -0.01, 0.0]}
