{"max": [0.0, 0.8763, 8.9407e-08], "centroid": [-0.31525196710999753, 0.5594985266781404, -0.47959844013880637], "id": "583c242abdc4c08e4da5feafe6f1c8fc", "numVertices": 6391, "min": [-0.6096, 0.0, -0.523116]}
