{"max": [2.3577, 0.457758, 0.0], "centroid": [1.175813905186393, 0.387115940842787, -0.22413524857828535], "id": "ae2605e9e8c47cbfad5067eac75a07f7", "numVertices": 2468, "min": [0.0, 0.0, -0.450593]}
