{"max": [0.0, 0.801671, 0.0], "centroid": [-0.5386850606079996, 0.3969296723199997, -0.24407496639999982], "id": "8a758b29a751764d14038d588fd1342f", "numVertices": 625, "min": [-1.03906, 0.0, -0.5151]}
