{"max": [0.01, 1.07213, 0.105337], "centroid": [-1.6020370370370378, 0.4137253333333329, -0.3412774308641976], "id": "5c1dea3aaa34fee26c289bdcae73ee89", "numVertices": 162, "min": [-3.18, 0.0, -0.992803]}
