{"max": [0.2032, 0.9144, 1.6256], "centroid": [-0.7111999999999988, 0.5899509433962269, 0.7620000976415098], "id": "4d1d28d15b19f9101e0e41d96d3d0a78", "numVertices": 212, "min": [-1.6256, 0.0, -0.1016]}
