{"max": [1.16872, 0.750888, -0.145567], "centroid": [0.6240997844000249, 0.34446093039999925, -0.5421527800000006], "id": "23931fb6b6c46da895f577622f465c85", "numVertices": 1000, "min": [0.0794977, 0.0, -0.839262]}
