{"max": [0.0, 2.8, 0.33], "centroid": [-0.4250588231145253, 1.1090562039106147, 0.09118006094355792], "id": "9d2bf81532da5823b69348aaef501740", "numVertices": 1432, "min": [-1.2, 0.0, -2.98023e-08]}
