{"max": [-0.70976, 0.7239, -0.989665], "centroid": [-3.284944265034562, 0.5656092585545565, -1.662764384246895], "id": "54547a5cbc7cd402c955e5ed03ef3a2f", "numVertices": 3758, "min": [-6.04376, -2.794e-07, -2.33586]}
