{"max": [1.16535, 0.643276, 0.723518], "centroid": [0.5797337445370125, 0.455395256632654, 0.43759925918367065], "id": "4f9e40b167665d793a0ed7b4771fe31", "numVertices": 1960, "min": [-0.00635, 0.0, 0.152131]}
