{"max": [1.6256, 0.6096, 0.6096], "centroid": [0.8614446060606029, 0.4204942038567485, 0.3062694214876034], "id": "27fd962813feeb26be25fbd47cafc694", "numVertices": 726, "min": [0.0508, 0.0, 0.0]}
