{"max": [-1.13476, 1.8669, 2.02086], "centroid": [-1.6301970447164567, 1.0051994364226815, 1.567791084186822], "id": "aab180818ea51dbc7cd8de3984cc1e94", "numVertices": 4003, "min": [-2.12536, 0.0, 1.52556]}
