{"max": [0.0, 0.853152, 0.100594], "centroid": [-1.227348195723956, 0.5450052953773974, -0.12255507316824896], "id": "733cae1ea9a85122d41f2c02e27f6d9c", "numVertices": 19364, "min": [-2.4511, 0.0, -0.588777]}
