{"max": [1.19209e-07, 0.72, 2.98023e-08], "centroid": [-0.9973240846958717, 0.5077308812612978, -0.4406943265495636], "id": "b29de5206eb16c146ec91c2f4565a1ff", "numVertices": 385, "min": [-2.0, -2.286e-07, -0.472506]}
