{"max": [0.0762692, 0.73933, 0.397878], "centroid": [-0.24250527926086993, 0.234310108031424, 0.18906319983072173], "id": "c08dacfd5dd248374e9bcf25298f80d", "numVertices": 7975, "min": [-0.578423, -0.00413732, -0.0669722]}
