{"max": [2.10061, 0.396061, 0.0603514], "centroid": [1.5634883520809932, -0.015896281844769638, -0.16353893723565596], "id": "fdf0f799b897b0c99917ad57402f53f1", "numVertices": 1778, "min": [1.03101, -0.459372, -0.508]}
