{"max": [-0.034977, 0.877314, -0.276957], "centroid": [-0.981116474613951, 0.44819881716620186, -0.6137895324589072], "id": "646caeea9d317c9581faebbdea6bd9be", "numVertices": 12046, "min": [-1.92724, 0.000403174, -1.01576]}
