{"max": [0.0, 0.693738, 0.0], "centroid": [-0.34151521812745095, 0.37840013431372505, -0.3298785945980389], "id": "5e61fc6946ed74c3532e8683617554c4", "numVertices": 204, "min": [-0.684535, 0.0, -0.487685]}
