{"max": [0.0, 2.2, 0.517186], "centroid": [-0.7247057710674147, 0.8216845814606754, 0.04186310531560848], "id": "8fd43ffcc981f6eb14038d588fd1342f", "numVertices": 712, "min": [-1.45, 0.0, -1.11759e-08]}
