{"max": [0.00952506, 0.812205, -0.181872], "centroid": [-0.9429519379880633, 0.4208741089375588, -0.5797526994408204], "id": "1b6a5fc808388138cb2a965e75be701c", "numVertices": 4292, "min": [-1.89547, 0.0, -0.873754]}
