{"max": [0.513086, 0.886198, -0.0425146], "centroid": [-1.0607015203541463, 0.550526912706708, -0.6659539204032726], "id": "88a00b80d432ed5a577e7964e0284adb", "numVertices": 16267, "min": [-2.62527, 0.0, -1.25424]}
