{"max": [0.0, 2.11512, 0.0], "centroid": [-1.4300572471771813, 1.2656709345345345, -0.7062209605105088], "id": "bbdc34eb50c32ff7c6e70747a64ccaed", "numVertices": 666, "min": [-2.86984, 0.0, -1.28266]}
