{"max": [0.0, 2.1, 0.5], "centroid": [-0.7462612798782604, 1.0567433609538421, 0.013227644842618696], "id": "59e0e7f6eaa54e359cf7640f6c7f518b", "numVertices": 897, "min": [-1.5, -2e-06, -0.05]}
