{"max": [0.0, 0.898821, 0.624601], "centroid": [-1.3588999829437212, 0.5571703896103899, 0.3417488039177486], "id": "86980fcab93e60151f53db693ffe56c5", "numVertices": 924, "min": [-2.7178, 0.0, 0.0]}
