{"max": [0.0, 0.8763, 0.0], "centroid": [-0.46601424459910856, 0.6100174053452098, -0.5812116908851894], "id": "21224eab2d099f5012de5317fe5b354f", "numVertices": 898, "min": [-0.9144, 0.0, -0.64758]}
