{"max": [3.56827, 0.728, -0.00999995], "centroid": [-0.041142887471352474, 0.45586713665698797, -0.9579188360580622], "id": "2cd4fb6323fa2462edccc47bf0dcf5d3", "numVertices": 1309, "min": [-3.6319, 0.0, -1.8583]}
