{"max": [0.00635, 0.643276, -0.152131], "centroid": [-1.1691102783376863, 0.4541139865090403, -0.4377263431020189], "id": "b711e64c92fc594c18e830a47a552b39", "numVertices": 3617, "min": [-2.34475, 0.0, -0.723518]}
