{"max": [-9.31323e-09, 2.0, 0.0], "centroid": [-0.14988360726129082, 0.4369711903225813, -0.1731317275516801], "id": "1b92b53bdb962de337aa612844f43db0", "numVertices": 2356, "min": [-0.3, 0.0, -0.353028]}
