{"max": [1.18155, 0.646212, 0.4754], "centroid": [0.59071788184572, 0.3561800897263779, 0.2277270119948819], "id": "b1117a83ebf5a4c9c337a931444a5063", "numVertices": 2032, "min": [0.0, 0.0, -0.00124531]}
