{"max": [0.0, 0.789572, 0.761427], "centroid": [-0.9848805221892515, 0.5366611459223994, 0.38093175304458643], "id": "86ef2d2a38bde1ebad5067eac75a07f7", "numVertices": 12397, "min": [-1.9649, 0.0, 1.19209e-07]}
