{"max": [0.0047625, 0.9144, 0.8509], "centroid": [-1.0909302846846831, 0.4360934002573935, 0.4187490640283158], "id": "7a4a9c948c54de261dee989d1177ef4e", "numVertices": 3108, "min": [-2.17646, 0.0, -0.0047625]}
