{"max": [81.7173, 52.9251, 215.051], "centroid": [50.86026861780621, 32.932664422036474, 205.19221003443116], "id": "a80ad4eafdb304edb6b975d10a10702", "numVertices": 2033, "min": [19.7523, 0.0, 204.08]}
