{"max": [-1.4732, 0.9525, 0.0127], "centroid": [-2.2606593457943926, 0.3714975023364467, -0.44414586869158806], "id": "d7025b55fe15337ed7c5502d4a22edf5", "numVertices": 856, "min": [-3.048, 0.0, -0.9144]}
