{"max": [3.6576, 0.552566, -0.0194271], "centroid": [1.8289911818181865, 0.2989862865454546, -0.22116277745454532], "id": "bbd82d91a0b7fc12ad5067eac75a07f7", "numVertices": 550, "min": [0.0, 0.0, -0.425827]}
