{"max": [-1.50916, 1.8, 2.07043], "centroid": [-2.260519075144507, 0.89786665433526, 1.4765571676300664], "id": "1ae6d530ee86ee9a4d87481e09b681b3", "numVertices": 346, "min": [-3.00916, 0.0, 1.44043]}
