{"max": [0.0, 0.819904, 0.515308], "centroid": [-1.1589744070058108, 0.5142414247555419, 0.30302954495024126], "id": "501e374fc9a9e5c263b2acb037dfbcde", "numVertices": 16158, "min": [-2.32155, 0.0, 0.0]}
