{"max": [0.0, 1.89, 0.4], "centroid": [-0.1946861924686196, 0.612744393305441, 0.11695782008368207], "id": "9460ebcbd28a8cb7d5a4a04ac21f0578", "numVertices": 478, "min": [-0.4, 0.0, -0.008]}
