{"max": [0.0, 2.17, 0.5], "centroid": [-0.8700727050847451, 0.9116840318644079, 0.07863200056497184], "id": "962b62d2b3823aff51f77a6d7299806", "numVertices": 708, "min": [-1.62, 0.0, 0.0]}
