{"max": [0.0, 1.635, 0.0], "centroid": [-1.1012003943355126, 0.9695419063180815, -0.7195894727668816], "id": "25d7aeb2970030371733347bc72de5f9", "numVertices": 459, "min": [-2.24, 0.0, -0.78]}
