{"max": [0.0, 0.789572, 0.455297], "centroid": [-0.9857236578184094, 0.5803891734502136, 0.28227218176130436], "id": "8a541c1e735e834ad5067eac75a07f7", "numVertices": 7985, "min": [-1.9649, 0.0, 0.0]}
