{"max": [0.00781538, 0.8763, 0.0], "centroid": [-0.6118569793574384, 0.590251426229506, -0.595094794754097], "id": "9d0a9c46bb6768fbd37a1bae74ee50a2", "numVertices": 2440, "min": [-1.21138, 0.0, -0.64477]}
