{"max": [0.0, 0.84871, 0.585569], "centroid": [-0.9148153871987423, 0.3345191854024339, 0.2868816112233133], "id": "393bc2b638ed33fd201085e80edb26a", "numVertices": 5096, "min": [-1.82884, 0.0, 0.0]}
