{"max": [-0.122237, 0.831003, -0.0854762], "centroid": [-1.0906122991561238, 0.3710902677364403, -0.45913232968775936], "id": "745ce171571074decb2a965e75be701c", "numVertices": 11850, "min": [-2.05899, 0.0, -0.797786]}
