{"max": [2.51052, 1.7526, 0.826308], "centroid": [2.2774807407407445, 0.9235598053872034, 0.43836773232323467], "id": "b184de34d988236464a7317444d5a8d", "numVertices": 594, "min": [1.82472, 0.0, 0.331008]}
