{"max": [-1.14355, 0.962164, 1.40727], "centroid": [-2.0587783284671666, 0.6516456223199979, 1.2340644642335767], "id": "990c56d6ab64279c2056b4bd5d870b47", "numVertices": 1370, "min": [-2.97814, -2.54e-08, 0.763061]}
