{"max": [0.0116356, 0.437014, 0.327337], "centroid": [-0.8951541749999998, 0.27190733000000006, 0.17491218749999993], "id": "b990e2ecb2650ba548e7a83cf3fe93c5", "numVertices": 32, "min": [-1.81716, 0.00520532, 0.0224383]}
