{"max": [0.265378, 0.868401, 0.0184009], "centroid": [-0.8783807764313961, 0.5855942571993249, -0.19777218668980867], "id": "ef1149155829a5175c7dbebb6c018341", "numVertices": 3542, "min": [-1.94178, 0.0, -0.600838]}
