{"max": [1.77845, 0.646212, 0.4754], "centroid": [0.7737297431242662, 0.4794489870459496, 0.29334011188496395], "id": "e66730e74570d0016e90d42867af9dbd", "numVertices": 3199, "min": [7.58952e-05, -0.00787519, 0.00885411]}
