{"max": [1.81602, 2.11, 4.08704], "centroid": [0.9959611410614547, 1.1770822885474852, 3.4790277094972044], "id": "d8d2e500860312bf98d5fc0473d00a1c", "numVertices": 716, "min": [0.206022, 0.0, 3.39224]}
