{"max": [0.0, 0.762, 0.0], "centroid": [-0.5223096076018108, 0.1610270640271492, -0.2842732986425333], "id": "aa3e41a51b1aa79a4da5feafe6f1c8fc", "numVertices": 442, "min": [-0.762, 0.0, -0.353219]}
