{"max": [-1.41082, 0.771972, 1.74736], "centroid": [-2.315096428571429, 0.32104413392857245, 1.3395735357142848], "id": "9920a0a8393494c59ec4bb690ca24962", "numVertices": 224, "min": [-3.22638, 0.0, 0.943748]}
