{"max": [0.002, 0.7, 0.316], "centroid": [-0.1908195105307501, 0.2824997470092672, 0.11173515174389294], "id": "783ba337e5bf328abe81a9109a782712", "numVertices": 1187, "min": [-0.498, 0.0, -0.025543]}
