{"max": [0.0, 0.6223, 0.59055], "centroid": [-0.6095993749999995, 0.4226718749999997, 0.2945804687499996], "id": "4eb3dc26aad9ace8f4fb4dee5181bee", "numVertices": 256, "min": [-1.2192, 0.0, 0.0]}
