{"max": [0.0, 0.512611, 0.356164], "centroid": [-0.6073570144432109, 0.2156227293248759, 0.06346435609514385], "id": "515df524aefbb9c2376a431c347bc40a", "numVertices": 1009, "min": [-1.20017, 0.0, 0.0]}
