{"max": [0.628111, 0.471328, -0.36948], "centroid": [0.12715219636752076, 0.03394472920797681, -0.8704383871082587], "id": "6e166423582d68bfd5b24cafb84903c7", "numVertices": 2808, "min": [-0.376919, 0.0, -1.37451]}
