{"max": [1.5494, 1.13134, 0.0841375], "centroid": [0.7750606584415597, 0.7968102424242425, -0.20744971265800877], "id": "133d46d90aa8e1742b76566a81e7d67e", "numVertices": 231, "min": [-0.03175, 0.028575, -0.551436]}
