{"max": [0.8, 0.929713, 0.369713], "centroid": [0.009008659852820804, 0.5334743442354871, 0.030502961849550297], "id": "91a39f76430e6cca19420b7669e7265", "numVertices": 1223, "min": [-0.8, 0.0, -0.238978]}
