{"max": [1.7907, 0.575734, 0.565082], "centroid": [0.8826503362807466, 0.36218682647657874, 0.2822543016996045], "id": "682cb02cd40c9fa412b60d5939b55d61", "numVertices": 982, "min": [-0.0254, 0.003175, -0.000573481]}
