{"max": [0.0, 0.575734, 0.000573481], "centroid": [-0.9080494494818676, 0.35175791750820834, -0.2822490541183174], "id": "22c5aed5cfd1ef997666aea996e0bd15", "numVertices": 1158, "min": [-1.8161, 1.86265e-09, -0.565082]}
