{"max": [0.0, 2.1336, 0.0], "centroid": [-0.915935794183443, 0.9489836241610742, -0.5629020134228149], "id": "586cd9ce3d22685f2280e8623aad43f4", "numVertices": 447, "min": [-1.524, -0.0004, -0.6477]}
