{"max": [0.0, 0.759653, 0.508], "centroid": [-1.0536691272727268, 0.3892196429090903, 0.09493053745454469], "id": "b278c93f18480b362ea98d69e91ba870", "numVertices": 550, "min": [-2.10832, 0.0, 0.0]}
