{"max": [0.00828012, 0.878814, 0.0962976], "centroid": [-0.6012081702124147, 0.5650115011387238, -0.27994940665707846], "id": "43cae409bde302d4c88fd5e1f2929cbf", "numVertices": 7057, "min": [-1.27818, 0.000486689, -0.688605]}
