{"max": [-0.0165927, 1.8, 0.57], "centroid": [-0.4401868283185842, 0.8086986199999995, 0.12002065132743371], "id": "14e2319299a434b24b8710a3469971b1", "numVertices": 339, "min": [-0.850691, 0.00477765, -0.01]}
