{"max": [0.012831, 0.900987, 0.817496], "centroid": [-1.0682172434715074, 0.4947522209933392, 0.4216460351221281], "id": "595e48c492a59d3029404a50338e24e7", "numVertices": 5404, "min": [-2.12755, -0.030003, -0.02]}
