{"max": [-0.300989, 0.498228, 0.643413], "centroid": [-1.102090985013604, 0.15204692154871913, 0.3300866700272475], "id": "fb39d112f22db46616462411d4c2b1b9", "numVertices": 734, "min": [-1.90346, -0.000228, 0.059553]}
