{"max": [0.0, 0.8763, 0.0], "centroid": [-0.4551956056603772, 0.7264123245283001, -0.564239455122455], "id": "1e25501b8930873129a50a2b3c5e5b6", "numVertices": 530, "min": [-0.9144, 0.0, -0.659666]}
