{"max": [0.9525, 1.5494, 0.4572], "centroid": [0.4577587642458106, 0.827370776536311, -0.036034439240223426], "id": "7f6d01dfa00872a26cf87f8460db3ae0", "numVertices": 716, "min": [-0.0381, 0.0, -0.0561335]}
