{"max": [0.0, 0.8763, 0.0], "centroid": [-0.3483604649805441, 0.6848413190661486, -0.5524683237644004], "id": "10798ccb7072393e86d53ab0fe94e911", "numVertices": 514, "min": [-0.4572, 0.0, -0.658813]}
