{"max": [3.51869, 0.776851, -3.30332], "centroid": [2.292274905660376, 0.30294160339622656, -3.5252059433962226], "id": "87113624b71e8961e3e484fe1f0aa4c2", "numVertices": 106, "min": [1.01869, 0.0, -3.75636]}
