{"max": [0.0184339, 0.712186, 0.645746], "centroid": [-0.8993711924458118, 0.4036272568272445, 0.321593892002477], "id": "5a383d9a0e67caed4ea8cb420cbb292f", "numVertices": 1615, "min": [-1.82307, 0.0, -0.00194518]}
