{"max": [0.0, 0.8763, 0.0], "centroid": [-0.46846966859567585, 0.5565172608024656, -0.6026485981596434], "id": "5294d0d31a33e67912de5317fe5b354f", "numVertices": 1296, "min": [-0.9144, 0.0, -0.657225]}
