{"max": [0.0, 0.725919, 0.0755199], "centroid": [-0.9144000000000005, 0.4114644972067039, -0.21677623995453957], "id": "9ceab93b37b71c47c62ba64662b2626d", "numVertices": 358, "min": [-1.8288, 0.153026, -0.581124]}
