{"max": [-3.58657, 0.410686, -1.47259], "centroid": [-4.297867861271663, 0.19527717186897792, -1.6817803468208175], "id": "e223e77b8db4aea17d8864caa856253b", "numVertices": 2076, "min": [-5.00897, 0.0, -1.89118]}
