{"max": [0.00127, 0.83566, 0.581625], "centroid": [-0.9440285202235533, 0.5000899671972571, 0.33831412985177], "id": "3830a5b2eec789ac63b2acb037dfbcde", "numVertices": 5815, "min": [-1.90052, 0.0, 0.0]}
