{"max": [0.0, 0.95, 0.0], "centroid": [-0.30023273442622966, 0.36927135672131167, -0.24735711475409855], "id": "cc843a4c31c60dec64cb4ed80bd76aed", "numVertices": 122, "min": [-0.6, 0.0, -0.326198]}
