{"max": [-2.65509, 0.682319, 0.306196], "centroid": [-2.937997530026081, 0.304758061389731, 0.19747072184508424], "id": "ccf7d017b67b51b7b9349bb36676bc81", "numVertices": 5745, "min": [-3.22068, -0.140459, 0.148134]}
