{"max": [0.0, 0.8763, 8.9407e-08], "centroid": [-0.34480009615763324, 0.5119169862587496, -0.46228526189837443], "id": "5f7b88ac9256976cc59350d819542ec7", "numVertices": 3857, "min": [-0.6858, 0.0, -0.500813]}
