{"max": [0.035052, 0.886427, 0.120702], "centroid": [-0.8887655657115172, 0.6425762826769792, -0.17659902395868568], "id": "972e0e5717676e47d201085e80edb26a", "numVertices": 4139, "min": [-1.81292, 0.0, -0.550926]}
