{"max": [2.47158, 1.40921, 2.6724], "centroid": [0.2983642759643529, 0.8808379576811621, 2.2593000299516945], "id": "69ab287543b3a04a7e3b0132a2f87650", "numVertices": 10350, "min": [-1.06475, 0.490366, 1.86917]}
