{"max": [0.0, 1.33667, 0.508], "centroid": [-0.4643610395056085, 0.807319754728293, 0.02144693253721101], "id": "a7e9a54cfae053aa20768660cf080d12", "numVertices": 68122, "min": [-0.9144, 0.0, 0.0]}
