{"max": [0.0, 0.792903, 0.00530809], "centroid": [-0.9922766935100005, 0.5458026985230228, -0.2778144199096438], "id": "28ccec6ab49631e4e0f41fcfea9716c3", "numVertices": 1151, "min": [-1.9812, 0.0, -0.647225]}
