{"max": [0.0, 0.8763, 8.9407e-08], "centroid": [-0.5030182007651719, 0.5554227308707123, -0.45689134837864065], "id": "6a121783609b4a18824662341ce2b233", "numVertices": 1516, "min": [-0.9906, 0.0, -0.511175]}
