{"max": [0.0, 2.2, 0.45], "centroid": [-0.8599947452293567, 1.0451400386513763, 0.09508797124036758], "id": "75c4595a4d1c3bf9fd2b139960f72a73", "numVertices": 1090, "min": [-1.72, 0.0, 0.0]}
