{"max": [0.0, 0.762, 0.0], "centroid": [-0.4455159187368424, 0.3006056036842108, -0.21704098947368433], "id": "47b069b828d9fae54692707833167ca3", "numVertices": 190, "min": [-0.762, 0.0, -0.34564]}
