{"max": [0.266912, 0.878814, -0.0350691], "centroid": [-0.7421446478731956, 0.5488550050531714, -0.5381332413432717], "id": "1e4eacc8dc69a40e414354bfb060c386", "numVertices": 11003, "min": [-1.6475, 0.0161821, -1.01105]}
