{"max": [0.0, 0.8763, 0.0], "centroid": [-0.4558311437125748, 0.4857552754491019, -0.5341510778889247], "id": "228a83ea767bcab94da5feafe6f1c8fc", "numVertices": 334, "min": [-0.9144, 0.0, -0.663575]}
