{"max": [-0.39545, 0.809477, 1.0748], "centroid": [-1.1428989928825557, 0.33701096352313215, 0.7315755213523127], "id": "7a7ca24c50662907bb808757415d8a76", "numVertices": 1124, "min": [-1.89545, 0.0, 0.401272]}
