{"max": [0.0, 0.839922, -0.0103162], "centroid": [-1.1841764562075083, 0.49968228195578246, -0.2643356614795925], "id": "8ff9b4b57eb5a60daed1fc72009b42ac", "numVertices": 4704, "min": [-2.3749, -0.00738632, -0.599267]}
