{"max": [0.355854, 12.6035, 1.90246], "centroid": [-9.079543100758988, 3.394389481340935, 0.566368194788113], "id": "9b885f40e2d36819e4e346ee2650d150", "numVertices": 1581, "min": [-18.3386, -0.52832, -0.41402]}
