{"max": [0.002, 1.6, 0.533], "centroid": [-0.25004468189946855, 0.4429910804967132, 0.13775193476230993], "id": "4a2848db82ae01f7490ad276cd2af3a4", "numVertices": 2738, "min": [-0.502, 0.0, -0.0224263]}
