{"max": [0.0, 0.9144, 0.508], "centroid": [-1.8298297257327492, 0.7622910396551729, 0.047640173951129676], "id": "459cad806518f195ba6d436b28fcddfb", "numVertices": 2320, "min": [-3.6576, 0.0, -0.107843]}
