{"max": [0.0, 0.964964, 0.647427], "centroid": [-0.9049219924242394, 0.43538344696969694, 0.28638796329545396], "id": "8596664f3d7925cdfdeb515ad63cf4b0", "numVertices": 528, "min": [-1.81356, 0.0, -0.0611698]}
