{"max": [0.0, 0.898513, 1.90921e-08], "centroid": [-0.9174047797256105, 0.39788996507439095, -0.30530600705886585], "id": "68df3d5c8ef4cb307cd7dbf0f3d6d9cc", "numVertices": 1312, "min": [-1.8288, 0.0, -0.65405]}
