{"max": [0.0, 0.712784, 0.677125], "centroid": [-1.8224609438727817, 0.3237541423760517, 0.3823671086997196], "id": "272162e616a4e8e9ad5067eac75a07f7", "numVertices": 1069, "min": [-3.6576, 0.0, 0.0]}
