{"max": [0.000396875, 0.798101, 0.0], "centroid": [-0.9285283221596234, 0.479734054103155, -0.306391690367704], "id": "127dcb2e061ae07f155d75bbf62b80", "numVertices": 17216, "min": [-1.86095, 0.0, -0.687491]}
