{"max": [0.0, 2.3622, 0.0], "centroid": [-0.5439434842767297, 0.6623170440251581, -0.35528050314465426], "id": "426f7850e60a5447616fb9ab42452112", "numVertices": 318, "min": [-1.016, 0.0, -0.381]}
