{"max": [0.0399124, 0.975293, 0.168876], "centroid": [-0.8679921088802387, 0.5722118276585451, -0.03761450796008128], "id": "d46ca28fe271ef7bc5a208307819a3a1", "numVertices": 5912, "min": [-1.77619, -7.35745e-07, -0.621089]}
