{"max": [0.408893, 0.390277, 0.0880648], "centroid": [0.22878763333333338, 0.2536947753623189, -0.014062584637681154], "id": "5c306efe5d4409c31190e285a2cbc9c", "numVertices": 138, "min": [0.04546, 0.11661, -0.0320341]}
