{"max": [0.309245, 1.80042, 0.231936], "centroid": [0.02616477258687256, 0.09490606951737472, -0.019115511003860716], "id": "88e89b29e8100f1c1bec2e8246842c2a", "numVertices": 10360, "min": [-0.240755, 0.0346643, -0.26921]}
