{"max": [0.0511278, 2.032, 0.0], "centroid": [-1.351654103309525, 0.739684736367727, -0.314156393405253], "id": "62a332e54cca36f547b925ad5d9d8738", "numVertices": 6581, "min": [-2.75623, 0.0, -0.363558]}
