{"max": [69.7245, 96.9588, 46.7706], "centroid": [-55.13345000000063, 53.01304800000009, -17.426195460000038], "id": "98971eb747738a6880360680c1602c7d", "numVertices": 600, "min": [-180.139, -49.4028, -80.199]}
