{"max": [1.68573, 0.9271, 0.73708], "centroid": [1.1151160473919044, 0.6136210240837034, 0.1687606912837304], "id": "696c0051a5d5db993bd5bed2701d5593", "numVertices": 6499, "min": [0.0290549, 0.0, -0.0315579]}
