{"max": [0.0, 0.593725, 0.0], "centroid": [-1.158774092970521, 0.15392787528344706, -0.22298101115646227], "id": "b60b9fe791be0f4b1191025061735ea3", "numVertices": 441, "min": [-2.4384, 0.0, -0.53975]}
