{"max": [-529.178, -183.614, 281.254], "centroid": [-659.0510284046691, -259.14225680933293, 226.56388093385092], "id": "5d9880d63d54b9c442bdc91bf8c0f902", "numVertices": 2570, "min": [-788.93, -348.831, 153.644]}
