{"max": [0.0, 1.0668, 0.337397], "centroid": [-0.43193480446428684, 0.542500162728464, -0.12971860357142867], "id": "216096d5038c86a74c62bee40dcdc539", "numVertices": 224, "min": [-0.862104, 0.0, -0.234576]}
