{"max": [0.0, 0.381, 0.0], "centroid": [-0.5369868507253864, 0.19048199036269592, -0.3199337072538856], "id": "92c111f0456557c14da5feafe6f1c8fc", "numVertices": 1930, "min": [-0.762, 0.0, -0.359569]}
