{"max": [4.04956, 2.64, 1.27839], "centroid": [2.0437367034852887, 1.1258932472445655, 0.7461192606493892], "id": "17ad636e45c233bef79e00aae9a7dcf8", "numVertices": 3357, "min": [0.0295541, 0.0, 0.25839]}
