{"max": [0.0, 0.95486, 0.657093], "centroid": [-0.8670109088000023, 0.5513532200000003, 0.3307577710400003], "id": "2c8435941798069d35580c572d992e6", "numVertices": 250, "min": [-1.84127, 0.0, -0.0261967]}
