{"max": [0.039075, 1.51015, 0.438882], "centroid": [-0.4869275212541333, 0.91589922892562, 0.11314022604752053], "id": "bd89eb4a7407f07e54d8afaf6caac97c", "numVertices": 968, "min": [-1.01073, 0.0, -0.0453623]}
