{"max": [-1.06799, 0.85084, 1.64701], "centroid": [-1.9937558844221925, 0.4835866195778897, 1.343699785427136], "id": "89326f54e97f65d82056b4bd5d870b47", "numVertices": 3980, "min": [-2.92536, 0.0, 0.943016]}
