{"max": [1.0668, 0.8763, 0.0], "centroid": [0.5334499370078736, 0.5671373976377957, -0.5554289763779527], "id": "1d61ca99924b13fc99dd23ec22c4943b", "numVertices": 254, "min": [0.0, 0.0, -0.666889]}
