{"max": [-1.17202, 1.83844, 0.739775], "centroid": [-1.7642416883116883, 0.8273081425324681, 0.009607467532467532], "id": "61d42e7c7c16b2d53334fb6668ccd834", "numVertices": 308, "min": [-2.28962, -0.0332218, 0.0]}
