{"max": [0.0, 0.8763, 5.96046e-08], "centroid": [-0.4995309636793813, 0.6597674640091891, -0.627977773485049], "id": "11ee3844cf96c7194da5feafe6f1c8fc", "numVertices": 6974, "min": [-0.9906, 0.0, -0.664369]}
