{"max": [0.0704738, 0.599892, 0.165987], "centroid": [-0.8122042431152243, 0.20877592893617644, -0.163039771784825], "id": "96d87da2fecf81ddd2b12aa6a0f050b3", "numVertices": 4982, "min": [-1.69483, -0.258979, -0.496649]}
