{"max": [0.00635, 0.893869, 0.0], "centroid": [-1.1688853232525418, 0.5714698385830829, -0.41010520090081265], "id": "30d3152964e13201520d2a054af1eb24", "numVertices": 6039, "min": [-2.34475, 0.0, -0.883733]}
