{"max": [0.6096, 0.762, 0.0], "centroid": [0.3037216981132076, 0.3720165471698114, -0.1374235849056606], "id": "1cd80ed7f3ab7a5d4da5feafe6f1c8fc", "numVertices": 106, "min": [0.0, 0.0, -0.3048]}
