{"max": [5.33346, 2.5, -3.09747], "centroid": [3.4667196101054327, 0.7733269445991635, -3.658076422319488], "id": "8b8b59fc52257bea58e51facd8ce1a25", "numVertices": 10054, "min": [1.28593, 0.0, -4.59766]}
