{"max": [0.14605, 2.07216, 0.03175], "centroid": [-0.9867974661124227, 0.9388201706994321, -0.631090001361365], "id": "ab870b99f869186fd523772c66ed5bc5", "numVertices": 34013, "min": [-1.33985, 0.0, -0.701737]}
