{"max": [0.00188897, 0.880339, 0.00392669], "centroid": [-0.5972484529247069, 0.5605332883268995, -0.3475022053370471], "id": "1f0c3038d2a9bb391b305ee09b6b9906", "numVertices": 6999, "min": [-1.26175, 0.0, -0.793623]}
