{"max": [2.4384, 0.358199, 0.0], "centroid": [1.0438824002605422, 0.3153313528183722, -0.21226767318246298], "id": "c5625ef76473a5cc7c3efce71c4e8d70", "numVertices": 479, "min": [0.0, 0.0, -0.4445]}
