{"max": [-0.732596, 5.297, 1.48085], "centroid": [-1.6064773619895572, 2.4408604283082966, 1.0019636017807796], "id": "56253642219df29c37d43e094da89ace", "numVertices": 3257, "min": [-2.5876, -0.099, 0.749853]}
