{"max": [1.0922, 0.42545, 0.65405], "centroid": [0.5051020184148263, 0.16716116353312327, 0.23688707567823283], "id": "3483076cc008fff0d9826d0ff198257e", "numVertices": 634, "min": [-0.0254, 0.0, -0.00635]}
