{"max": [1.7907, 0.444885, 0.565082], "centroid": [0.882650475108808, 0.30745466890756346, 0.28225430569889576], "id": "3a8490a38cd7f21929bffcef22233b9d", "numVertices": 714, "min": [-0.0254, 0.003175, -0.000573481]}
