{"max": [71.6451, 40.0806, 203.158], "centroid": [44.02681918505944, 10.029505116502582, 189.87373853989655], "id": "5f44807953f9babdaf31a22c7bed177d", "numVertices": 1178, "min": [16.3226, -8.46773, 188.687]}
