{"max": [-0.0635002, 0.831003, -0.0489647], "centroid": [-1.0318750432729729, 0.37553752911183325, -0.421768059243419], "id": "1ee7b919637a2acecb2a965e75be701c", "numVertices": 12160, "min": [-2.00025, 0.0, -0.761275]}
