{"max": [1.8796, 1.08728, 0.68217], "centroid": [0.9422504988983825, 0.47759678819516277, 0.4010309686649193], "id": "7cc7a6e8e2aad387a6a7b6e78d8d5bcb", "numVertices": 2480, "min": [0.0, 0.0, 0.0]}
