{"max": [-1.08085, 0.880668, 1.64226], "centroid": [-1.995308601548986, 0.4500567337372349, 1.3102274707401085], "id": "12b3daecfb0eb7d2056b4bd5d870b47", "numVertices": 6972, "min": [-2.91618, 0.0, 0.966313]}
