{"max": [0.0, 1.07502, 0.025052], "centroid": [-0.7084462474645079, 0.5849050404300203, -0.5734501244056806], "id": "8f52743c3cb564f149e6f7df978f3373", "numVertices": 2465, "min": [-1.4, 0.0, -1.32486]}
