{"max": [0.0, 19.7132, -0.450637], "centroid": [-28.56531207634993, 10.299832283054027, -10.427245765363114], "id": "c0976144b3ec94381076bdfcbbc20a9d", "numVertices": 1074, "min": [-57.3962, 0.23207, -24.9451]}
