{"max": [1.72885, 0.769453, 0.702676], "centroid": [0.8398410285354571, 0.2777447845051741, 0.346509947693821], "id": "3b18e32e6e0c5942d4d8765e3910f617", "numVertices": 7538, "min": [-0.049149, 0.0, -0.0478462]}
