{"max": [0.0, 0.901655, 0.0], "centroid": [-0.5913267104000006, 0.48753589600000047, -0.33532799999999985], "id": "5382680280ef5b57d0b36851d61b6fca", "numVertices": 125, "min": [-1.16593, 0.0, -0.458]}
