{"max": [2.08239, -0.154564, 0.0], "centroid": [1.380553836477034, -0.4304969971780106, -0.3669891084806172], "id": "a9ade7de80ee8cc8ae25f6fe802a8997", "numVertices": 6733, "min": [0.689511, -0.825619, -0.519502]}
