{"max": [1.89548, 0.638547, 0.671476], "centroid": [0.9429743057615275, 0.39853960653788983, 0.3767603034175322], "id": "bd40921448838cbcb2a965e75be701c", "numVertices": 5384, "min": [-0.00952494, 0.0, 0.0820444]}
