{"max": [0.0, 0.662, 0.54], "centroid": [-0.4546111111111133, 0.497775632478634, 0.31467752136752053], "id": "ab5f53ca60521a231aab721727b6a1b4", "numVertices": 702, "min": [-0.9, 0.0, 0.0]}
