{"max": [-1.1025, 0.962408, 2.65249], "centroid": [-2.3090260483447347, 0.5125031693746678, 2.365478311087766], "id": "7cf981899878464e2056b4bd5d870b47", "numVertices": 9515, "min": [-3.5155, 0.0, 1.92316]}
