{"max": [0.153987, 0.944499, 1.15427], "centroid": [-1.0736188457894822, 0.5445677691578951, 0.6639575452105292], "id": "f4a67224c61f79b1733ee41496c73429", "numVertices": 1900, "min": [-2.26854, 0.0, -0.0451485]}
