{"max": [0.0, 1.11601, 0.339725], "centroid": [-0.37210220120120113, 0.6122683843843847, 0.0007997006798798805], "id": "8d3d624b37b4803c33110e4a1f22f6dc", "numVertices": 666, "min": [-0.741363, 0.0, -0.0128596]}
