{"max": [0.0, 0.741346, 0.0], "centroid": [-1.565526248902821, 0.25697495109717866, -0.486582608777429], "id": "723138769c7c84eb5006d092e9ad4f03", "numVertices": 319, "min": [-3.11468, 0.0, -0.86995]}
