{"max": [0.0, 0.916343, 0.62865], "centroid": [-0.8954091849611073, 0.571789015557474, 0.024559846153846068], "id": "16bc9f5821d887f2d7838dc22b16368e", "numVertices": 1157, "min": [-1.21923, 0.0, 0.0]}
