{"max": [-0.21954, 1.84, 0.739873], "centroid": [-1.0320118996886907, 0.8516827654790742, 0.25366662469733636], "id": "3e662f9afbe62838f0f8b2d752b1c7a1", "numVertices": 2891, "min": [-1.85954, 0.0, 0.234168]}
