{"max": [-6.93888, 1.14511, 4.89674], "centroid": [-7.9239954731993185, 0.718449335173363, 4.668112634003322], "id": "54239ba1b945460ae4409e4832196128", "numVertices": 2388, "min": [-9.06494, 0.000944677, 4.31249]}
