{"max": [0.10192, 3.038, 0.10192], "centroid": [-2.5418621644797708, 1.4237613265895965, -0.6607949969653172], "id": "21ffe8bb21951feb5c8adc541f88498", "numVertices": 692, "min": [-4.88552, 0.0, -1.66593]}
