{"max": [3.23064, 0.58841, -1.92204], "centroid": [2.3368424709976647, 0.32461179245939664, -2.239878335266813], "id": "aa88a7bb135e074e2056b4bd5d870b47", "numVertices": 1724, "min": [1.39041, 0.0150813, -2.55312]}
