{"max": [3.81842e-08, 0.870314, 0.0], "centroid": [-0.9397999962453387, 0.49024698703340147, -0.9622007645102167], "id": "7d79d398f56c13eb12185770c6bc35e3", "numVertices": 4072, "min": [-1.8796, 0.0, -1.9244]}
