{"max": [0.0, 0.8763, 0.6223], "centroid": [-0.19049998958333333, 0.6086472708333327, 0.18004895833333326], "id": "7328b4c001a249ca39d3717288022c20", "numVertices": 192, "min": [-0.381, 0.0, 0.0]}
