{"max": [0.0, 3.2, 0.51], "centroid": [-0.5663920806384296, 1.823588076233623, 0.20376784342379936], "id": "6c7a1a40e645c48e9c22f14c4b6aad23", "numVertices": 14849, "min": [-1.2, 0.0, 0.0]}
