{"max": [0.0, 0.4064, 0.4826], "centroid": [-1.213286772486773, 0.234378835978836, 0.2425767195767192], "id": "8fc8fb14df48da05ad5067eac75a07f7", "numVertices": 189, "min": [-2.4384, 0.0, 0.0]}
