{"max": [2.19, 0.299999, 0.0], "centroid": [1.094999485774987, 0.09764261857142859, -0.34499935000000015], "id": "a047cb14c22517e6f33e284fed03c3fc", "numVertices": 336, "min": [-7.45058e-09, 0.0, -0.689999]}
