{"max": [0.0, 0.709263, 0.0], "centroid": [-0.2971261861861855, 0.4622009662462464, -0.4128649534534536], "id": "3ff4401d898b488a601104cd2d998272", "numVertices": 666, "min": [-0.585, -0.00330031, -0.699995]}
