{"max": [-2.44833, 1.33488, 3.52899], "centroid": [-2.9043850154268624, 0.5687084346931809, 2.90723908296191], "id": "6d5049bc983aa8b4a805114916841d69", "numVertices": 5834, "min": [-3.36273, 0.0, 2.85157]}
