{"max": [0.00292799, 0.00324239, 0.0016033], "centroid": [4.054164648910488e-05, 0.0012314741283292977, 9.709326731234862e-05], "id": "9027bc9728f006bb40f0ac0fb9a650d", "numVertices": 413, "min": [-0.00305389, 3.048e-07, -0.00158968]}
