{"max": [-2.27155, 0.096, 1.96468], "centroid": [-4.829794000000001, -0.40161948828571453, 1.5989599999999986], "id": "7e8caf5bf2eb1a61ecaa3c66b0328b42", "numVertices": 70, "min": [-7.51755, -1.132, 1.21568]}
