{"max": [-0.203192, 0.4064, -0.208725], "centroid": [-0.8127909999999996, 0.3184524999999998, -0.43732495000000016], "id": "7c33a6f55768b7acb97ad864945165a1", "numVertices": 160, "min": [-1.42239, 0.0, -0.665925]}
