{"max": [0.0, 0.801877, 0.0247603], "centroid": [-1.2207238900267114, 0.42502290160284983, -0.25437278582682804], "id": "5aa59235750d4dce9953235c64bd990", "numVertices": 2246, "min": [-2.4384, -0.175862, -0.640914]}
