{"max": [1.7653, 0.649288, 0.477838], "centroid": [0.8807991226666687, 0.42588379200000276, 0.23835161999999988], "id": "110f199f516657c1473448e3f3f73bc2", "numVertices": 750, "min": [0.0, 0.0, 0.0]}
