{"max": [1.83833, 0.787794, 0.00338463], "centroid": [0.9430808819669981, 0.4069298048029693, -0.27513392509638646], "id": "94df387a0b97302ad201085e80edb26a", "numVertices": 9161, "min": [0.047625, 0.0, -0.552506]}
