{"max": [1.19209e-06, 0.713729, 0.0], "centroid": [-0.9020625981508553, 0.4950361463228697, -0.34130007511210836], "id": "adaf1ba4acf51baa601104cd2d998272", "numVertices": 892, "min": [-1.785, -0.00330031, -0.699995]}
