{"max": [0.316442, 1.778, 0.9144], "centroid": [0.30037546763901635, 0.7853166955332748, 0.45757045214220704], "id": "ad4ca1e6d178dedfbdc5348d65406054", "numVertices": 1097, "min": [0.0, 0.0, 0.0]}
