{"max": [0.0508, 0.916584, 0.380618], "centroid": [-0.6560652455089825, 0.3541624071856281, 0.17485370299401176], "id": "b218e59af74f0be4ee9005feeed08b86", "numVertices": 334, "min": [-1.3462, 0.0, -0.1397]}
