{"max": [0.01, 0.9, 0.81], "centroid": [-1.525000000000002, 0.4224358974358974, 0.39938958974358957], "id": "1b9ddee986099bb78880edc6251fa529", "numVertices": 156, "min": [-3.06, 0.0, -0.01]}
