{"max": [0.265378, 0.799437, 0.0197308], "centroid": [-0.44369428664193056, 0.5306657439703164, -0.2645695030055655], "id": "80ac9f2999087c868c0a51976aeebbec", "numVertices": 1078, "min": [-1.136, 0.0, -0.632311]}
