{"max": [0.838924, 0.361999, 0.378925], "centroid": [-0.003300544391281277, 0.20789045116980445, 0.0012856379585326997], "id": "7a3590d0abb36b49593ebeeedbff73b", "numVertices": 1881, "min": [-0.838924, -0.000376834, -0.378925]}
