{"max": [0.0, 0.889, 0.0201059], "centroid": [-0.8890000446315777, 0.5936821298245625, -0.20569926603228128], "id": "88440ae4e218fa6ed4d8765e3910f617", "numVertices": 1425, "min": [-1.778, 0.0, -0.6223]}
