{"max": [-9.0365, 2.29738, 3.91244], "centroid": [-10.321895322966524, 0.7884759277661386, 3.367778624401963], "id": "a4c79586ed938b5ecd81cf227afdf993", "numVertices": 6688, "min": [-11.6, 0.0, 3.29894]}
