{"max": [0.0, 0.830408, 0.0], "centroid": [-1.5514870292559784, 0.37773581126557415, -0.2026253811197986], "id": "1a40eaf5919b1b3f3eaa2b95b99dae6", "numVertices": 793, "min": [-3.1, 0.0, -0.536924]}
