{"max": [2.5384, 0.4498, 0.143275], "centroid": [1.2403227514393016, 0.3528448973717154, -0.08480313404329531], "id": "e0e2dfd6ed0880a6d6421fd2aa576b15", "numVertices": 799, "min": [0.0, 0.0, -0.308375]}
