{"max": [-1.29844, 1.03029, 1.07672], "centroid": [-2.0814074092480643, 0.560616450972342, 0.46799501815040345], "id": "c73ebca7db882f3ef26c21d3bbafae87", "numVertices": 9256, "min": [-2.85419, 0.0, 0.43854]}
