{"max": [-0.0619125, 0.790883, -0.0686388], "centroid": [-0.9636135958904134, 0.26821907191780775, -0.2817387232876713], "id": "a7096667d133db73cb2a965e75be701c", "numVertices": 584, "min": [-1.86531, 0.0, -0.512763]}
