{"max": [1.24528, 1.01558, 0.0109393], "centroid": [0.6181039966658942, 0.722402782855736, -0.1627921010410894], "id": "51d51b67faf16d3d2ea98d69e91ba870", "numVertices": 2351, "min": [8.34465e-07, 9.31323e-10, -0.602727]}
