{"max": [-1.48773, 0.774952, 1.96197], "centroid": [-2.715271309143498, 0.4250062238825459, 1.63492045489122], "id": "7dd37767a253f98d56f6fc4b4ce1db04", "numVertices": 13146, "min": [-3.94265, 0.0, 1.31322]}
