{"max": [0.0375, 2.2, 0.45], "centroid": [-0.1896952572864561, 1.1322117104322784, 0.044446084793083845], "id": "b99b7673b0927283b1732c7d45a02ba0", "numVertices": 1735, "min": [-0.7375, 0.0, -0.0436135]}
