{"max": [-0.0809624, 0.786287, -0.0949458], "centroid": [-1.0627993555489403, 0.4665904657517887, -0.4107108341288782], "id": "5b5be5419120ddbcb2a965e75be701c", "numVertices": 1676, "min": [-2.04629, 0.0, -0.739971]}
