{"max": [-0.947278, 3.1433, 1.09758], "centroid": [-2.469770647058823, 1.599585311764705, 0.742930470588235], "id": "8e1a1e2879cfa2d6fe395915d44df772", "numVertices": 136, "min": [-4.02428, 0.0662999, 0.490576]}
