{"max": [-1.3714, 2.211, 0.805506], "centroid": [-2.8519761247245596, 0.9835401337262972, 0.10130886631776344], "id": "80a3b5b036021b8e404dc8be84d677e3", "numVertices": 45380, "min": [-4.37257, 0.0, 0.0321686]}
