{"max": [0.0, 0.97996, 0.65], "centroid": [-0.910770392523367, 0.10577222971962615, 0.2756151691588786], "id": "2c81dd5038d43eb7b11ae648ea92233", "numVertices": 214, "min": [-1.8207, 0.0, 0.0]}
