{"max": [0.998924, 0.361999, 0.398925], "centroid": [-0.003912594767752414, 0.20782310445830338, 0.0013445104111051826], "id": "86341aada547727593ebeeedbff73b", "numVertices": 1873, "min": [-0.998924, -0.000376834, -0.398925]}
