{"max": [0.0, 0.840861, 1.11759e-08], "centroid": [-0.9280459907649252, 0.4464403308457729, -0.3237156935542894], "id": "9d0eb5ca2d849ff01f9ede15ab569b5f", "numVertices": 804, "min": [-2.17778, 0.0, -0.601107]}
