{"max": [0.00159647, 0.885111, 4.47035e-08], "centroid": [-0.939815454163016, 0.5401436570974165, -0.25170457136214], "id": "7bdea368f85d9eb5b47a47f71cb78bc1", "numVertices": 2515, "min": [-1.87582, -0.00011618, -0.688784]}
