{"max": [1.87676, 0.592056, 1.08264], "centroid": [1.1932444167507996, 0.36488146551037115, 0.8406695241809908], "id": "6c1ca36830d54ca5c9736640ccf985f5", "numVertices": 32691, "min": [0.504475, 0.199803, 0.580353]}
