{"max": [0.0, 0.8763, 8.9407e-08], "centroid": [-0.22722009267129348, 0.5486323911535126, -0.4446627418404314], "id": "721bd0402e92e339c59350d819542ec7", "numVertices": 1153, "min": [-0.5334, 0.0, -0.511175]}
