{"max": [2.37543, 0.45239, 0.446734], "centroid": [1.1882660784557528, 0.32323583042385257, 0.1868386652998165], "id": "e4b80a7e381c6ef0f4215050a7660e65", "numVertices": 2180, "min": [-2.30502e-08, 0.0, -0.00124531]}
