{"max": [-0.0357194, 0.799044, -0.0312026], "centroid": [-0.9074784555299439, 0.47122598867383536, -0.32832331039426405], "id": "26e3a9d86dc09155cb2a965e75be701c", "numVertices": 3906, "min": [-1.78038, 0.0, -0.675714]}
