{"max": [0.0, 1.05315, 0.5179], "centroid": [-0.4845287751731253, 0.5608890237726077, 0.03764846100425668], "id": "acd46f0b09a84c226b987ec2db2ce6b1", "numVertices": 1935, "min": [-1.006, 0.0, -1.04774e-09]}
