{"max": [1.25643, 0.552361, 1.22982], "centroid": [0.44631286669305587, 0.22305550439429703, 0.9537552721034565], "id": "5893f6c94b15ba204f3443b22038d340", "numVertices": 3789, "min": [-0.455922, -0.108586, 0.8203]}
