{"max": [0.0, 0.798438, 0.00115595], "centroid": [-0.6150307759478867, 0.505622469014084, -0.34558730997183124], "id": "e86a2291d77b8ff9408623dbb138b966", "numVertices": 710, "min": [-1.23825, 0.0, -0.699783]}
