{"max": [0.0, 0.81522, 0.653947], "centroid": [-0.9295682000497539, 0.21613422716417927, 0.2933542586567166], "id": "d63302230b1e358f24e2eef7547426c4", "numVertices": 402, "min": [-1.85998, 0.0, 0.0]}
