{"max": [5.96046e-08, 0.74295, 0.447675], "centroid": [-0.7425658582195976, 0.5464345584826075, 0.19724214869311738], "id": "2d0d55da9d8de4356e79c14dd16aa04b", "numVertices": 1898, "min": [-1.524, 0.0, -7.82311e-08]}
