{"max": [0.00635, 0.484853, -0.152131], "centroid": [-1.4653029231608121, 0.4487513689839541, -0.437758718362575], "id": "53e3f4b35e8c992e954bfb4cc0842c46", "numVertices": 4275, "min": [-2.93445, 0.0, -0.723518]}
