{"max": [0.0, 0.0, 0.0], "centroid": [-0.6405976607445034, -0.3800654857600412, -0.3130562978003387], "id": "5799c06f71bf6b88c59350d819542ec7", "numVertices": 1182, "min": [-0.8382, -0.5969, -0.354013]}
