{"max": [1.4, 0.43, -2.98023e-08], "centroid": [0.7021101088218131, 0.22026317132482287, -0.17417613978704308], "id": "fcfc935c2ff7c66c858699aaad4acee4", "numVertices": 1867, "min": [5.96046e-08, 8.17214e-09, -0.35]}
