{"max": [0.0, 0.975303, 0.694588], "centroid": [-1.8157811240188397, 0.5987428854003167, 0.46557792800628073], "id": "b4ae95fbb879bed0ee38cd6552dcaadc", "numVertices": 637, "min": [-3.6322, 0.0, -0.0953758]}
