{"max": [1.019, 0.729565, 0.28833], "centroid": [-1.6443134838768096e-16, 0.42126236255259886, -0.003118394929032271], "id": "92f20bc7a09dfc1d19420b7669e7265", "numVertices": 2852, "min": [-1.019, 0.0, -0.295724]}
