{"max": [0.0, 0.798438, 0.00115595], "centroid": [-0.8823464033529415, 0.49791623680241165, -0.3624139660331825], "id": "2b90bed7e9960ba11e672888e1de63dc", "numVertices": 663, "min": [-1.77165, 0.0, -0.699783]}
