{"max": [0.0, 0.8763, 0.0], "centroid": [-0.29270261410505855, 0.5925574669260709, -0.546602817927823], "id": "7aca460dbd4ef77712de5317fe5b354f", "numVertices": 514, "min": [-0.4572, 0.0, -0.64758]}
