{"max": [1.9718, 2.1336, 0.368418], "centroid": [0.9874852279898809, 1.043200811630848, 0.22802758813147964], "id": "654c0a2db749c63a56b67b833e192171", "numVertices": 791, "min": [0.00157225, 0.0, 0.000854812]}
