{"max": [2.29153, 0.346339, 2.33439], "centroid": [2.1054549999999996, 0.2017994, 2.2193899999999998], "id": "192684f9de3adfe827ee88e8274f281e", "numVertices": 20, "min": [1.91938, 0.0, 2.10439]}
