{"max": [-1.82115, 0.0127, 1.44435], "centroid": [-2.2023164935064945, -0.5335649350649342, 0.9805535129870138], "id": "95ca7e79cf9b51cbb9a0f5d18f1ce54c", "numVertices": 308, "min": [-2.78635, -1.1557, 0.936351]}
