{"max": [0.0, 0.8763, 8.9407e-08], "centroid": [-0.363823271854103, 0.5294741860182386, -0.45182620130213974], "id": "bb741a003e5ff46c59350d819542ec7", "numVertices": 1645, "min": [-0.6858, 0.0, -0.511175]}
