{"max": [0.0, 0.7366, 0.0], "centroid": [-0.2156695782897034, 0.5389819930191991, -0.4845521117993517], "id": "4c94892ca2cd066e29a50a2b3c5e5b6", "numVertices": 573, "min": [-0.4572, 0.0, -0.583466]}
