{"max": [1.865, 0.802783, 0.670748], "centroid": [0.875791301514227, 0.3584276162459095, 0.3344563298353101], "id": "3b2ef85bafb7669d35382c4d59d1fdb6", "numVertices": 3619, "min": [-0.105, -1.5134e-09, 0.0]}
