{"max": [0.0, 0.756347, 0.0], "centroid": [-0.9857607000684996, 0.49992120058708495, -0.22570471636007816], "id": "300781592a3dcc2313e9164feae00e7", "numVertices": 1022, "min": [-1.98088, 0.0, -0.643868]}
