{"max": [-0.092075, 0.921314, -0.11221], "centroid": [-1.0079418471874975, 0.5453446343749995, -0.36457619804687463], "id": "ea892969e4035e0fcb2a965e75be701c", "numVertices": 2560, "min": [-1.92087, 0.0, -0.782729]}
