{"max": [0.0, 0.5, 0.4], "centroid": [-1.4224836852941172, 0.30588235294117677, 0.2000000000000003], "id": "f495bd67af8d9f0cadd1cf65e8dc4de", "numVertices": 136, "min": [-2.82732, 0.0, 0.0]}
