{"max": [-0.0263214, 0.423506, 0.383446], "centroid": [-0.16423867720994365, 0.10246444983425407, 0.26388081906077127], "id": "462ee81a089208caf2f140388f79bf7c", "numVertices": 724, "min": [-0.305721, 0.0040166, 0.151671]}
