{"max": [0.0, 0.789572, 0.760389], "centroid": [-0.9839542140558202, 0.5374034269643645, 0.3809483557423786], "id": "ddb2c6abe41b2063ad5067eac75a07f7", "numVertices": 11645, "min": [-1.9649, 0.0, 0.00103784]}
