{"max": [0.0, 0.853152, 0.100594], "centroid": [-1.2273345752357734, 0.5451967892419103, -0.12453128845992319], "id": "8d40e13e8d27786b5a2cd0e0d44dc51", "numVertices": 19512, "min": [-2.4511, 0.0, -0.588777]}
