{"max": [0.03175, 0.9906, 0.46355], "centroid": [-0.3651249947337283, 0.45657634911242656, 0.04157974792899414], "id": "e5bd1675d43422bb61706e18472540d6", "numVertices": 338, "min": [-0.762, 0.0, -0.01905]}
