{"max": [-0.003175, 0.9144, 0.0], "centroid": [-0.7628322941176451, 0.5561950823529414, -0.3780121894117649], "id": "b1adfb9857fc98fc28fbd1dd69384cf9", "numVertices": 170, "min": [-1.524, 0.0, -0.802431]}
