{"max": [-0.355519, 1.048, -0.634325], "centroid": [-1.1324214848484837, 0.5758468484848491, -1.7538311262626247], "id": "7206545c3f0a3070e8058cf23f6382c1", "numVertices": 198, "min": [-1.89852, 0.0, -2.87332]}
