{"max": [0.0, 1.81297, 1.06549], "centroid": [-0.45900478674173845, 0.484973112645217, 0.6658238118856165], "id": "18a1c4eb2e4b31fce83221ad0d21775", "numVertices": 2238, "min": [-0.9144, 0.0, 0.421599]}
