{"max": [2.25, 0.755507, 0.05], "centroid": [1.2045454545454526, 0.4191433636363634, -0.8550527272727276], "id": "b2dc3053a4643c876ae68b11b0aa337e", "numVertices": 176, "min": [0.15, 0.005507, -1.76]}
