{"max": [1.8288, 0.812465, 0.53975], "centroid": [0.9191200680848669, 0.49639176251926387, 0.3228692928698575], "id": "6e29c6e045daf2a5d201085e80edb26a", "numVertices": 4595, "min": [0.0, -0.000503885, -0.0087073]}
