{"max": [0.0, 0.762, 0.0], "centroid": [-0.5043950470102946, 0.22521678020477962, -0.2965870079635948], "id": "2bb2456b272a23dc59350d819542ec7", "numVertices": 879, "min": [-0.9906, 0.0, -0.358775]}
