{"max": [0.0, 0.8763, -1.86265e-09], "centroid": [-0.15501802937458456, 0.6064727265469045, -0.513522825760676], "id": "d69d9de0c79ac6a9c59350d819542ec7", "numVertices": 1503, "min": [-0.3048, 0.0, -0.582613]}
