{"max": [0.0, 0.8763, 8.9407e-08], "centroid": [-0.49908851797752757, 0.5872173483146061, -0.42352367447644185], "id": "d3ff3bd1badb62c2c59350d819542ec7", "numVertices": 445, "min": [-0.9906, 0.0, -0.511175]}
