{"max": [-3.69758, 0.8636, 2.83991], "centroid": [-4.672515416666668, 0.4562077083333334, 2.1090766666666667], "id": "40470660e2b7a9ad6fa0ab61d9f9d96d", "numVertices": 96, "min": [-5.69758, 0.0, 2.04991]}
