{"max": [-0.120203, 0.342063, 0.878772], "centroid": [-0.4470081288659786, 0.15707310824742257, 0.5481229175257734], "id": "cdc3762d2846133adc26ec30fe28341a", "numVertices": 194, "min": [-0.810602, 0.0, 0.52765]}
