{"max": [0.00767767, 0.49, 0.423118], "centroid": [-0.2859786217594546, 0.07698394935866976, 0.1779727971514785], "id": "23637357c4e5efb653c80c0a3ef7382", "numVertices": 842, "min": [-0.607678, 0.0, -0.008]}
