{"max": [0.0127, 1.01506, 0.576475], "centroid": [-0.6676904355975858, 0.5364583377754318, 0.2842153917090811], "id": "f0b85200702e4739391e4d6c585a697a", "numVertices": 11346, "min": [-1.34303, 0.0, -0.028575]}
