{"max": [0.0, 1.317, 0.463066], "centroid": [-0.32467484316562617, 0.7189010987217836, 0.017104176265433552], "id": "bb9ac4b110f7ed3815dd7d7985e749c1", "numVertices": 7354, "min": [-0.65, 0.0, 0.0]}
