{"max": [-0.332262, 0.827957, 0.359], "centroid": [-0.7549289554455442, 0.33079830792079196, 0.18013090990099], "id": "11beea78b1d558d4b246c4171f2c393b", "numVertices": 202, "min": [-1.192, 0.0, 0.037]}
