{"max": [0.0, 0.709263, 0.0], "centroid": [-0.7550835587188531, 0.44745752405693956, -0.40732425622775736], "id": "894f41b8e4e3231601104cd2d998272", "numVertices": 562, "min": [-1.485, -0.00330031, -0.699995]}
