{"max": [0.03, 2.0, 0.63], "centroid": [-1.5757902069428003, 0.8725279573175538, 0.06990358674321058], "id": "3e52f25b8f66d9a8adf3df9d9e46d0", "numVertices": 507, "min": [-3.03, 0.0, -0.0583659]}
