{"max": [-0.957263, 0.712784, 0.677125], "centroid": [-2.175419709923653, 0.31341311725190807, 0.43031411389313096], "id": "c20409a88bc98bc8ad5067eac75a07f7", "numVertices": 655, "min": [-3.40836, 0.0, 0.0]}
