{"max": [0.0, 0.762, 0.0], "centroid": [-0.8224988507010642, 0.18748724404761874, -0.3126552671957663], "id": "61b9d7c12ba7aed4c59350d819542ec7", "numVertices": 1512, "min": [-1.3716, 0.0, -0.354013]}
