{"max": [0.0, 0.7366, 0.667567], "centroid": [-0.525201265822785, 0.31497865635443034, 0.36576682843037966], "id": "fd6ae258090bf95b693e50e46681af47", "numVertices": 79, "min": [-0.9144, 0.0, -0.000819277]}
