{"max": [0.438172, 0.811541, 2.10409], "centroid": [-0.3188369499999995, 0.33002850054357474, 1.7319135000000005], "id": "122a480cfcdd742650c626aa72455dae", "numVertices": 160, "min": [-1.07749, -1.78814e-07, 1.29837]}
