{"max": [0.0, 1.97485, 0.474354], "centroid": [-0.785278448216674, 0.7586026064406021, 0.03584856874918885], "id": "14a093126f5764bcf2792e4b1535c6c3", "numVertices": 5243, "min": [-1.524, 0.0, 0.0]}
