{"max": [0.0132059, 1.59183, 0.534], "centroid": [-0.2310667112625316, 0.4353530450640623, 0.1384613576388174], "id": "5906bfad8f6d794f490ad276cd2af3a4", "numVertices": 2741, "min": [-0.490794, -0.00817037, -0.0214263]}
