{"max": [0.0, 1.8, 0.4], "centroid": [-0.40323658029197096, 0.8830989416058392, 0.18875720985401395], "id": "6723be3b8435e27bb6146c7a77e1b943", "numVertices": 548, "min": [-0.8, 0.0, 0.0]}
