{"max": [0.0, 0.712784, 0.677125], "centroid": [-1.8318013407775062, 0.3360499741935475, 0.35066015343258894], "id": "4a5f9a0672cf3a1fad5067eac75a07f7", "numVertices": 1209, "min": [-3.6576, 0.0, 0.0]}
