{"max": [-0.468916, 20.2706, 48.0581], "centroid": [-22.841829896907544, 8.734959997264598, 37.16249140893466], "id": "c3da9fd354b31502d6eefa796d2f261c", "numVertices": 873, "min": [-46.0089, 0.0, 28.5221]}
