{"max": [0.0, 1.8, 0.550968], "centroid": [-0.6042147347036342, 0.6521243431647268, 0.026992806653696712], "id": "46a618f995c1019b15dd7d7985e749c1", "numVertices": 6168, "min": [-1.25, 0.0, 0.0]}
