{"max": [-2.08203, 1.95, 4.96697], "centroid": [-3.297175437100219, 1.2552411428571388, 4.526323795309162], "id": "a256bf234c60a150c226a4421a1fedeb", "numVertices": 469, "min": [-4.28203, 0.0, 4.30915]}
