{"max": [-1.31492, 3.06398, -1.50555], "centroid": [-3.936336156021108, 1.9262118894934017, -2.356761404703717], "id": "7cab2809bcc7b73a141c96faecd80bdd", "numVertices": 7781, "min": [-6.52636, 0.0, -3.75008]}
