{"max": [5.80902, 0.5, 6.93799], "centroid": [4.55599305732484, 0.39299363057324777, 6.5988281528662425], "id": "71225307ddd5a772dc11eeca04f912e", "numVertices": 157, "min": [3.28716, 0.0, 6.2627]}
