{"max": [0.0298371, 0.800625, 0.425136], "centroid": [-0.38091295703270367, 0.5423205402616299, 0.052257137592296395], "id": "a2dc947048077f4bd0b36851d61b6fca", "numVertices": 2752, "min": [-0.791663, 0.0, -0.0398929]}
