{"max": [0.0, 0.838449, 0.00227352], "centroid": [-0.9156264178203238, 0.4455821494108979, -0.22450023077128142], "id": "f8a1b4d4b7813afe55cb90b2d132a49c", "numVertices": 1358, "min": [-1.81609, 0.0133163, -0.580026]}
