{"max": [0.0, 0.95, 0.33], "centroid": [-0.3676468753424657, 0.3875602953881288, 0.09849983926940645], "id": "626bba505f03233ef51f77a6d7299806", "numVertices": 438, "min": [-0.72, 0.0, 0.0]}
