{"max": [5.70798, 0.731574, 6.31098], "centroid": [4.540728071428568, 0.42344144257142774, 6.032554999999998], "id": "9e429b7f77646b4ccc8f8e7f17e9d7b6", "numVertices": 280, "min": [3.37062, -0.0140459, 5.75413]}
