{"max": [-1.38508, 0.86309, 2.61542], "centroid": [-2.3031053090414244, 0.4207953940997793, 2.27888912480845], "id": "78c7cee6016d8dba2056b4bd5d870b47", "numVertices": 5873, "min": [-3.23293, -0.000563982, 1.95258]}
