{"max": [-6.70718, 1.32, 4.65928], "centroid": [-9.179470559502736, 0.5889763676731785, 3.731086181172298], "id": "5fa51bc60906cc548270ab5c6ee87257", "numVertices": 1126, "min": [-11.7072, 0.02, 2.22928]}
