{"max": [0.0, 0.8763, 8.9407e-08], "centroid": [-0.7679561307237808, 0.6458236691285075, -0.41140251571937436], "id": "5984042b95305aee4da5feafe6f1c8fc", "numVertices": 677, "min": [-1.524, 0.0, -0.49804]}
