{"max": [0.0, 0.8763, 8.9407e-08], "centroid": [-0.4973190071856287, 0.5428448095808374, -0.4499243247209763], "id": "1e694a1848b810ebc59350d819542ec7", "numVertices": 835, "min": [-0.9906, 0.0, -0.505619]}
