{"max": [0.0, 0.9525, 0.76835], "centroid": [-0.7187265642019346, 0.5074557133475612, 0.038032657560333846], "id": "dca4c8bdab8bdfe739e1d6694e046e01", "numVertices": 6091, "min": [-1.45415, 0.0, 0.0]}
