{"max": [-0.0936625, 0.81561, -0.0765089], "centroid": [-1.0758261190202139, 0.4993146590778076, -0.42255225922190204], "id": "27c3e5b2656c50f7cb2a965e75be701c", "numVertices": 2776, "min": [-2.05899, 0.0, -0.794143]}
