{"max": [0.0, 0.9144, 0.0], "centroid": [-0.48861278520286316, 0.524639374701669, -0.1506723150357996], "id": "444e7c5709eca2496f61afd58e50ae2", "numVertices": 419, "min": [-0.9906, 0.0, -0.4953]}
