{"max": [0.0, 0.839922, -0.0103162], "centroid": [-0.8870169543932142, 0.495662105993301, -0.27114643231126145], "id": "95e97cc6e2f7e2e1d5183890546dc397", "numVertices": 3881, "min": [-1.778, -0.00738632, -0.599267]}
