{"max": [0.0208, 2.2506, 0.0], "centroid": [-1.2816892911745346, 1.1777832203520704, -0.2036463368576003], "id": "a62c9f6091337b5cd5382f3f8f33a9f4", "numVertices": 15625, "min": [-3.6073, 0.0, -0.5]}
