{"max": [2.12725, 2.16535, 0.0], "centroid": [1.0667604548993357, 1.1002613484563812, -0.1932890235973157], "id": "9029a5f19440d04e6b19a27bc4c01b1d", "numVertices": 745, "min": [0.0, 0.0, -0.420217]}
