{"max": [-0.70976, 0.9652, -0.729101], "centroid": [-3.3176308128432304, 0.6084166081365586, -1.6627644545838391], "id": "9a2d51fbd6b58048c955e5ed03ef3a2f", "numVertices": 4734, "min": [-6.04376, -2.794e-07, -2.59643]}
