{"max": [0.00159647, 0.88511, 2.98023e-08], "centroid": [-0.6342651403126767, 0.5356148069484685, -0.25568969011974074], "id": "44facd26b66e6ec8cf0c8ab22c613984", "numVertices": 1727, "min": [-1.26622, -0.00011618, -0.674204]}
