{"max": [-4.2, 2.46, 0.0], "centroid": [-5.412942857142848, 1.1057467226890714, -0.43720504201680815], "id": "7abc6f3fcabd914157d513bbf87f8d1a", "numVertices": 595, "min": [-6.6, 0.0, -0.618]}
