{"max": [0.0, 0.853152, 0.100594], "centroid": [-1.2255499545454458, 0.48337065576727284, -0.17709402755909065], "id": "2f815697256fce5a155b270ed8c04b46", "numVertices": 2200, "min": [-2.4511, 0.0, -0.588777]}
