{"max": [-1.92916, 0.623202, 1.6701], "centroid": [-2.8717741851369127, 0.33681066732724824, 1.3257621310299847], "id": "6ccec23049ae42ce2056b4bd5d870b47", "numVertices": 1534, "min": [-3.77035, 0.00736366, 0.979114]}
