{"max": [0.0, 0.5, 0.0], "centroid": [-1.0171336201550392, 0.43411627906976763, -0.24643410852713174], "id": "437167659b0b5a8fce8fba09dd640742", "numVertices": 129, "min": [-2.05, 0.0, -0.49]}
