{"max": [0.0, 0.8255, -1.86265e-09], "centroid": [-0.11691054348958368, 0.6748483619791671, -0.5759666327048045], "id": "10c14b0cb76f87584da5feafe6f1c8fc", "numVertices": 1152, "min": [-0.2286, 0.0, -0.6574]}
