{"max": [1.6843, 0.762, 0.00155133], "centroid": [0.8468600550943399, 0.45544275471698153, -0.3565932885534589], "id": "779907753183ea36601bea3dca268229", "numVertices": 159, "min": [0.00790119, -0.00635, -0.709649]}
