{"max": [0.005, 0.86, 0.0], "centroid": [-0.5483932692592588, 0.5320193566666653, -0.27483703703703727], "id": "97b415cd78587de5fa29682ba98e856d", "numVertices": 540, "min": [-1.105, 0.0, -0.31]}
