{"max": [0.0184009, 0.799437, 0.0197308], "centroid": [-0.5590056387596906, 0.5099757895902549, -0.2617801911184934], "id": "f8ff2310c6b130d38aaa31e538081318", "numVertices": 903, "min": [-1.136, 0.0, -0.632311]}
