{"max": [0.161606, 0.452427, 0.0488655], "centroid": [-1.0859071314504631, 0.39831219017050984, -0.3653175252764196], "id": "165cd9780f069ff31a546a81aa94b4a3", "numVertices": 9970, "min": [-2.33762, 0.0, -0.736703]}
