{"max": [0.00635, 1.6256, 0.0], "centroid": [-0.4432668717472118, 1.0288539330855015, -0.6142365382899645], "id": "2dbd6cb6a14805297812c3baf25c5bb", "numVertices": 269, "min": [-0.90805, 0.0, -0.650875]}
