{"max": [345.472, 0.634293, 555.449], "centroid": [344.6415869565223, 0.2976865402286256, 555.0944638495337], "id": "3e16ff75bbe7ed27464e1d2ff524a75b", "numVertices": 4094, "min": [343.812, -0.035817, 554.769]}
