{"max": [0.0, 0.8763, 1.19209e-07], "centroid": [-0.1958180466666669, 0.5211584916666665, -0.3680507733924815], "id": "3b577e2c7bbb8ca4c59350d819542ec7", "numVertices": 240, "min": [-0.4572, 0.0, -0.517525]}
