{"max": [-3.86704, 2.9069, 0.0], "centroid": [-5.592744751908402, 1.5124030929007606, -0.19449045801526776], "id": "cd251287fd34d7e0e3f7a74e12a274ef", "numVertices": 524, "min": [-7.25561, -0.00462383, -0.412]}
