{"max": [0.412795, 0.456629, -0.0375656], "centroid": [-1.1218136148996698, 0.3903090980357857, -0.6393996361663902], "id": "89e2eaeb437cd42f85e40cb3507a0145", "numVertices": 13919, "min": [-2.65005, 0.0, -1.16358]}
