{"max": [0.0, 0.8763, 0.0], "centroid": [-0.6209540276497679, 0.4839753456221179, -0.4474094746543783], "id": "6e75ca2b08fe53a344221bef0fa3c36b", "numVertices": 434, "min": [-1.2192, 0.0, -0.62865]}
