{"max": [0.0, 0.840861, 1.11759e-08], "centroid": [-0.9740012151544399, 0.43578972200772426, -0.3195809225452362], "id": "913cb50bf5d336238b0239afbed4a626", "numVertices": 777, "min": [-2.17778, 0.0, -0.601107]}
