{"max": [0.0, 3.048, 1.01013], "centroid": [-0.7839149576923071, 1.7421711820512813, 0.47311258748718094], "id": "c00edc704ff4b133da27ece6ae88fff", "numVertices": 780, "min": [-1.524, 0.0, 0.0]}
