{"max": [0.265378, 0.799437, 0.0197308], "centroid": [-0.7039981355539526, 0.5300142208544553, -0.2707664675597396], "id": "d8c1f1b9bdbd697b849cf9ca1e2dcbed", "numVertices": 1381, "min": [-1.6948, 0.0, -0.632311]}
