{"max": [0.0, 0.8763, 0.0], "centroid": [-0.12819303005464497, 0.5483147322404377, -0.446101027403832], "id": "1548461b13adc0d0c59350d819542ec7", "numVertices": 183, "min": [-0.2286, 0.0, -0.65044]}
