{"max": [1.82025, 0.857179, 0.0498284], "centroid": [0.8528434336961146, 0.45766065318904564, -0.22498988535689043], "id": "e3e3c49caf4b1885d661ff085a0f14b7", "numVertices": 566, "min": [-0.0214, 0.00046914, -0.5758]}
