{"max": [3.89208, 2.211, -0.80559], "centroid": [3.3657717045454514, 1.00711093939394, -1.2604328750000018], "id": "836fc8edc0414fdd9925b11f2b3f86ba", "numVertices": 528, "min": [2.81808, 0.0, -1.34069]}
