{"max": [1.2192, 0.8763, 0.0], "centroid": [0.3170769785185184, 0.6075177037037042, -0.4890398395061729], "id": "595999124367c701de650492e45fb14f", "numVertices": 162, "min": [0.0, 0.0, -0.666753]}
