{"max": [0.01905, 2.4384, 0.0], "centroid": [-0.2475958976608184, 1.7765290935672537, -0.47720556218323407], "id": "3ba62bcd5394d5504c62bee40dcdc539", "numVertices": 513, "min": [-0.51435, 0.0, -0.62865]}
