{"max": [1.66171, 0.464698, 0.0739203], "centroid": [0.645428067924527, 0.417570726415093, -0.22578390187476732], "id": "17a7a1a4761e9aa1d4bf2d5f775ffe5e", "numVertices": 424, "min": [-0.329853, 0.0, -0.538686]}
