{"max": [-0.254341, 2.3, 0.0], "centroid": [-0.7581690267260616, 1.1890868596881952, -0.2514476614699321], "id": "7f47c97fbda19b57490ad276cd2af3a4", "numVertices": 898, "min": [-1.262, 0.0, -0.5]}
