{"max": [0.0, 0.0100009, 0.00356418], "centroid": [-0.002243114425770309, 0.0055241266666666644, 0.0008231614845938366], "id": "37b9ca6c1be7e6e7cddef51ecbec6f95", "numVertices": 357, "min": [-0.0055, 0.0, 0.0]}
