{"max": [1.8, 0.45, 0.0], "centroid": [0.8263151571653542, 0.21203147086614177, -0.25379527559055093], "id": "36853ef4167300c86e5b9257c4084ca2", "numVertices": 127, "min": [0.0, 0.0, -0.45]}
