{"max": [-1.48773, 0.771991, 1.96197], "centroid": [-2.7157554655472538, 0.44100870151476734, 1.6763145871453387], "id": "74d4dfa4709ef0b056f6fc4b4ce1db04", "numVertices": 17270, "min": [-3.94265, 0.0, 1.31322]}
