{"max": [0.0, 0.8763, 8.9407e-08], "centroid": [-0.2239130723943681, 0.5979224079476907, -0.4601301410171129], "id": "2bda2392d5715d16c59350d819542ec7", "numVertices": 1988, "min": [-0.5334, 0.0, -0.506413]}
