{"max": [-0.0381, 0.858067, 0.079063], "centroid": [-0.9459341275887463, 0.4065482522475001, -0.23670545074224011], "id": "51c60589bdd1ed73d4d8765e3910f617", "numVertices": 10990, "min": [-1.8542, -2.54e-05, -0.549097]}
