{"max": [0.0, 1.8669, 0.0], "centroid": [-0.32838539826632107, 0.9633864266322409, -0.7267804846919944], "id": "4539b185db32eb4a533276a8c0b1c862", "numVertices": 2711, "min": [-0.6731, 0.0, -0.78661]}
