{"max": [0.0566419, 0.59055, 0.531292], "centroid": [-0.8554581564830918, 0.3312005906071366, 0.2542002843415992], "id": "2fd70e9049377e22d4d8765e3910f617", "numVertices": 8466, "min": [-1.76797, 0.0, -0.0214685]}
