{"max": [0.0, 109.299, 0.0], "centroid": [-293.4151618142927, 53.07614085794825, -48.890107826589556], "id": "6550c93bce51b9b4719088c8e42c6ab", "numVertices": 736, "min": [-550.489, 0.0, -145.14]}
