{"max": [0.84744, 0.497386, 2.02794], "centroid": [0.7222218838028152, 0.18714647464788733, 1.427576760563382], "id": "98d2b95fc4f59c426ba8b3973e201d74", "numVertices": 284, "min": [0.597436, -0.412614, 1.39794]}
