{"max": [5.92253, 1.40621, 5.83408], "centroid": [2.990909, 0.5820412583333334, 5.094304999999999], "id": "7df3c8885b22900ec88ad71674956292", "numVertices": 24, "min": [0.131329, 0.0, 4.35453]}
