{"max": [0.0, 1.85, 0.0], "centroid": [-0.3444079382316182, 0.6564134680882349, -0.3891387450367645], "id": "85f41119ca2bbde1dc1f6c4cdb4bb9b3", "numVertices": 544, "min": [-0.7, -0.021, -0.5037]}
