{"max": [0.0, 0.829455, 0.52865], "centroid": [-0.8291583921460713, 0.5081404815515607, 0.3121091182592245], "id": "4ed2e0a972432881ac3644c4bb0fb64d", "numVertices": 1057, "min": [-1.6599, 0.0, 0.0]}
