{"max": [9.31323e-10, 0.898513, 0.65405], "centroid": [-0.9170352391485567, 0.4236302055600254, 0.3362885338558945], "id": "7ec901eb9f5204739a6c869309041adb", "numVertices": 1496, "min": [-1.8288, -1.86265e-09, 5.96046e-08]}
