{"max": [0.0, 0.8763, 5.96046e-08], "centroid": [-0.22772476202860842, 0.5223033953185966, -0.5390264336602673], "id": "8382308b895aa93286d53ab0fe94e911", "numVertices": 769, "min": [-0.4572, 0.0, -0.646597]}
