{"max": [0.0, 2.1336, 0.0], "centroid": [-0.554677674589301, 0.7165981901433089, -0.7356548930443954], "id": "3efeb00eeba8a6fa2db3e9b673557fcd", "numVertices": 2861, "min": [-1.16205, 0.0, -0.747996]}
