{"max": [0.100014, 0.839231, -0.234483], "centroid": [-0.8016879025270794, 0.2823924298916962, -0.4810704368231039], "id": "f3ec1b92140e1d80cb2a965e75be701c", "numVertices": 1108, "min": [-1.70339, 0.0, -0.809836]}
