{"max": [0.053975, 0.61132, 0.000570255], "centroid": [-0.8438684818460032, 0.1920873482235202, -0.25539522674673465], "id": "456e373768179bf3f155d75bbf62b80", "numVertices": 7194, "min": [-1.74838, 0.0, -0.50995]}
