{"max": [8.50865, 1.33585, 2.43839], "centroid": [4.481725367185627, 0.7639724555688611, 1.1999102423952157], "id": "ac78c8b91417aa5bd2f4120f473fc3e4", "numVertices": 835, "min": [0.0, 0.0, 0.0]}
