{"max": [0.0184009, 0.799437, 0.0197308], "centroid": [-0.5589178576100635, 0.4961220452830192, -0.24871554530817563], "id": "f061967a9b5ab9b6fecb38606c52659f", "numVertices": 795, "min": [-1.136, 0.0, -0.632311]}
