{"max": [1.95739, 0.431996, 0.646112], "centroid": [1.0144135225073667, 0.2870124730791821, 0.340692556671556], "id": "9bd9483c8eeeb703cb2a965e75be701c", "numVertices": 10912, "min": [0.0714375, 0.0, 0.035605]}
