{"max": [2.37535, 0.646212, 0.4754], "centroid": [1.1902455816418445, 0.43389306436917957, 0.27061056887098917], "id": "14abcb14222adcd499b68520b875243", "numVertices": 3933, "min": [0.0, 0.0, -0.00124531]}
