{"max": [0.0, 0.6, 0.41], "centroid": [-1.0174837549263156, 0.41446311417858234, 0.04616442668270425], "id": "ab7b9934fa7d4768c0f947750540fb22", "numVertices": 190, "min": [-1.96, -9.98687e-10, 2.98023e-08]}
