{"max": [2.17449, 2.0, 0.224015], "centroid": [0.6500993754914838, 0.5921384128440326, -0.13947959108781088], "id": "9f88eb11fd20541b4f759a9b042055cc", "numVertices": 1526, "min": [-0.226604, 0.0, -0.295985]}
