{"max": [0.0, 0.45, 0.0015807], "centroid": [-1.0030516431924874, 0.3757212664862984, -0.18053370685446005], "id": "e6a3b8946b66b83065ba78ad9601cf1b", "numVertices": 213, "min": [-2.0, -2.98023e-08, -0.358419]}
