{"max": [-1.24411, 0.9144, 1.83257], "centroid": [-1.8579733085356318, 0.38929810375880863, 1.5850657517619426], "id": "3d2ee152db78b312e5a8eba5f6050bab", "numVertices": 2554, "min": [-2.48935, 0.0, 1.37451]}
