{"max": [1.6, 2.5, 0.018], "centroid": [0.8004227158671589, 0.8198228782287817, -0.19848717365839902], "id": "c6a306867328d90fe42c2d012c73c412", "numVertices": 542, "min": [0.0, 0.0, -0.500076]}
