{"max": [0.0, 0.8763, 8.9407e-08], "centroid": [-0.24238973337742004, 0.5718365129900815, -0.4588223607591475], "id": "3eddbe968ac08030c59350d819542ec7", "numVertices": 2117, "min": [-0.5334, 0.0, -0.509588]}
