{"max": [0.0, 2.015, 0.28], "centroid": [-0.28107452863849797, 0.9518634460093891, 0.04544083568075134], "id": "72105548b0e01be8659e37b49210f361", "numVertices": 213, "min": [-0.4009, 0.0, -0.0451]}
