{"max": [0.0, 0.8763, 0.0], "centroid": [-0.26740487173333255, 0.5575980208000046, -0.5999901954212851], "id": "1e40a4dfbd78455812de5317fe5b354f", "numVertices": 1875, "min": [-0.4572, 0.0, -0.653498]}
