{"max": [1.78994, 0.619548, 0.517196], "centroid": [0.881728406624079, 0.3964469440687261, 0.2581275781918342], "id": "a968b5d4ba65b1af155d75bbf62b80", "numVertices": 19148, "min": [-0.00954019, 0.0, -0.003929]}
