{"max": [0.0, 0.0, 0.0], "centroid": [-0.6654807187096754, -0.5022045415635668, -0.5980808142036057], "id": "22cc22fa33c8203ef1bd05634b542a1a", "numVertices": 1054, "min": [-1.8288, -0.977987, -0.692875]}
