{"max": [2.99209, 0.739999, 0.0829591], "centroid": [1.5010138417948797, 0.5138641244043067, -0.7319635733487109], "id": "2a9ad7f4e7ab564a5be2d177e843be47", "numVertices": 3900, "min": [0.0120928, 0.0, -1.54559]}
