{"max": [42.1784, 69.0283, 30.3915], "centroid": [23.41475451769906, 40.69687312566334, 10.325777207964695], "id": "9edead26059cae09e3f7a74e12a274ef", "numVertices": 2260, "min": [3.7489, -0.368181, 7.09632]}
