{"max": [0.0, 0.8763, 8.9407e-08], "centroid": [-0.3474669451309945, 0.5306565971329712, -0.45245606581414555], "id": "48b9fbf28fd33df5c59350d819542ec7", "numVertices": 2023, "min": [-0.6858, 0.0, -0.496094]}
