{"max": [14.8435, 1.0464, -10.6233], "centroid": [13.174194230769235, 0.41492430769230754, -11.371288461538485], "id": "5a5e9a046d79bcc7859a7164d38b0d13", "numVertices": 208, "min": [11.5027, 0.0, -12.2361]}
