{"max": [0.0, 0.881271, 0.558887], "centroid": [-0.974401264899326, 0.32126489972680083, 0.28703799342305203], "id": "8c942a8e196a9371a782a4379556c7", "numVertices": 9883, "min": [-1.95, 0.0, 0.0]}
