{"max": [0.00877739, 0.791885, 0.0207034], "centroid": [-0.9968637179519705, 0.41330680488549754, -0.29023209874746275], "id": "b7fd9faa8c78806da9bd18a6c1eb0c1f", "numVertices": 4061, "min": [-2.01024, 0.0, -0.630513]}
