{"max": [-2.72004, 0.851866, -7.21273], "centroid": [-3.6120813109756043, 0.41728576676829243, -7.457132393292682], "id": "1e4c1fc02be62675f90c2728303e546a", "numVertices": 656, "min": [-4.46503, 0.0, -7.70273]}
