{"max": [0.0, 0.839922, -0.0103162], "centroid": [-0.5934358708025164, 0.49679410710301797, -0.3108364372225388], "id": "87086d24c964f9524ee9546b7112f88f", "numVertices": 3514, "min": [-1.1811, -0.00738632, -0.599267]}
