{"max": [0.0, 1.10714, 0.882485], "centroid": [-0.7901131458715605, 0.5708125733944965, 0.4958695881734219], "id": "131edf0948b60ee6372c8cd7d07d8ddc", "numVertices": 218, "min": [-1.59286, 0.0, -4.17233e-07]}
