{"max": [0.0, 0.45, 0.6], "centroid": [-1.4922708651872512, 0.32977097099601616, 0.29853405837334585], "id": "ba58fdaae9a5520b421b60451f2f74f3", "numVertices": 1255, "min": [-3.0, 0.0, -3.72529e-09]}
