{"max": [-0.0134127, 0.96, 0.4], "centroid": [-0.33210711931216913, 0.4987951401587304, 0.031883597883597806], "id": "4b6c7f81adcc5f7e4b8710a3469971b1", "numVertices": 756, "min": [-0.65, 0.00865362, -0.02]}
