{"max": [0.908898, 0.76, 0.0], "centroid": [0.4247171101052628, 0.33694706256739426, -0.20528586947368604], "id": "4d0ee9779956b74490a9ce3e4b15521e", "numVertices": 779, "min": [0.0, -0.00219962, -0.4]}
