{"max": [0.555108, 0.803, 0.36121], "centroid": [0.0277576965143301, 0.5349849945778519, -0.09620003586367158], "id": "510fa8653c10b0d1ccd0340812259a39", "numVertices": 2582, "min": [-0.514552, 0.003, -0.20879]}
