{"max": [3.36028, 0.16, 1.32278], "centroid": [0.5991197530864232, -1.093450103703705, -0.28769013086419487], "id": "b8880afd2b1038c8ea7cdfccad65e7e9", "numVertices": 810, "min": [-2.17972, -2.19909, -0.317221]}
