{"max": [0.0, 0.8763, 5.96046e-08], "centroid": [-0.23485704764752072, 0.5594740163650664, -0.6256083419802879], "id": "2e4184763139ff274da5feafe6f1c8fc", "numVertices": 6355, "min": [-0.4572, 0.0, -0.664403]}
