{"max": [0.0, 0.8255, 0.0], "centroid": [-0.1149259164057669, 0.64137330484037, -0.6173319655527286], "id": "786566b66299405a4da5feafe6f1c8fc", "numVertices": 1942, "min": [-0.2286, 0.0, -0.664369]}
