{"max": [1.35, 2.212, 0.552], "centroid": [0.6445861531100472, 1.276042285486444, -0.0074240637497160365], "id": "82f7946adba23f5f1c6beaa592f1b2c5", "numVertices": 1254, "min": [0.0, 0.0, -0.018]}
