{"max": [3.95129, 1.7272, -0.465397], "centroid": [3.2148297247706443, 0.5949592715596316, -0.6967437174311879], "id": "55b945bcc9d3525be005c5c244da3c48", "numVertices": 545, "min": [2.86861, 0.0127, -0.973397]}
