{"max": [0.0103772, 0.564415, 0.00384404], "centroid": [-0.6081993272641263, 0.4026176199659705, -0.2705201645165424], "id": "11499e2fe78c7a6d73bc78c81dfbb18", "numVertices": 5289, "min": [-1.22687, 0.0, -0.556862]}
