{"max": [0.0, 0.860425, 0.48895], "centroid": [-0.8000997293814439, 0.44968903711340213, 0.008269121649484516], "id": "b60bf64c7402978555a060c097fa68cc", "numVertices": 388, "min": [-1.6002, 0.0, -0.0254]}
