{"max": [-0.0555625, 0.921314, -0.212822], "centroid": [-0.9709808891804165, 0.5338182753537711, -0.4576049351415095], "id": "cd1077a52f972810cb2a965e75be701c", "numVertices": 3392, "min": [-1.88436, 0.0, -0.883341]}
