{"max": [0.0, 0.6, 0.5], "centroid": [-0.999999848823529, 0.42252502941176473, 0.25000000000000006], "id": "7b58a3e5d7f4dddcad1d789f3b2120d0", "numVertices": 136, "min": [-2.0, 0.0, 0.0]}
