{"max": [-2.0222, 1.016, 1.58933], "centroid": [-2.396789852546924, 0.08038901469168903, 1.2010279892761524], "id": "b235be00006f3c03e6513d84422cefc4", "numVertices": 746, "min": [-2.77138, 0.0, 1.18293]}
