{"max": [-1.66711, 1.7546, 0.337537], "centroid": [-2.1432098820224765, 1.13503397668539, 0.12684456970281138], "id": "bd0a87c4356e53d4630bc2b026b477b8", "numVertices": 3560, "min": [-3.34711, 0.0, -0.00390611]}
