{"max": [-0.904133, 2.0, 1.46247], "centroid": [-1.7051054079397754, 1.506497567419577, 1.173224980150566], "id": "7c68771e303eddc16adc061043e7c712", "numVertices": 1461, "min": [-2.50413, 0.0, 0.942466]}
