{"max": [0.0, 0.8763, 0.0], "centroid": [-0.2732276479591838, 0.5204138180272118, -0.5243961564879266], "id": "1d973f05e870af4b4da5feafe6f1c8fc", "numVertices": 588, "min": [-0.5334, 0.0, -0.663575]}
