{"max": [0.0, 0.853152, 0.100594], "centroid": [-0.9216661627185506, 0.4768360849904117, -0.1729404725673999], "id": "5e0c9babeb535aa4718e797a380b813f", "numVertices": 1773, "min": [-1.8415, 0.0, -0.588777]}
