{"max": [-0.00069736, 1.86513, 0.609101], "centroid": [-0.6358254607237871, 0.3451252543996972, 0.10957215490121087], "id": "df55c6665781293cbe53b3b9f1274310", "numVertices": 5264, "min": [-1.2907, 0.00512016, 0.00399803]}
