{"max": [-18.919, 0.684, -11.5082], "centroid": [-19.893996081277255, 0.39903062699564623, -12.067402031930449], "id": "4fca24001a151a43d7bd133fd14c164d", "numVertices": 1378, "min": [-20.869, 0.0, -12.1347]}
