{"max": [0.0381, 2.33045, 0.0], "centroid": [-0.7874394979898844, 1.3237019803286991, -0.2689799165613149], "id": "181cfc93cd44af805a0e5699b3040a35", "numVertices": 791, "min": [-1.6129, 0.0, -0.508]}
