{"max": [-0.134937, 0.852047, -0.147638], "centroid": [-1.0366347555248718, 0.38643261491712605, -0.4479025497237581], "id": "26f583c91e815e8fcb2a965e75be701c", "numVertices": 724, "min": [-1.93834, 0.0, -0.781092]}
