{"max": [-1.02474, 0.817084, 1.45324], "centroid": [-1.998532110091735, 0.23557381345565692, 1.2255877675840974], "id": "5b45d3a1edd81a8f2056b4bd5d870b47", "numVertices": 327, "min": [-2.87821, 0.0, 0.911682]}
