{"max": [0.0, 0.747395, 0.0], "centroid": [-0.5848547806610181, 0.37755351270144816, -0.6205358896476456], "id": "e72235ca5b0f9b5de485c93908cf58c1", "numVertices": 3661, "min": [-1.1684, 0.0, -0.667942]}
