{"max": [0.2379, 0.698189, 0.5134], "centroid": [-0.362953962465073, 0.3781917635240001, 0.26578442550000014], "id": "eedc7453ee8b1cff9ca96b2737246fca", "numVertices": 160, "min": [-0.9621, 0.0, -0.00369999]}
