{"max": [0.8, 1.2, 0.0], "centroid": [0.40173661538929073, 0.6421128465991357, -0.40670708972503355], "id": "9b28e4f5c66daae45f29768b6bb620cb", "numVertices": 2764, "min": [0.0, 0.0, -0.437561]}
