{"max": [0.0, 0.8, 0.5], "centroid": [-0.7257899955675671, 0.4171382018468462, 0.179699009081081], "id": "87c85956b41a7fc541d86c17c15247b0", "numVertices": 444, "min": [-1.46, 0.0, -0.024]}
