{"max": [0.0, 0.8763, 0.0], "centroid": [-0.4565377875463696, 0.6551195752517207, -0.624876629309721], "id": "1ff28690a2ba31e4da5feafe6f1c8fc", "numVertices": 3774, "min": [-0.9144, 0.0, -0.664369]}
