{"max": [1.53857, 0.9144, 0.0], "centroid": [0.7661773794104454, 0.5807210051489876, -0.519048750557723], "id": "225e398e99d98995b0c71e21a9386658", "numVertices": 30472, "min": [0.0, 0.0, -0.571803]}
