{"max": [0.005, 2.4, 0.005], "centroid": [-1.5234227379679146, 1.0550360962566827, -0.16431016042780766], "id": "7f60f68c48e67cfb422ac19d4a83319e", "numVertices": 187, "min": [-3.005, -0.1, -0.35]}
