{"max": [1.8288, 0.40005, 0.4953], "centroid": [0.9143999999999993, 0.18886714285714312, 0.2483303571428566], "id": "20ac7b1b285151789dce72832d2a77e5", "numVertices": 280, "min": [0.0, 0.0, 0.0]}
