{"max": [0.0, 0.8763, 0.0], "centroid": [-0.23532812951334373, 0.5344184128728426, -0.5100277928020421], "id": "48ad79b48a76fcec4da5feafe6f1c8fc", "numVertices": 637, "min": [-0.4572, 0.0, -0.669959]}
