{"max": [0.0, 0.809489, 0.275682], "centroid": [-0.07219637353535358, 0.6584459696969702, -0.04277559145125239], "id": "7d22aa2a9ce589b37ca94e8674788609", "numVertices": 198, "min": [-0.3, 0.0, -0.075318]}
