{"max": [-0.201905, 1.87643, 1.01469], "centroid": [-0.6745190063619978, 1.0213323865973973, 0.2863777074541407], "id": "57041ab17b34eba1f49237e570f62c8f", "numVertices": 9431, "min": [-1.18112, -0.053975, 0.245757]}
