{"max": [0.499402, 0.534625, 0.153504], "centroid": [3.200839679934778e-06, 0.3214980528037466, 0.0019154239297689683], "id": "e5b1626359c609a59d297e74104d3ac3", "numVertices": 10242, "min": [-0.499402, 0.0, -0.153504]}
