{"max": [0.513086, 0.886198, -0.0425146], "centroid": [-1.0607512312060523, 0.5373158620642031, -0.6643638462986127], "id": "807b854a7c35379af5779d217e69b7a8", "numVertices": 16791, "min": [-2.62527, -0.00836915, -1.25424]}
