{"max": [0.0, 0.851391, 0.676065], "centroid": [-0.7897216848097748, 0.4346904264464981, 0.4391029987780729], "id": "beb4feca82b0082efd60059ad8523f1a", "numVertices": 757, "min": [-1.46222, 0.0, 0.0]}
