{"max": [0.0, 0.85344, 0.4318], "centroid": [-0.591593109111849, 0.26903198857142835, 0.20436451827242508], "id": "98a1211469f6c6a7c7ac935603e09651", "numVertices": 903, "min": [-1.16995, 0.0, 0.0]}
