{"max": [1.60383, 0.601512, -1.84211], "centroid": [0.02518864705882354, 0.2829977141176469, -2.352632352941177], "id": "4d9152d6df9883529c75eb4326997fae", "numVertices": 102, "min": [-1.5568, -0.126423, -2.79461]}
