{"max": [2.82, 1.80551, 0.0], "centroid": [1.4028200803324198, 1.6841598905817095, -0.37261075699446383], "id": "dd4d12077d16512d8ab9e8dd82b356fd", "numVertices": 5776, "min": [0.0, 0.0, -0.72]}
