{"max": [1.8288, 0.62865, 0.0], "centroid": [0.9143999999999974, 0.36089166666666633, -0.2921000000000003], "id": "ddd142d8dcd4e95bf4fb4dee5181bee", "numVertices": 216, "min": [0.0, 0.0, -0.5842]}
