{"max": [0.65, 1.108, 0.2], "centroid": [8.28347461669589e-05, 0.5477269433560461, -0.21390454718909516], "id": "d89866af0e191e40c4ac7545c4775b33", "numVertices": 11740, "min": [-0.65, -0.008, -0.224]}
