{"max": [6.68834, 2.62, 10.2095], "centroid": [5.336581612903225, 1.3174193548387096, 9.676062129032262], "id": "a46d947577ecb54a6bdcd672c2b17215", "numVertices": 155, "min": [3.94317, 0.0, 9.37771]}
