{"max": [0.0, 0.9144, 0.62865], "centroid": [-0.3082185698924731, 0.5195408279569891, 0.0246179206989246], "id": "63397b0df482d51ad7838dc22b16368e", "numVertices": 1116, "min": [-1.2192, 0.0, 0.0]}
