{"max": [0.0, 0.56515, 0.652462], "centroid": [-0.9334500000000057, 0.363608179887165, 0.30001907441752423], "id": "ce23a5781e86368af4fb4dee5181bee", "numVertices": 6026, "min": [-1.8669, 0.0, -0.0523875]}
