{"max": [0.0, 0.700519, 0.00643319], "centroid": [-0.9143999999999974, 0.35323922531039414, -0.2661448342360665], "id": "ac477aa3d54d0e06f9e4cc51c75c384e", "numVertices": 558, "min": [-1.8288, 0.0, -0.581124]}
