{"max": [0.0, 0.850426, 0.518], "centroid": [-0.8094816660259484, 0.44181820470927485, 0.015214664019490443], "id": "c7c782fd5976ed7214038d588fd1342f", "numVertices": 2081, "min": [-1.6, 0.0, -1.11759e-08]}
