{"max": [1.15e-06, 0.713729, 0.0], "centroid": [-0.2925531012323614, 0.47096251142461953, -0.39282648686030447], "id": "b3974f214dd4af93601104cd2d998272", "numVertices": 1446, "min": [-0.585, -0.00330031, -0.699995]}
