{"max": [-0.094433, 0.863296, 0.0], "centroid": [-1.0223977403934694, 0.4593650897739166, -0.36398685468496095], "id": "e2be5da815f914f22250bf58700b4d8f", "numVertices": 14287, "min": [-1.9499, 0.0, -0.778839]}
