{"max": [1.4478, 0.9525, 0.0381], "centroid": [0.7239000000000003, 0.4903931818181821, -0.2703560606060607], "id": "1b77f2fbf17f28e726cd2499b0c05f5a", "numVertices": 132, "min": [0.0, 0.0, -0.55245]}
