{"max": [1.15e-06, 0.717439, 0.0], "centroid": [-0.2960233558431357, 0.49601432561403513, -0.35403823219814207], "id": "5ce636f716f8f11e601104cd2d998272", "numVertices": 969, "min": [-0.585, -0.00330031, -0.699995]}
