{"max": [0.0, 0.8763, 8.9407e-08], "centroid": [-0.23908774133679797, 0.6205197601188197, -0.4642976648132228], "id": "3167991b1c87967ac59350d819542ec7", "numVertices": 2693, "min": [-0.5334, 0.0, -0.505]}
