{"max": [0.0321469, 0.792464, 0.00134513], "centroid": [-0.9036426426796871, 0.5122872188049358, -0.25877490109771417], "id": "ab891fba7aa43f9df155d75bbf62b80", "numVertices": 23346, "min": [-1.83618, 0.0, -0.687586]}
