{"max": [2.84843, 1.37322, 0.878138], "centroid": [1.6145463147362584, 0.9875947836868028, 0.5826170183795504], "id": "6319038bd4748a03d2b12aa6a0f050b3", "numVertices": 9195, "min": [0.308429, 0.533856, 0.230078]}
