{"max": [0.00367224, 0.86155, 0.0380457], "centroid": [-0.4798667978690556, 0.4615181021044428, -0.36361323465471596], "id": "eb06da40812adaa9542357877f3143f8", "numVertices": 1283, "min": [-1.24698, 0.0, -0.617765]}
