{"max": [0.0, 0.839922, 0.00110904], "centroid": [-0.8354264497251291, 0.47030743386770396, -0.32032407682071223], "id": "8f24d2e90bbd5855b77d52b64ec9e9af", "numVertices": 5639, "min": [-1.778, 0.0, -0.599267]}
