{"max": [0.0, 0.0, 0.0], "centroid": [-0.6085434629629584, -0.3307140045743603, -0.3079032708333351], "id": "295502bcb6d0c0f5c59350d819542ec7", "numVertices": 1296, "min": [-0.8382, -0.5969, -0.3556]}
