{"max": [1.24877, 0.88511, 0.684939], "centroid": [0.6129134011614336, 0.5349588749128941, 0.42838942439024147], "id": "bd39e9a5489f89c8d6d3866b78fd4902", "numVertices": 1722, "min": [-0.01905, -0.00011618, 0.010735]}
