{"max": [0.0, 0.895579, 0.647959], "centroid": [-0.7541119118303576, 0.5054390947172599, 0.04509863273021394], "id": "ae20b4fa1b552b62614d87bbb5364f6a", "numVertices": 1344, "min": [-1.46489, 0.0, 7.45058e-09]}
