{"max": [-1.14262, 2.238, -1.15704], "centroid": [-2.833229917808217, 0.8393518821917828, -1.5144308493150367], "id": "e05be650930e7eadab9ab77fc8888129", "numVertices": 1460, "min": [-3.74262, 0.0, -1.77704]}
