{"max": [0.0, 0.8763, 0.0], "centroid": [-0.22803933227848108, 0.5278332854430372, -0.5921657551993067], "id": "4fd61ff0aa949a4486d53ab0fe94e911", "numVertices": 1580, "min": [-0.4572, 0.0, -0.654254]}
