{"max": [0.0, 2.20345, 0.0], "centroid": [-0.9682168905478276, 1.1293882746688455, -0.2957140964840569], "id": "18f41e91af76c77de25f00a04866d020", "numVertices": 1223, "min": [-1.9558, 0.0, -0.3429]}
