{"max": [2.24, 0.389999, 0.0], "centroid": [1.1199995416666688, 0.33683241666666625, -0.3099994333333332], "id": "5a96b6b335bada106fa8ce57c8ec2e09", "numVertices": 96, "min": [0.0, 0.0, -0.619999]}
