{"max": [0.0, 0.725919, 0.00643319], "centroid": [-0.9144000000000005, 0.38910063553142843, -0.23815426143921492], "id": "d406968659ec5ab87d55717abcc7106d", "numVertices": 350, "min": [-1.8288, -3.81842e-07, -0.581124]}
