{"max": [1.77165, 0.45084, 0.481955], "centroid": [0.8824201994331737, 0.31136764212040347, 0.24402025053545762], "id": "55c97131574186c0d4d8765e3910f617", "numVertices": 8292, "min": [-0.00635, -0.00036289, 0.00636034]}
