{"max": [0.759776, 0.479, 2.638], "centroid": [0.21723083453237405, 0.22165535251798554, 2.0423525179856066], "id": "14e612a7cd0311905b539ad6c08a7283", "numVertices": 139, "min": [-0.329224, -0.026, 1.981]}
