{"max": [-0.0539746, 0.752289, -0.140127], "centroid": [-0.9557057314024322, 0.3582889696594572, -0.37092055640243904], "id": "7d1e56ea7f32d634cb2a965e75be701c", "numVertices": 656, "min": [-1.85738, -8.9407e-08, -0.724417]}
