{"max": [-0.16266, 36.3741, -1.00154], "centroid": [-7.93642597719869, 22.964859022801352, -6.650932377850208], "id": "6db5a05080eb2480f863ead9331efd45", "numVertices": 1228, "min": [-16.2218, -0.0635, -7.82144]}
