{"max": [-0.539201, 2.19, 0.670163], "centroid": [-2.036966337236531, 0.98633269789227, 0.2967329484777512], "id": "475907f4b97bc1da25ae8e5e777da782", "numVertices": 427, "min": [-3.5242, 0.0, 0.171663]}
