{"max": [-3.15739, 0.68, -0.045493], "centroid": [-3.7790661904761884, 0.29777142857142874, -0.2615310952380957], "id": "802e7f3207fe4306175516c727777db1", "numVertices": 105, "min": [-4.45839, 0.01, -0.546493]}
