{"max": [1.72, 2.52, 0.00200003], "centroid": [1.1211742104692064, 0.612575920136854, -0.4016923482306946], "id": "76ee9167548caf224983f386c1ce1710", "numVertices": 2046, "min": [0.0, 0.0, -0.72]}
