{"max": [0.0, 0.712784, 0.677125], "centroid": [-1.8288742249544665, 0.33046993278688425, 0.3875148590163936], "id": "6512b58401c7ea51ad5067eac75a07f7", "numVertices": 1098, "min": [-3.6576, 0.0, 0.0]}
