{"max": [0.8382, 1.08515, 0.380964], "centroid": [0.41333200535714376, 0.5206115339285715, 0.23254299999999975], "id": "9787be3282d13a159a3528690d225ee1", "numVertices": 224, "min": [-0.0254, 0.0, -0.0254]}
