{"max": [0.0, 0.8763, 8.9407e-08], "centroid": [-0.3539826295552338, 0.582994280590282, -0.4782217247677821], "id": "480a381b676003df4da5feafe6f1c8fc", "numVertices": 4879, "min": [-0.6858, 0.0, -0.523081]}
