{"max": [0.0, 2.26, 0.45], "centroid": [-1.011077444768091, 1.2124438007421132, 0.0818478829870134], "id": "73c2405d760e35adf51f77a6d7299806", "numVertices": 1078, "min": [-1.96, 0.0, 0.0]}
