{"max": [4.06, 2.4, 0.0], "centroid": [2.1591026935136166, 1.527235939643377, -0.6079968728199102], "id": "71c2c44dd20ae153353a90f87b8ecab5", "numVertices": 10206, "min": [0.26, 0.0, -0.727574]}
