{"max": [2.56634, 2.95, -0.775501], "centroid": [1.6909407734711255, 1.4603909399224833, -1.0618482833764489], "id": "bae2eb7c426570752c91206be77753e3", "numVertices": 9288, "min": [0.815542, 0.0, -1.1009]}
