{"max": [0.0, 0.838449, 0.00227352], "centroid": [-0.9137816576623377, 0.46483940961038983, -0.23175958466694824], "id": "fb9775e4ada511d7844283a0969502b7", "numVertices": 1540, "min": [-1.81609, 0.0196088, -0.580026]}
