{"max": [0.886549, 0.4572, 0.576855], "centroid": [0.4314689954266588, 0.35208324511990013, 0.4080980092024581], "id": "23c874e54f1f9f152d07d128adae16ff", "numVertices": 3586, "min": [-0.0278514, 0.0, 0.240305]}
