{"max": [2.19, 0.429999, 0.0], "centroid": [1.0949967670370377, 0.16829588814814858, -0.14333301851851862], "id": "2edc5c32e3ca7242aa6d4fa3e14dc1ab", "numVertices": 216, "min": [0.0, 0.0, -0.459999]}
