{"max": [0.0, 0.8763, 0.0], "centroid": [-0.19914257301587315, 0.5439385050505054, -0.5762211099782124], "id": "29ce2b045bc6111912de5317fe5b354f", "numVertices": 693, "min": [-0.5334, 0.0, -0.657225]}
