{"max": [0.0, 1.202, 0.0], "centroid": [-0.842308937374859, 0.6767580645161333, -0.17228563937708735], "id": "948709ebfb6cd6ff6f2222642bd41c09", "numVertices": 1798, "min": [-1.8, 0.0, -0.3]}
