{"max": [2.3749, 0.56515, 0.0523875], "centroid": [1.187449999999991, 0.3638672889944535, -0.3000228450831331], "id": "f1102a11687f3451f4fb4dee5181bee", "numVertices": 7578, "min": [0.0, 0.0, -0.652462]}
