{"max": [2.44474, 0.492125, -0.01143], "centroid": [1.1775063945463076, 0.40001895179635505, -0.2367329678461793], "id": "afaaadcde1146dc2ad5067eac75a07f7", "numVertices": 5539, "min": [-0.0870399, -0.022225, -0.462023]}
