{"max": [0.2286, 0.870336, 0.553073], "centroid": [-0.6653839775629075, 0.36202575154184874, 0.2847554703943627], "id": "de80be770d51dbf53567b82c74e275b4", "numVertices": 1135, "min": [-1.5494, 0.0, 0.0]}
