{"max": [0.265378, 0.868401, 0.019664], "centroid": [-0.3076558126930104, 0.5820721586626142, -0.2221098505806082], "id": "8ad57afa55cebfe0dad433a29cb627ea", "numVertices": 1645, "min": [-0.824178, 0.0, -0.600838]}
