{"max": [-1.17552, 1.23825, -2.52542], "centroid": [-1.2370011403846104, 0.619071955753848, -2.9316885211538217], "id": "ad86354fb5faf1c98a4820926b2a786", "numVertices": 5200, "min": [-1.65918, 0.0, -3.33822]}
