{"max": [0.0762, 3.02731, -0.0619125], "centroid": [-2.3794584752475223, 1.4143264207920823, -1.2158597759900998], "id": "d4277bc8f1301983a77c359d9fe71e62", "numVertices": 404, "min": [-4.84664, 0.0, -2.01136]}
