{"max": [0.003175, 0.458199, 0.323716], "centroid": [-0.8540741032887926, 0.36564177749229787, 0.06061590529290876], "id": "8a6f07f3d357fbfd2b12aa6a0f050b3", "numVertices": 3892, "min": [-1.71132, 0.0, -0.202085]}
