{"max": [-0.988494, 0.985044, 0.420933], "centroid": [-1.9281845516554652, 0.5123990258899722, 0.03981510995270098], "id": "c7dd92386b9d18bac502b42dc3551a09", "numVertices": 4017, "min": [-2.87076, 0.0, -0.204542]}
