{"max": [0.0, 2.4, 0.2783], "centroid": [-0.48592086330935214, 1.327436791366907, 0.1649891671942448], "id": "9a24860d7ea8d54f109097154427f779", "numVertices": 139, "min": [-0.94, 0.0, 0.0]}
