{"max": [0.0, 0.8763, 0.0], "centroid": [-0.22174490096385588, 0.6322965337349387, -0.5747580096565055], "id": "3cdabe258ed67a144da5feafe6f1c8fc", "numVertices": 830, "min": [-1.0668, 0.0, -0.658019]}
