{"max": [0.729249, 0.274382, 0.4572], "centroid": [0.021223476330275243, -0.020672431376146792, 0.20553027522935788], "id": "8a5a59ab999c03ccfb0eb7e753c06942", "numVertices": 109, "min": [-0.729249, -0.401828, 0.0]}
