{"max": [1.51518, 0.93345, 3.03416], "centroid": [0.7347387979797969, 0.4566547979797973, 2.7293602020202004], "id": "31375f94c8739fdbb043c7d18f748c2e", "numVertices": 198, "min": [-0.313621, 0.0, 2.42456]}
