{"max": [0.0508, 0.3048, 0.3048], "centroid": [-0.135055308528544, 0.11171298666135636, 0.036212138057777774], "id": "740eb7316c76854ace5d6e9371bb5c33", "numVertices": 261, "min": [-0.6604, -2.73878e-06, -0.047625]}
