{"max": [0.0, 1.41446, 0.0], "centroid": [-2.4501183472222228, 0.3985064999999998, -1.1393920972222225], "id": "6b894c1c57ba921c98d10ca8df5ecbe7", "numVertices": 72, "min": [-4.19894, 0.0, -3.10198]}
