{"max": [0.0, 0.877416, -5.96046e-08], "centroid": [-1.5238425849856632, 0.5555978813559299, -0.3321917454824151], "id": "756c2cbd2d42644052b192b5b7698446", "numVertices": 12508, "min": [-3.04698, 0.0, -0.688659]}
