{"max": [0.0, 0.762, 0.0], "centroid": [-0.39609456711111246, 0.2683500294444456, -0.2605740333333334], "id": "9bcfb450ed3046a74da5feafe6f1c8fc", "numVertices": 360, "min": [-0.762, 0.0, -0.336853]}
