{"max": [0.0, 0.853711, 0.756365], "centroid": [-0.6074279076479081, 0.40284011740039233, 0.3416433940981229], "id": "c8298f70c094a9fd25d3c528e036a532", "numVertices": 1386, "min": [-1.2192, -3.72529e-09, 0.0]}
