{"max": [0.0249356, 1.88022, 0.5], "centroid": [-0.4168517470170461, 0.1385359113636363, 0.2233740852272743], "id": "76fa5df01e82242c684b7bc3f8a9aa55", "numVertices": 704, "min": [-0.856517, 0.00236012, -0.01803]}
