{"max": [0.0, 1.07, 0.0], "centroid": [-0.5, 0.5101385100775191, -0.36512078294573647], "id": "5a074a3422d783cbad7b4c3c92e50b84", "numVertices": 258, "min": [-1.0, 0.0, -0.8]}
