{"max": [0.0, 0.773567, 0.0], "centroid": [-0.990599785900955, 0.5298273003095965, -0.3089544469349838], "id": "ec7c3cb273f857ca785c8f27b37ec031", "numVertices": 1615, "min": [-1.9812, 0.0, -0.680073]}
