{"max": [1.30601, 0.55245, -0.191065], "centroid": [0.7248121028112405, 0.14412899522891526, -0.4155423638554174], "id": "64f02390a1487f791e4b67452ae5160", "numVertices": 1245, "min": [0.25191, -0.127, -0.686365]}
