{"max": [1.7653, 0.427038, 0.477837], "centroid": [0.8852036278350515, 0.40073504123711545, 0.2389186683848792], "id": "74983e99e7606eb114708467db3d00e2", "numVertices": 582, "min": [0.0, 0.0, 0.0]}
