{"max": [-0.957263, 0.712784, 0.677125], "centroid": [-2.1771615830508346, 0.28483808271186417, 0.41231833322033956], "id": "11e98db089a66426ad5067eac75a07f7", "numVertices": 590, "min": [-3.39566, 0.0, 0.0]}
