{"max": [0.00373461, 0.796607, -0.00233984], "centroid": [-0.7951383340652236, 0.47790476685468003, -0.3179549052603716], "id": "b272113ac712ca012055e892b9798352", "numVertices": 7374, "min": [-1.59511, -0.00970905, -0.649273]}
