{"max": [-1.08085, 0.880668, 1.64226], "centroid": [-2.296497628937713, 0.45143593415333183, 1.3105336668525263], "id": "edec9a4512b98f6f2056b4bd5d870b47", "numVertices": 7174, "min": [-3.52577, 0.0, 0.966313]}
