{"max": [1.785, 0.44965, 0.400003], "centroid": [0.8750639479591759, 0.42509238180272096, 0.19688176122448942], "id": "7f6db7a3f529949601104cd2d998272", "numVertices": 1176, "min": [0.0, 0.0, 0.0]}
