{"max": [3.28882, 0.728526, -0.733851], "centroid": [2.6450335472044015, 0.3426697250229133, -0.8287115948670952], "id": "f5e4f9657ecc18efc862eec8232fff1e", "numVertices": 1091, "min": [1.88916, -0.0703507, -1.66095]}
