{"max": [1.19303, 0.743424, 0.617078], "centroid": [0.42803167543859566, 0.12290177192982484, 0.45605683625730986], "id": "7e524d1958ca0348d6abb4efd157f402", "numVertices": 342, "min": [-0.336968, 0.0, 0.201318]}
