{"max": [0.04, 0.829674, 0.04], "centroid": [-0.6336077249959369, 0.38948373746517845, -0.3156477084405068], "id": "7d67ed4517c1d702ed98cca8f0ccd5f7", "numVertices": 4894, "min": [-1.30832, -0.003, -0.634005]}
