{"max": [0.176744, 0.569495, -0.00234655], "centroid": [-0.4867591088930879, 0.4035916492565087, -0.37916751377880975], "id": "35686cf1e7db69d580be56c7b04dd6f0", "numVertices": 5380, "min": [-1.09899, 0.0, -0.736598]}
