{"max": [1.8546, 0.629722, 0.544116], "centroid": [0.921175933118947, 0.34197273839369285, 0.2762503611104767], "id": "6b262d977ea93d23ba6cf6cbb9f4c2bb", "numVertices": 8753, "min": [-0.000396875, 0.0, 0.0]}
