{"max": [0.0, 1.6256, 0.5096], "centroid": [-0.8368876419843349, 0.908829046127067, 0.08494681824368948], "id": "e619cf6aa221424cf80ff10f4838c137", "numVertices": 1149, "min": [-1.67728, 0.0, -0.11278]}
