{"max": [1.72, 0.86, 0.0], "centroid": [0.8600000948275863, 0.4237241724137931, -0.31275862068965465], "id": "45679a0d39b500533dd5cc05646564a4", "numVertices": 232, "min": [0.0, 0.0, -0.32]}
