{"max": [0.0843102, 0.456106, -0.000238709], "centroid": [-0.5252893944444463, 0.22150693037037006, -0.241031146012346], "id": "ea4740ede10b7620c09352f205bd9134", "numVertices": 324, "min": [-1.13489, -0.00109378, -0.476489]}
