{"max": [0.0, 2.0, 0.523317], "centroid": [-1.0027072174365341, 1.108018562213896, 0.013284467405470112], "id": "932ae6a9eaca65a03f4b30b8df1dd26b", "numVertices": 4806, "min": [-2.0, 0.0, -1.17347e-07]}
