{"max": [0.0, 0.8763, 0.0], "centroid": [-0.11592309417040372, 0.6312831300448432, -0.4890853363896911], "id": "1caaaa5c1da4dd2dc59350d819542ec7", "numVertices": 223, "min": [-0.2286, 0.0, -0.663575]}
