{"max": [0.0, 3.3528, 1.143], "centroid": [-1.5584989998726115, 1.3410598146496782, 0.5086919547261152], "id": "2f0fd2a5e181b82a4267f85fb94fa2e7", "numVertices": 1570, "min": [-6.16585, 0.0, -0.2286]}
