{"max": [0.265378, 0.868401, 0.0184009], "centroid": [-0.8307850764497936, 0.582934302436126, -0.192894145132294], "id": "9b1ed4bd84562d3f406f2f420f742d6", "numVertices": 3366, "min": [-1.6948, 0.0, -0.600838]}
