{"max": [0.395308, 0.939089, 0.33374], "centroid": [-1.020011915745853, 0.6129326745303868, -0.47774489947237686], "id": "7f418f4737d4a7339702fe80e90cab1c", "numVertices": 724, "min": [-2.62599, -0.105243, -1.14297]}
