{"max": [-0.213895, 1.7145, 0.778501], "centroid": [-0.556794873344365, 0.9069868937362071, 0.3129381266556356], "id": "464e34455b49aa5c824080f516909671", "numVertices": 14496, "min": [-0.899695, 0.0, 0.283201]}
