{"max": [0.0, 2.1, 0.63], "centroid": [-0.5006386089145499, 1.2869253103002307, 0.10829213833718256], "id": "86d1c6a6a2278e7e1b17743c18fb63dc", "numVertices": 433, "min": [-0.9, 0.0, 0.0]}
