{"max": [0.0194137, 1.524, 0.5842], "centroid": [-0.28486426353591177, 0.7387770994475136, 0.034986093204419866], "id": "e0f6e225c7f88db19ea59510032cbc74", "numVertices": 362, "min": [-0.590914, 0.0, -0.03175]}
