{"max": [0.0650866, 0.952706, 0.625406], "centroid": [-0.8441229357954649, 0.449568079643344, 0.3291807964451419], "id": "6d9c95a2409a8c90391e4d6c585a697a", "numVertices": 5574, "min": [-1.74466, -1.11252e-05, -0.0634999]}
