{"max": [0.00127, 0.83566, 0.581625], "centroid": [-0.9439464186180352, 0.5010543006895901, 0.341233162325605], "id": "3bc45b4fea81c02463b2acb037dfbcde", "numVertices": 5731, "min": [-1.90052, 0.0, 0.0]}
