{"max": [0.0184009, 0.868401, 0.0184009], "centroid": [-0.8827865729699266, 0.5799727478070196, -0.1888217684133156], "id": "c9d456bacf459248930524909158355d", "numVertices": 3192, "min": [-1.6948, 0.0, -0.600838]}
