{"max": [1.65597, 0.429999, 0.0], "centroid": [0.827985018148147, 0.1629255177777782, -0.1433344885370371], "id": "4e3d100672af00842dc02296076d8ee0", "numVertices": 216, "min": [0.0, 0.0, -0.460003]}
