{"max": [0.0, 1.01407, 0.889], "centroid": [-0.990600366666667, 0.47048933333333337, 0.3295937333333333], "id": "1d0dae2db37fcb6ab078c101ed808ecf", "numVertices": 30, "min": [-1.9812, 0.0, 0.0]}
