{"max": [-0.013505, 2.04288, 0.38], "centroid": [-0.8026303726872277, 0.6805142509544798, 0.17457296682231951], "id": "401960cb8526894f4b8710a3469971b1", "numVertices": 681, "min": [-1.59311, 0.0164447, -0.03]}
