{"max": [91.6852, 52.9251, 214.829], "centroid": [60.123552360965235, 20.314594900314948, 204.90737355718773], "id": "8fa86c85b7985962598f1102685df4cd", "numVertices": 953, "min": [29.7202, 0.0, 203.024]}
