{"max": [-0.0952511, 0.91025, -0.138792], "centroid": [-0.9969466509933826, 0.38916475907428366, -0.39013372516556183], "id": "132231578d6084cacb2a965e75be701c", "numVertices": 3624, "min": [-1.89865, 0.0, -0.794821]}
