{"max": [0.0, 0.830375, 0.664819], "centroid": [-1.1688343998662614, 0.4248374364690149, 0.42099540433348176], "id": "5125cca7f42b90b2ad5067eac75a07f7", "numVertices": 2243, "min": [-2.3577, 0.0, 0.0]}
