{"max": [0.006985, 0.0, -7.45058e-09], "centroid": [-0.4124295118585044, -0.7539336543888636, -0.3304273230071503], "id": "4dc45b86bdce7d96d37a1bae74ee50a2", "numVertices": 4238, "min": [-0.831215, -0.9144, -0.353023]}
