{"max": [0.0, 0.418, 0.424], "centroid": [-0.4194265597826077, 0.3189564619565219, 0.17197914228497438], "id": "819a1fd8c7bea7f3984cd513e00e13ae", "numVertices": 736, "min": [-0.84, 0.0, -0.00562683]}
