{"max": [1.7653, 0.649288, 0.477838], "centroid": [0.8826791108108132, 0.43068802162162456, 0.23891888891891883], "id": "c70b020a21a7b2de67f2cdc0901bfcfe", "numVertices": 740, "min": [0.0, 0.0, 0.0]}
