{"max": [-1.2958, 2.32, 4.28718], "centroid": [-2.1947595785004186, 1.6334539001656736, 3.9543978360604344], "id": "a909c649ca19e9c9a45565492492fdbe", "numVertices": 19312, "min": [-3.0858, 1.43424, 3.77218]}
