{"max": [1.8161, 0.575734, 0.565082], "centroid": [0.9070460193392392, 0.3608001679290899, 0.2842677709740644], "id": "38d0cc28d4ff1ad0b604d999bdb46442", "numVertices": 1241, "min": [0.0, -0.014097, -0.000573481]}
