{"max": [-0.690925, 0.4087, -0.221792], "centroid": [-1.122049396551724, 0.28187115988505757, -0.26155781609195455], "id": "6b7e64a23106bc6ad81bfa7b5196f847", "numVertices": 174, "min": [-1.54672, -0.00821787, -0.569393]}
