{"max": [-5.14934, 1.25, 0.725087], "centroid": [-6.093427507692304, 0.8431189230769243, 0.602660643076925], "id": "beae527c550f5ce8e4ed7bd95fe664b", "numVertices": 650, "min": [-7.01348, 0.0, 0.217225]}
