{"max": [-0.008, 2.4, 0.5], "centroid": [-1.9106737173333292, 1.409858457244468, -0.15345511924444527], "id": "9d7338e6d5da1acd353a90f87b8ecab5", "numVertices": 4500, "min": [-3.808, 0.0, -0.250388]}
