{"max": [0.0508, 0.9017, 0.0127], "centroid": [-2.8020746332349735, 0.5290314756080292, -0.24932012544604468], "id": "3ca55ce22b40b8c2ad364a967d96b388", "numVertices": 4235, "min": [-4.6228, 0.0, -0.625157]}
