{"max": [-1.61763, 2.25605, 0.331232], "centroid": [-2.0307181514762505, 1.026823349781775, 0.1503319920282418], "id": "dca6f5a582517758eab2bd7322386ffd", "numVertices": 779, "min": [-2.53203, 0.0, -0.00146063]}
