{"max": [0.0, 0.832191, 0.61642], "centroid": [-0.9630063117626317, 0.47639035799595997, 0.2926971074989892], "id": "22af1585e38e4e76ad5067eac75a07f7", "numVertices": 1188, "min": [-1.9463, 0.0, 0.0]}
