{"max": [-1.46534, 0.0635, 1.98551], "centroid": [-2.4034541592920355, -0.24327174264786816, 1.7003204424778833], "id": "715445f1eb83b477b1eca275bb27199f", "numVertices": 904, "min": [-3.34494, -0.6477, 1.32511]}
