{"max": [2.38419e-07, 0.762, 0.0], "centroid": [-0.6957496797973933, 0.30389449814814834, -0.24849085185185157], "id": "ba6599d00e879e11c59350d819542ec7", "numVertices": 270, "min": [-1.0668, 0.0, -0.358775]}
