{"max": [0.0, 0.474655, 0.48396], "centroid": [-0.29205728725133645, 0.09539651707165764, 0.23551449822160433], "id": "bcceb065b8c433b99a87002a4eeaf610", "numVertices": 935, "min": [-0.5842, 0.0, 0.0]}
