{"max": [0.01905, 0.889, 0.508], "centroid": [-0.7492998326996206, 0.48279313688212977, 0.0058429657794677], "id": "e18f47b52ff3aa2452174f43a416bc6f", "numVertices": 526, "min": [-1.51765, 0.0, -0.01905]}
