{"max": [-2.38419e-07, 1.02867, 0.635168], "centroid": [-0.7590438336350105, 0.499648359273797, 0.233359750961675], "id": "92b9ca91ff514bc90658f68885fd5d0", "numVertices": 4851, "min": [-1.53329, -7.79983e-09, -0.0504094]}
