{"max": [0.284584, 0.830004, 0.0979906], "centroid": [-0.705679134270653, 0.3874164748681893, -0.3718034649912121], "id": "818879b4a23c12bf575f9747ff6fb5e8", "numVertices": 569, "min": [-1.68108, 0.0, -0.712874]}
