{"max": [-20.257, 1.51318, 2.10551], "centroid": [-20.956590654205623, 1.2151579439252356, 1.9416314953271014], "id": "7261f3eee6d5cac0e7ae87d20a4fdaa5", "numVertices": 214, "min": [-21.6569, 0.86318, 1.83551]}
