{"max": [2.4384, 0.4953, 0.0], "centroid": [1.2312208748267883, 0.3628396593533489, -0.2511968574411078], "id": "6a474cb5a494c1e6ad5067eac75a07f7", "numVertices": 866, "min": [0.0, 0.0, -0.50165]}
