{"max": [5.587, 0.480558, -0.352062], "centroid": [3.42637958881579, 0.4172067203947378, -0.6916261233552587], "id": "90d6cf58f5e9ba30c175dd3be8577953", "numVertices": 2432, "min": [1.26053, 0.0, -1.03117]}
