{"max": [-0.0936625, 0.432999, -0.0657676], "centroid": [-1.0367307099676009, 0.2671089515054523, -0.3709157552975634], "id": "43e72408630a790181faebbdea6bd9be", "numVertices": 9561, "min": [-1.97961, 0.0, -0.676275]}
