{"max": [0.0, 2.0, 0.537], "centroid": [-0.6383829787234039, 0.5907659574468086, 0.06395319063829784], "id": "b7f1176767b87b235c8607e33463027e", "numVertices": 235, "min": [-1.0, 0.0, -0.00800001]}
