{"max": [0.9906, 0.8763, 0.0], "centroid": [0.49922355284552705, 0.6625611016260177, -0.5534267479674797], "id": "a247a4978888e6403fe047712e43e185", "numVertices": 246, "min": [0.0, 0.0, -0.666817]}
