{"max": [0.00544286, 0.8763, -2.38419e-07], "centroid": [-0.1863566707319749, 0.5853942735109732, -0.5842163296353473], "id": "587315cfb22617a1d37a1bae74ee50a2", "numVertices": 1276, "min": [-0.386443, 0.0, -0.644769]}
