{"max": [-1.79253, 0.771991, 1.96197], "centroid": [-2.7156501789475596, 0.43757829196037246, 1.6673245894736861], "id": "3a8f4586fbd17e6d56f6fc4b4ce1db04", "numVertices": 16150, "min": [-3.63785, 0.0, 1.31322]}
