{"max": [1.32957, 4.125, 0.0], "centroid": [0.6647646878337706, 3.0788428695652588, -0.41911441902527097], "id": "71d240b4e2e79be96a001de88d8cd8d9", "numVertices": 4945, "min": [0.0, 2.03, -0.503887]}
