{"max": [0.0936625, 0.805326, -0.166699], "centroid": [-0.8080532414772761, 0.36889786931818125, -0.41277298579545596], "id": "98af453dfb3b2284cb2a965e75be701c", "numVertices": 704, "min": [-1.70974, 0.0, -0.777957]}
