{"max": [0.0, 2.1, 0.507], "centroid": [-0.9729784522003073, 1.0764312685887703, 0.12377438698375387], "id": "3216246565768e2fa716f601854e234e", "numVertices": 659, "min": [-1.91, 0.0, -0.136794]}
