{"max": [-4.64294, 2.1463, 3.44484], "centroid": [-5.105942314024822, 1.217594276934599, 2.974123460559858], "id": "1ad4c572e0fd6a576e1e9a13188ab4bb", "numVertices": 6681, "min": [-5.56687, 0.0, 2.80984]}
