{"max": [0.034361, 2.67639, -0.02], "centroid": [-0.23489559771316149, 2.306727548528498, -0.3488635713838446], "id": "9e53d5b34c4b403841b765d3dbd065f7", "numVertices": 3194, "min": [-0.515482, 1.94639, -0.37]}
