{"max": [0.0, 1.4, 0.0], "centroid": [-1.4749999999999994, 0.41496475609756117, -0.6062547560975613], "id": "1dd7409c95d59d0da192483aa282f8e5", "numVertices": 82, "min": [-2.95, 0.0, -0.85]}
