{"max": [-0.59549, 0.666369, 1.29017], "centroid": [-1.8066318267744241, 0.45047069865229084, 0.9998234774483402], "id": "a31ae6a0f58526af2056b4bd5d870b47", "numVertices": 5565, "min": [-3.01567, 0.0, 0.674215]}
