{"max": [0.0, 0.8763, 0.0], "centroid": [-0.11560361170568564, 0.5175992508361204, -0.38346649904649216], "id": "152dd0a74ed08ef8c59350d819542ec7", "numVertices": 299, "min": [-0.2286, 0.0, -0.65044]}
