{"max": [-1.29069, 0.45886, 0.322432], "centroid": [-1.7453162137203162, 0.3346725007915567, 0.13341008926121387], "id": "1ebdf871b03ae445f4b6538438a0b930", "numVertices": 758, "min": [-2.20509, 0.00165994, -0.058568]}
