{"max": [1.35719, 0.6096, 1.64921], "centroid": [0.2291226486486488, 0.33912432432432466, 1.2678664864864864], "id": "132185edbe4f2c5fb4c161851ed2b4e4", "numVertices": 148, "min": [-0.928808, 0.0, 1.19201]}
