{"max": [0.0, 0.725919, 0.00643319], "centroid": [-1.2191999999999958, 0.4511090835218292, -0.2607866446271866], "id": "3a1915451880215e9bfbe8b02639d1e9", "numVertices": 446, "min": [-2.4384, -3.81842e-07, -0.581124]}
