{"max": [0.0, 0.833264, 0.69013], "centroid": [-0.9819977157258113, 0.4441227267874411, 0.2617407893105803], "id": "273c618c2d24a562ad5067eac75a07f7", "numVertices": 2930, "min": [-1.96399, 0.0, 0.0]}
