{"max": [-1.05032, 0.427246, 2.1933], "centroid": [-2.2735637054597486, 0.39454646149424055, 1.9139741364942253], "id": "319c099e8df5fcae2056b4bd5d870b47", "numVertices": 6960, "min": [-3.46332, 0.0, 1.61915]}
