{"max": [0.0, 1.968, 0.562], "centroid": [-0.8849999999999996, 0.5456450347003136, 0.14974681813249205], "id": "40209ed0c2a718bd82ef94da039e491f", "numVertices": 634, "min": [-1.77, 0.0, -0.006]}
