{"max": [0.0, 1.5635, 0.5], "centroid": [-0.40040946288103557, 1.0023847492597038, 0.017987157826162524], "id": "a0dfc5cd7e2331e6166ddaef2c2c61ae", "numVertices": 11482, "min": [-0.8, 0.0, -0.009906]}
