{"max": [0.04, 0.829674, 0.04], "centroid": [-0.6336943700310063, 0.41473330691128935, -0.33674414889980053], "id": "fe5711dd4a51b102ed98cca8f0ccd5f7", "numVertices": 5810, "min": [-1.30832, -0.003, -0.634005]}
