{"max": [0.0, 0.789572, 0.456335], "centroid": [-0.9858140909132737, 0.5657718644006349, 0.27732722539316423], "id": "371e22e18f8e2fccad5067eac75a07f7", "numVertices": 8267, "min": [-1.9649, 0.0, 1.19209e-07]}
