{"max": [1.19209e-07, 0.762, 0.0], "centroid": [-0.8688058088775588, 0.16344925398230076, -0.2806673628318577], "id": "39d9512e482ef253c59350d819542ec7", "numVertices": 452, "min": [-1.2192, 0.0, -0.353219]}
