{"max": [0.0, 0.6094, 0.759351], "centroid": [-0.9822453730486695, 0.4984463096737571, 0.3794683242088113], "id": "f5d5f659c9cda6d0ad5067eac75a07f7", "numVertices": 8735, "min": [-1.96446, 0.0, 0.0]}
