{"max": [1.3561, 2.77971, 1.59535], "centroid": [1.156499401224761, 1.8343394618961133, 0.5513967052756468], "id": "1e95c521f70972a2f5758e5628273c4e", "numVertices": 52908, "min": [0.898897, 0.701278, -0.792251]}
