{"max": [-1.0585, 0.884847, 2.70763], "centroid": [-2.27877843089921, 0.5004901914195524, 2.4609119794809833], "id": "fbed7adcac3217912056b4bd5d870b47", "numVertices": 1657, "min": [-3.56146, -2.54e-08, 1.9831]}
