{"max": [0.0, 1.495, 0.395], "centroid": [-0.7415267594123073, 0.805754078971533, 0.12495266561065169], "id": "9705e66769fe130add7092ed47061a36", "numVertices": 1089, "min": [-1.49, 0.0, 0.0]}
