{"max": [0.0191262, 0.0093218, 0.0038862], "centroid": [-1.0169068652277834e-18, 0.007566572413793104, -4.710671508040468e-19], "id": "28b9f2908f0cbb179c21c139c0613648", "numVertices": 232, "min": [-0.0191262, -5.08e-05, -0.0038862]}
