{"max": [0.0, 0.8763, 0.0], "centroid": [-0.13820044577350155, 0.5912103390081408, -0.607851603267876], "id": "83a9e08664eeec09c59350d819542ec7", "numVertices": 1351, "min": [-0.2286, 0.0, -0.658813]}
