{"max": [0.0958857, 0.806061, 0.724684], "centroid": [-0.7902666093033651, 0.3380876480898885, 0.3387990084719107], "id": "961d59d3ba6c7e1bf174129a51bed83", "numVertices": 890, "min": [-1.56909, 0.0, -0.103807]}
