{"max": [0.0, 0.821132, 0.568957], "centroid": [-0.6759311986183077, 0.23395072776511236, 0.27632485003454177], "id": "ab13fb5a4eb5897eaa9fc9f9a28d2718", "numVertices": 579, "min": [-1.35, 0.0, 0.0]}
