{"max": [-4.54934, 0.897524, -1.31835], "centroid": [-7.031353344051448, -0.46878574598070705, -2.454340900321539], "id": "394563d19e157c126f2e3fcce6bbeeb5", "numVertices": 311, "min": [-9.37534, -1.524, -3.92727]}
