{"max": [0.00635, 0.643276, -0.152131], "centroid": [-1.1691752605686816, 0.4691545676683146, -0.4377412224357434], "id": "36ac567cae9ab205d4cf0f8e55d6cb79", "numVertices": 4163, "min": [-2.34475, 0.0, -0.723518]}
