{"max": [0.0791, 1.02175, 0.00164357], "centroid": [-0.969745754353065, 0.48178929711981516, -0.8015081692373274], "id": "a4491b4a67356be5184c1614f4105c8b", "numVertices": 868, "min": [-2.1097, -0.00252455, -1.81901]}
