{"max": [-0.214194, 2.25, 1.46846], "centroid": [-2.3230210351955374, 1.3548717620111679, 0.9174534268156429], "id": "49485d1e98629d0c1c76f329bc4666d1", "numVertices": 3580, "min": [-3.16416, 0.0, 0.534866]}
