{"max": [-0.168426, 1.2, -0.194006], "centroid": [-0.34174010256410225, 0.8222243589743581, -0.5518463589743586], "id": "962de4481f2844aeba3e7e48acd3a1c6", "numVertices": 312, "min": [-0.518426, 0.0, -0.587506]}
