{"max": [0.0, 0.8763, 0.0], "centroid": [-0.47827487244897926, 0.5212831632653095, -0.46376748979591775], "id": "b7be75d3cb83457a44221bef0fa3c36b", "numVertices": 784, "min": [-0.9144, 0.0, -0.62865]}
