{"max": [0.0, 0.85, 0.630531], "centroid": [-2.092571813285473, 0.49980142190305277, 0.498027249551167], "id": "9bf1e702777f4f5292694c864c93195e", "numVertices": 557, "min": [-2.2825, 0.0, -0.05]}
