{"max": [0.952875, 0.993812, -2.38419e-07], "centroid": [0.024703216934417908, 0.3338122339867351, -0.3650448532535287], "id": "a11caea04fcac4f5643a8f56e2ede6dc", "numVertices": 2714, "min": [-0.899999, 0.0, -0.743211]}
