{"max": [0.1143, 0.82902, 0.17626], "centroid": [-0.5542567776119406, 0.40543976660816533, -0.08498933731343288], "id": "f3e13747a652b96bf5fb97c1f9661c61", "numVertices": 134, "min": [-1.22396, -2.42144e-08, -0.428098]}
