{"max": [1.85837, 0.885111, 0.684939], "centroid": [0.9169391347194616, 0.539859814405094, 0.4329714818782307], "id": "448010b6066f3da3b069944d084e877", "numVertices": 2513, "min": [-0.01905, -0.00011618, -0.00384526]}
