{"max": [-1.50234, 0.91, 0.602815], "centroid": [-1.9573880794473233, 0.5593504352746108, 0.04237967006286543], "id": "8488c41b4c17d0a81a8dfe268f567c25", "numVertices": 2895, "min": [-3.27294, 0.0, -0.000400331]}
