{"max": [10.541, 54.102, 0.0], "centroid": [2.751813188285397, 16.70385424654758, -11.060876166287143], "id": "4b67001c30b3a68be4e346ee2650d150", "numVertices": 9629, "min": [-10.541, 0.0, -17.5006]}
