{"max": [0.299577, 0.886198, -0.0278395], "centroid": [-0.7393553118069296, 0.5269351422822434, -0.4685680156192573], "id": "78243d42e55bf254d47bd31d526e1987", "numVertices": 10884, "min": [-1.77715, -0.00836915, -0.900558]}
