{"max": [-0.980821, 0.44, 0.973955], "centroid": [-1.6532926923076907, 0.2899999999999999, 0.750354714285714], "id": "a28d0dbb90413692d42b9650f19dd425", "numVertices": 182, "min": [-2.27082, 0.0, 0.526755]}
