{"max": [-1.62436, 0.623202, 1.6701], "centroid": [-2.8779017800453115, 0.3480890854195005, 1.3285250736961423], "id": "702870d836ea3bf32056b4bd5d870b47", "numVertices": 1764, "min": [-4.07515, 0.00736366, 0.991814]}
