{"max": [-0.002, 2.07, 0.6], "centroid": [-0.541156497474842, 0.915620539798719, 0.294821605912169], "id": "63465f2647384da7cf44224546cb0306", "numVertices": 1093, "min": [-1.192, 0.0, -9e-09]}
