{"max": [4.88475, 1.1176, 2.89769], "centroid": [4.08799682352942, 0.6512783717647059, 2.5932501411764743], "id": "fc7785be580a926a3409d1e6da3f019", "numVertices": 425, "min": [3.36075, 0.0, 2.08489]}
