{"max": [2.17778, 0.650558, 0.477837], "centroid": [0.9381835929378519, 0.4139865169491541, 0.2387034418079096], "id": "86ab9c42f10767d8eddca7e2450ee088", "numVertices": 708, "min": [0.0, 0.0, 0.0]}
