{"max": [0.0, 0.712784, 0.677125], "centroid": [-1.8207808863905333, 0.2850177493491119, 0.4272176575147932], "id": "7262d96c5817ab55ad5067eac75a07f7", "numVertices": 845, "min": [-3.6576, 0.0, 0.0]}
