{"max": [-5.96046e-08, 0.555607, 0.509054], "centroid": [-1.2514702519733092, 0.34936148870558303, 0.248741697415228], "id": "da92767c2e0fe6bad5067eac75a07f7", "numVertices": 1576, "min": [-2.5052, 0.0, 0.0]}
