{"max": [0.0508, 0.6096, 0.4064], "centroid": [-0.3321879143835621, 0.3781147191780824, 0.02444315068493149], "id": "94f4f2342f6335c5875c4d98e634f167", "numVertices": 292, "min": [-0.7112, 0.0, -0.0508]}
