{"max": [1.27755, 2.01612, 0.218624], "centroid": [0.3772126832633266, 0.5488478795062995, -0.18674698933763964], "id": "71bca48ccefa3cd080f94e6470f7d263", "numVertices": 3095, "min": [-0.592528, -0.13335, -0.227493]}
