{"max": [0.037077, 1.09961, -0.718609], "centroid": [-0.4523337456797582, 0.8160076480362524, -0.8561885347432033], "id": "b6e3891b9a761300b77f0c4f1c150c3f", "numVertices": 662, "min": [-1.02407, 0.121748, -1.2875]}
