{"max": [0.0, 0.575734, 0.000573481], "centroid": [-0.9080494534482781, 0.3451842641379325, -0.2822490618782879], "id": "ba8e193569ea391efcd6646576d2dbbc", "numVertices": 1160, "min": [-1.8161, -0.014097, -0.565082]}
