{"max": [2.08836, 3.70686, 1.2933], "centroid": [1.0464256454052123, 1.887328076176551, 0.19750028943559983], "id": "be1978696eddc1e980a88936375f2ef4", "numVertices": 691, "min": [-0.000551677, -0.00132296, -0.0398]}
