{"max": [-1.14933, 0.762, -0.0172673], "centroid": [-1.5659088976377955, 0.15987974645669284, -0.31513157795275587], "id": "bc1298b1c55849b14e82b8d74b98baba", "numVertices": 127, "min": [-1.98753, 0.0, -0.344292]}
