{"max": [3.0, 2.958, -0.101821], "centroid": [1.3487739999999993, 1.7330679272727298, -0.4999119090909096], "id": "494fd6deccdfb5cd5051fbeeb2dff27f", "numVertices": 220, "min": [0.0, 0.38, -0.861821]}
