{"max": [-0.0041245, 2.22385, 0.51], "centroid": [-0.6587849551561008, 1.356981778694419, 0.08920983632923332], "id": "8b0411fcc2d48f9a4b8710a3469971b1", "numVertices": 1057, "min": [-1.31393, 0.00687502, -0.03]}
