{"max": [0.0, 1.455, 0.35], "centroid": [-0.36, 0.465754716981132, -0.004402515723270446], "id": "429536832f2f4e1abfbd6f1ce8dfb216", "numVertices": 318, "min": [-0.72, 0.0, -0.02]}
