{"max": [-0.224031, 1.8, 0.475969], "centroid": [-0.48147691974223766, 1.1314019134997049, 0.3232055940246046], "id": "3d21c18153474a0acf004563556ddb36", "numVertices": 1707, "min": [-0.674031, 0.0, 0.125969]}
