{"max": [0.0, 0.0, 0.0], "centroid": [-0.6678839239631343, -0.3889600879455483, -0.28664561751152], "id": "391d1f98ffc6f8cf4da5feafe6f1c8fc", "numVertices": 434, "min": [-0.8382, -0.5969, -0.353219]}
