{"max": [0.04, 0.799975, 0.04], "centroid": [-0.6337704473685899, 0.4004733852218216, -0.3442581552616414], "id": "916a6ff06a128851ed98cca8f0ccd5f7", "numVertices": 5228, "min": [-1.30832, -0.003, -0.70252]}
