{"max": [-18.919, 2.634, -11.5082], "centroid": [-19.92254996047435, 0.8768933612648018, -12.04702608695662], "id": "2f12c90e2001a0bfd7bd133fd14c164d", "numVertices": 2530, "min": [-20.869, 0.0, -12.1347]}
