{"max": [-1.97647, 0.775, 1.45057], "centroid": [-2.6959942718446634, 0.32699516504854337, 1.146569999999999], "id": "3d21c803cfa3bf504c96d44e0e286fe7", "numVertices": 206, "min": [-3.40147, -0.004, 1.03557]}
