{"max": [0.9144, 0.0, 0.0], "centroid": [0.4739500918013375, -0.487690277602523, -0.24879391798107245], "id": "40df2ce55ea8f002c59350d819542ec7", "numVertices": 317, "min": [0.0, -0.762, -0.336853]}
