{"max": [0.0, 2.9741, 0.5604], "centroid": [-1.7222214359430577, 1.1735317544483985, 0.17041891992882588], "id": "9178722c21d03d3ca12fd542784d2033", "numVertices": 562, "min": [-3.6, -0.0315, 0.0]}
