{"max": [-2.70155, 1.07449, 4.36695], "centroid": [-3.331360277777772, 0.3151365138888885, 4.072858750000007], "id": "be7408f8b03d491145004a22a9d35958", "numVertices": 288, "min": [-3.97366, 0.0, 3.71804]}
