{"max": [4.0919, 0.4572, 3.43118], "centroid": [3.1393913636363635, 0.22629090909090907, 3.2406799999999993], "id": "f0daa96d0eb986adcf729faf809733b6", "numVertices": 44, "min": [2.18689, 0.0, 3.05018]}
