{"max": [-1.31509, 1.7018, 1.856], "centroid": [-2.48012153526971, 0.891589626556017, 1.5914885311203306], "id": "83e19abeae8b157d3eb520ff7cd241f0", "numVertices": 241, "min": [-3.47459, 0.0, 0.94795]}
