{"max": [0.0, 0.8763, 0.0], "centroid": [-0.501747191208792, 0.6155042373626377, -0.5087331956371457], "id": "190cb7264781df604da5feafe6f1c8fc", "numVertices": 455, "min": [-0.9906, 0.0, -0.669925]}
