{"max": [0.0, 2.0, 0.6], "centroid": [-1.3641239193083563, 1.0141209221901992, -0.0016080691642650412], "id": "11f59587596e3bf1a9958063063ce065", "numVertices": 347, "min": [-2.77, 0.0, -0.023]}
