{"max": [-0.00890588, 0.872165, -0.0799044], "centroid": [-0.6834972304047285, 0.2984611861982719, -0.5162930914961347], "id": "e25c7c2469135e3fdd3adf3090c701f7", "numVertices": 4398, "min": [-1.37261, 0.0, -0.992986]}
