{"max": [0.0, 2.02, 0.28], "centroid": [-0.3984109481194029, 1.0547234925373097, -0.026728403149253545], "id": "8589e65944de365351c41225db8e334", "numVertices": 1340, "min": [-0.8, 0.0, -0.0489038]}
