{"max": [3.72529e-08, 2.34696, 0.365125], "centroid": [-0.4813062235832948, 1.2948849466666639, 0.05565296533333349], "id": "c54828598efd80d78542f96306060db4", "numVertices": 300, "min": [-1.01194, 0.0, 0.0]}
