{"max": [5.0, 0.45, 0.4], "centroid": [2.5000006347826087, 0.1578260869565217, 0.19999999956521747], "id": "7c40c1a2e4476afbaca9cc236210e91", "numVertices": 46, "min": [0.0, 0.0, 0.0]}
