{"max": [0.650044, 0.751735, 0.290103], "centroid": [-0.0007470193089428128, 0.4719408648373977, -0.047664509146341606], "id": "ade8119d5a30ba4bf1547b1668422ce3", "numVertices": 984, "min": [-0.650044, -0.003418, -0.455266]}
