{"max": [0.0, 1.05941, 0.0], "centroid": [-0.6129461077844308, 0.48698885269461073, -0.5090733293413174], "id": "d6075b23895c7d0880e85c92fa2351f7", "numVertices": 167, "min": [-1.2192, 0.0, -0.9144]}
