{"max": [-0.865433, 0.609999, 2.14599], "centroid": [-1.7054304857142901, 0.17676172679992339, 1.82694290476191], "id": "d30f01d6e50f128d2822b5101b06e070", "numVertices": 420, "min": [-2.54543, 2.01166e-07, 1.56599]}
