{"max": [-2.56584, 3.20228, 0.485775], "centroid": [-3.1717596300448334, 2.405590784753363, 0.008001656261210771], "id": "2993b6f0fa043f2744b0bdbb4386e313", "numVertices": 892, "min": [-3.82155, 1.74813, -0.0455995]}
