{"max": [0.0, 0.649288, 0.0], "centroid": [-0.8837071816838997, 0.4073230487444643, -0.23880633973412113], "id": "9cd6dc2b9d11016c49b3ccbe36f67015", "numVertices": 677, "min": [-1.7653, 0.0, -0.477838]}
