{"max": [0.0, 0.8001, 0.508], "centroid": [-0.8719838146825849, 0.4450411825842709, 0.026140482025280857], "id": "adece72df027acd6658fc1ad354006c7", "numVertices": 712, "min": [-1.7145, 0.0, 0.0]}
