{"max": [-3.00206, 3.58, 1.23739], "centroid": [-4.6517946066013645, 1.879392664939545, 0.7761907336403852], "id": "8b23fc57517a57d0523cc82298d77b36", "numVertices": 10422, "min": [-6.34806, 0.135, 0.595275]}
