{"max": [0.0, 0.8763, 0.0], "centroid": [-0.6306501661740007, 0.7125117836915702, -0.3036833035904898], "id": "5b112266c93a711b824662341ce2b233", "numVertices": 2931, "min": [-1.27, 0.0, -0.461391]}
