{"max": [0.226348, 0.406381, -0.09514], "centroid": [-0.94205097, 0.16000491999999994, -0.37454000000000004], "id": "5a52ec36c75fd3d87f502c4e1de97042", "numVertices": 40, "min": [-2.11045, 0.0, -0.65394]}
