{"max": [0.0, 1.9, 0.42], "centroid": [-0.6438766545595048, 0.30425409038021656, 0.20928964451313822], "id": "265521e0fc7a663259f8e31ca87c470e", "numVertices": 647, "min": [-1.24, 0.0, 0.0]}
