{"max": [0.0254, 0.966856, 0.13232], "centroid": [-0.9139406761006281, 0.3089431572327039, -0.3672078242138363], "id": "d9c927569da63ff92ebeb1e6a8111f53", "numVertices": 318, "min": [-1.8542, 0.0, -0.762]}
