{"max": [-1.67111, 0.6858, 0.570959], "centroid": [-2.0140263596185095, 0.4355732609909281, 0.12599231286345697], "id": "1ceaae0aaeeeaa1e5a8eba5f6050bab", "numVertices": 4299, "min": [-2.35691, 0.0, 0.113759]}
