{"max": [0.00399999, 1.319, 0.0], "centroid": [-0.008720261670567851, 1.1495602301221164, -0.2287953101763908], "id": "13d5f9d6a7464e39f0f01f1432a517c3", "numVertices": 737, "min": [-0.622, 0.0, -0.471]}
