{"max": [0.0, 1.9, 0.4], "centroid": [-0.4494604296537918, 0.5591201396852639, 0.1979198855507877], "id": "7822a30ec2e5c57f59f8e31ca87c470e", "numVertices": 699, "min": [-0.86, 0.0, 0.0]}
