{"max": [0.00990165, 0.976628, 0.00990164], "centroid": [-0.9234447893060771, 0.5995405762246392, -0.17094911956776174], "id": "7a500a01f5ade316ed98cca8f0ccd5f7", "numVertices": 7789, "min": [-1.8499, -0.003, -0.478834]}
