{"max": [0.0, 0.45046, 0.430397], "centroid": [-0.8999848995918361, 0.31882945054001954, 0.21431999244866123], "id": "7a0d913c66278596ad5067eac75a07f7", "numVertices": 245, "min": [-1.8321, -4.19095e-09, -5.36442e-07]}
