{"max": [2.0, 0.900559, 0.170049], "centroid": [0.9549999999637644, 0.6327117704280165, -0.09958476941176693], "id": "fc3865756db954685896bab37ddebe7", "numVertices": 2056, "min": [-0.09, 0.0, -0.385]}
