{"max": [0.0, 0.449676, 0.0], "centroid": [-0.7414169097021286, 0.42498568170212814, -0.19695115506382996], "id": "95eed587c3728d22601104cd2d998272", "numVertices": 1175, "min": [-1.485, 0.0, -0.400003]}
