{"max": [-1.38915, 0.970352, 2.65471], "centroid": [-2.305626249999896, 0.47954720156735536, 2.333769268531736], "id": "d94b57d9a5d0b3732056b4bd5d870b47", "numVertices": 11224, "min": [-3.22493, -0.0015875, 1.95214]}
