{"max": [0.0, 1.00488, 0.0], "centroid": [-1.0016805111821117, 0.5657133610223641, -0.4183866781150158], "id": "783b224ec9a89638736ecce7d21f395e", "numVertices": 2504, "min": [-2.004, 0.0, -0.690129]}
