{"max": [0.025, 0.91, 0.0], "centroid": [-0.826695052532246, 0.5971701233092177, -0.574585972003774], "id": "3105e7ff7fbf3e423e72cffee9fc75b0", "numVertices": 3179, "min": [-1.665, 0.0, -0.608746]}
