{"max": [0.000146355, 0.88511, 0.0398116], "centroid": [-0.3288502613846155, 0.5406757208791201, -0.22346360925318226], "id": "b4584ca6fe22a0be599937922ec198cc", "numVertices": 910, "min": [-0.65532, 0.0, -0.626698]}
