{"max": [0.0254, 0.1524, 0.6096], "centroid": [-0.1872793846612747, 0.07466934733313549, 0.06703878950683821], "id": "1834778d026108e0ce5d6e9371bb5c33", "numVertices": 251, "min": [-0.4064, -1.36939e-06, -0.047625]}
