{"max": [0.0, 1.73969, 0.6096], "centroid": [-0.5496579221321448, 1.1021549703283313, -0.03239203988650186], "id": "7b927d55b634c4aa178e7d331e641179", "numVertices": 2467, "min": [-0.906145, 0.0, -0.0772836]}
