{"max": [0.0, 0.470319, 0.745], "centroid": [-0.6126988182203384, 0.03768137062711874, 0.3724999093220345], "id": "49eda923afb7fd21456cbf78e1e89022", "numVertices": 1888, "min": [-1.2254, 0.0, 0.0]}
