{"max": [0.00373461, 0.796607, -0.00233984], "centroid": [-1.0260426292727378, 0.4748901958393307, -0.3167586200146889], "id": "84efcf2796fad0d2917fe9209d09e56e", "numVertices": 8848, "min": [-2.10311, -0.00970905, -0.649273]}
