{"max": [2.43267, 0.712186, 0.00194518], "centroid": [1.207116914168383, 0.4075881420821348, -0.32165363531006164], "id": "4cb196a794bb7876f4d63bd79294e117", "numVertices": 1948, "min": [-0.0184339, 0.0, -0.645746]}
