{"max": [0.176211, 0.553779, 0.318353], "centroid": [-1.3758890990130699, 0.3784014456149874, -0.29471224645483957], "id": "516f47d7763d1db5ad55477d55e7af82", "numVertices": 13711, "min": [-2.91604, -0.0102441, -0.735272]}
