{"max": [1.738, 0.772628, 0.767706], "centroid": [0.8381786851173638, 0.3727597332986992, 0.2860744589364519], "id": "578b801e35fd2defd4d8765e3910f617", "numVertices": 11550, "min": [-0.0628464, 0.0, -0.101608]}
