{"max": [0.0204042, 0.0249707, -0.00439905], "centroid": [-0.0051746431506849416, 0.015240880106544896, -0.013568041438356175], "id": "110d24908bd4f49b93d3c9c269b9b9e3", "numVertices": 2628, "min": [-0.0306824, 0.00273786, -0.025907]}
