{"max": [0.0047575, 0.877416, -5.96046e-08], "centroid": [-1.2192181568231657, 0.5411644138287238, -0.33605122869009774], "id": "6a11450577768f2747d4c7899ba36cd", "numVertices": 11035, "min": [-2.44146, 0.0132086, -0.688659]}
