{"max": [0.0, 0.8763, 8.9407e-08], "centroid": [-0.4697413729016785, 0.5712392997601928, -0.3966594972230622], "id": "12b0773858754105c59350d819542ec7", "numVertices": 417, "min": [-0.9144, 0.0, -0.517525]}
