{"max": [30950.4, 14718.2, 11726.4], "centroid": [5974.782849829339, 3963.4307406143357, 5627.463517064862], "id": "9ddf92e8ab113b77a98ec10fab84d714", "numVertices": 1172, "min": [-19006.8, -9794.92, -10769.9]}
