{"max": [0.00877739, 0.791885, 0.0207034], "centroid": [-0.9976415773364106, 0.4256805539941311, -0.2971872800730295], "id": "7ef967a69c03c63dd3a0736b56eaf4aa", "numVertices": 4429, "min": [-2.01024, 0.0, -0.630513]}
