{"max": [0.0, 0.8763, 0.0], "centroid": [-0.28784650074962365, 0.5452146176911571, -0.4352741844077961], "id": "5aee956ff28e337a44221bef0fa3c36b", "numVertices": 667, "min": [-0.5334, 0.0, -0.62865]}
