{"max": [0.0, 1.14193, 0.4856], "centroid": [-0.40072354176755437, 0.5380842845883766, 0.19883725912832756], "id": "b29f2d0d278e938914038d588fd1342f", "numVertices": 826, "min": [-0.8045, 0.0, 0.0]}
