{"max": [0.0, 0.819904, 0.515308], "centroid": [-0.8549719219750492, 0.5088944302289643, 0.3019885218236765], "id": "af5bec1a8ce2348663b2acb037dfbcde", "numVertices": 12273, "min": [-1.71195, 0.0, 0.0]}
