{"max": [-3.58803, 2.4384, 1.44961], "centroid": [-5.217141038674966, 1.0993659316695061, 0.803013719548463], "id": "d4c4d991f9fdf0b654affd783a718eb", "numVertices": 21797, "min": [-6.83923, 0.0, 0.738409]}
