{"max": [1.2322, 0.460058, 0.0384709], "centroid": [0.5190095368262712, 0.3140274536779661, -0.17035640808050856], "id": "b859f6e61529db7b195c5c738f050b29", "numVertices": 472, "min": [-0.194907, 0.0, -0.378389]}
