{"max": [1.08903, 1.8034, 0.0594949], "centroid": [-0.1617046508484356, 0.6530195642220288, -0.34283183272936346], "id": "d33e54d1880f70c310cd758d9b7cf", "numVertices": 3477, "min": [-1.16086, 0.0, -0.360772]}
