{"max": [-2.01391, 0.967975, 2.52974], "centroid": [-2.9348188312664063, 0.5975118631191272, 2.3723620744081186], "id": "e6063d88a2b192ab56f6fc4b4ce1db04", "numVertices": 2661, "min": [-3.84381, 0.0, 1.88938]}
