{"max": [0.0, 0.865719, -0.150778], "centroid": [-0.7620835055929767, 0.3804657542699058, -0.45089510909310565], "id": "7792b15f8c598763d2b12aa6a0f050b3", "numVertices": 8314, "min": [-1.52717, 0.0, -0.770962]}
