{"max": [0.0729993, 1.3462, 0.978265], "centroid": [-0.9105925346855368, 0.49140001761006336, 0.2632415522012582], "id": "716b2e87f41b14cf48d22c298c611495", "numVertices": 636, "min": [-1.91135, 0.04445, -0.0682625]}
