{"max": [0.0, 0.839922, 0.00110904], "centroid": [-0.5930713699651996, 0.4458258062108425, -0.3023607806544009], "id": "49908190a4206224f28732697aa0af57", "numVertices": 4022, "min": [-1.1811, 0.0, -0.599267]}
