{"max": [0.0260746, 0.878814, 0.0962976], "centroid": [-0.6016972421387148, 0.5618462922004541, -0.2834554472509692], "id": "8d28e56cf5d2bfc8c3deaacdfa0e1e8e", "numVertices": 7483, "min": [-1.27818, 0.000486689, -0.688605]}
