{"max": [0.928688, 1.74939, 0.4191], "centroid": [0.46329687886589443, 0.34126660618170024, 0.1946665146389362], "id": "aac3c6db20d3248579cea75b38cb7ce", "numVertices": 21783, "min": [-1.04774e-09, 0.0, 0.0]}
