{"max": [0.00877739, 0.791885, 0.0207034], "centroid": [-1.301187840145742, 0.43690269945369314, -0.2987646241509722], "id": "8ec231441abe44a05e276f6574cfbdbd", "numVertices": 4686, "min": [-2.61984, 0.0, -0.630513]}
