{"max": [0.00952506, 0.812205, -0.0961477], "centroid": [-0.9429665366611741, 0.45019158564838413, -0.43921819538678397], "id": "210ca657d9a1b85cb2a965e75be701c", "numVertices": 7110, "min": [-1.89547, 0.0, -0.789594]}
