{"max": [0.0191489, 0.942843, 0.0241246], "centroid": [-0.7886773357116277, 0.6071833976744175, -0.16158747371395304], "id": "447ad1f23f96171f8d9b3c3ef984857e", "numVertices": 430, "min": [-1.58, 0.0, -0.51]}
