{"max": [0.0, 0.840861, 1.11759e-08], "centroid": [-0.9282729707187487, 0.4500419075000024, -0.3209011260220602], "id": "d5ef0f9bb990ffb3b2725423c902ba5d", "numVertices": 800, "min": [-2.17778, 0.0, -0.601107]}
