{"max": [0.0, 0.804797, -0.0827537], "centroid": [-0.9429752620130686, 0.4134208355593059, -0.4374155762057936], "id": "632fbec93961015ccb2a965e75be701c", "numVertices": 11818, "min": [-1.88595, 0.0, -0.782085]}
