{"max": [-0.828987, 1.46967, 2.0512], "centroid": [-1.626492481572522, 0.9809443685503693, 1.7370942588042626], "id": "5be09ade953eaf6ca6910e4922d61aa", "numVertices": 1221, "min": [-2.42899, 0.403813, 1.35848]}
