{"max": [0.299006, 0.886198, -0.0265837], "centroid": [-0.7402491563547442, 0.5494456252425197, -0.46630611759419827], "id": "9a7847726c939d86c267d7dba6c1d40c", "numVertices": 9793, "min": [-1.77771, 0.0, -0.900183]}
