{"max": [-1.8479, 1.40611, 0.3302], "centroid": [-2.7419037037037035, 0.7793386527777767, 0.09354490740740735], "id": "8e2f81ceda8e42ee4b4e980f23aaee7", "numVertices": 216, "min": [-3.63245, 0.467715, -0.03175]}
