{"max": [0.00877739, 0.791885, 0.0207034], "centroid": [-1.3006968928693257, 0.4157827495590339, -0.2880980536722277], "id": "2d238b5250ab9eb3c55f85313e3bbc89", "numVertices": 4218, "min": [-2.61984, 0.0, -0.630513]}
