{"max": [0.0, 0.85, 0.55], "centroid": [-0.5255588542418819, 0.506751543772563, 0.2670907481949472], "id": "2e38fe7e4cd74bec76e9713f57a5fcb6", "numVertices": 2216, "min": [-1.195, 0.0, -0.02]}
