{"max": [0.00635, 0.643276, -0.152131], "centroid": [-1.4651542027565043, 0.4698191553339319, -0.43777290086789256], "id": "213ddf647e36ce28c933c4a3701f5695", "numVertices": 5185, "min": [-2.93445, 0.0, -0.723518]}
