{"max": [1.01597, -0.450401, -2.44805], "centroid": [-0.19777263541666612, -0.5823235572916666, -2.6768797916666673], "id": "6d6143cd573920ba7251f1ec40392b93", "numVertices": 192, "min": [-1.41398, -0.737299, -2.90525]}
