{"max": [0.01905, 2.286, 0.0], "centroid": [-0.3175307854082997, 1.5505127804551384, -0.5238139697456471], "id": "ca89804bd77f770c4c62bee40dcdc539", "numVertices": 747, "min": [-0.66675, 0.0, -0.62865]}
