{"max": [1.03141, 1.82883, 0.262162], "centroid": [-0.14800786139465938, 0.7092559513047447, 0.10434947804154361], "id": "28b381915e04c62934b6da227fd64942", "numVertices": 1348, "min": [-1.00965, 2.54762e-05, -0.133077]}
