{"max": [8.85825, 22.6566, -3.27573], "centroid": [4.444367026595743, 15.020771329787234, -11.881267340425538], "id": "ba5e1671d26af2763c6c38b12db4d8f3", "numVertices": 376, "min": [0.0, 7.56261, -12.7626]}
