{"max": [0.0, 2.03, 0.5], "centroid": [-1.0002528937007868, 0.4268503937007875, 0.0227559055118111], "id": "70d390b1e9b3053a22ca415af010d9a2", "numVertices": 254, "min": [-2.00051, 0.0, -0.03]}
