{"max": [0.0255354, 0.966093, 0.0], "centroid": [-0.7618993671044291, 0.5258796817594872, -0.38727695708226945], "id": "8094a6efa5efa16776d812857a5be1ce", "numVertices": 15800, "min": [-1.54954, 0.0, -0.632905]}
