{"max": [1.53812, 0.9525, 0.000649122], "centroid": [0.7568711218429036, 0.4630627538543243, -0.9900359019448488], "id": "f60378083ea9b7fa5e14e00a99d44acb", "numVertices": 7688, "min": [-0.0239805, 0.0, -1.98055]}
