{"max": [0.15191, 0.763833, 0.41275], "centroid": [-0.5333847822423174, 0.49125466180741967, 0.18531800622088426], "id": "15b3111c1611c2e5738e43095496b061", "numVertices": 42846, "min": [-1.2197, 0.0, 0.0]}
