{"max": [0.84, 0.68, 0.0], "centroid": [0.42, 0.299655172413793, -0.17482758620689656], "id": "9b15c79ea9ddff8d5065e2a2857d7fb3", "numVertices": 58, "min": [0.0, 0.0, -0.39]}
