{"max": [-0.78816, 0.035, 0.987471], "centroid": [-2.9757241387696647, -0.036780276108726646, -0.13766946901287522], "id": "843cbbdda45de37970709281289b3745", "numVertices": 699, "min": [-4.10257, -0.436, -2.30061]}
