{"max": [1.82823, 0.4064, 0.0], "centroid": [0.9141142440716877, 0.404100242522227, -0.22878990204796398], "id": "4526eecda7ff1136ad5067eac75a07f7", "numVertices": 7422, "min": [0.0, 0.0, -0.457465]}
