{"max": [2.19, 0.429999, 0.0], "centroid": [1.0950002128571452, 0.25833271380952294, -0.17428629739285711], "id": "6df5b51b250a823b147d36b9f2f13116", "numVertices": 336, "min": [0.0, 0.0, -0.460003]}
