{"max": [0.0, 0.6096, 0.355472], "centroid": [-0.6933050442105256, 0.2647035336842104, 0.16894363684210523], "id": "c65b640e9a3838f91d76d38b3dec9476", "numVertices": 190, "min": [-1.37163, 0.0, 0.0]}
