{"max": [4.3456, 0.7427, 0.6456], "centroid": [2.1488261307816097, 0.5688539310344828, 0.3250690344827589], "id": "ba5e47b9a08c33d1ad1f278e1513f3b7", "numVertices": 87, "min": [0.0, 0.0, 0.0]}
