{"max": [-0.00146779, 0.966787, 0.000123445], "centroid": [-0.7720730607048033, 0.6923871682086672, -0.1876160534926626], "id": "25ed0233d292deb413cf34dbb0dd8875", "numVertices": 3462, "min": [-1.52547, -9.906e-06, -0.4572]}
