{"max": [3.4167, 0.7874, 3.25299], "centroid": [2.2046412613636375, 0.3590790454545453, 2.483821363636363], "id": "278d1992a0aa9116ce8f46fabe978829", "numVertices": 88, "min": [0.724296, 0.0, 1.77979]}
