{"max": [-0.754569, 0.434648, -0.477526], "centroid": [-1.2440723930399205, 0.3186606890481062, -0.9229529539406331], "id": "c104f4e4a21ef8d42c29915205c35b65", "numVertices": 977, "min": [-2.23092, -0.0243429, -1.26364]}
