{"max": [0.0047575, 0.877416, -5.96046e-08], "centroid": [-0.30349648210667585, 0.5453094203461678, -0.3371992330974262], "id": "ca4bb0b150fa55eff3cd1fcb0edd1e8f", "numVertices": 2831, "min": [-0.611141, 0.0, -0.68866]}
