{"max": [0.0, 13.03, 0.0], "centroid": [-4.600577244925575, 2.2065131128552085, -3.2309546008119043], "id": "7a48b295d6c3956fa96fd0f479def5ab", "numVertices": 739, "min": [-9.28104, -1.248, -6.439]}
