{"max": [0.0, 0.4445, 0.4318], "centroid": [-0.9246744116853931, 0.29645224719101154, 0.2158286516853934], "id": "b9535bf9b002a226d4d8765e3910f617", "numVertices": 89, "min": [-1.8288, 0.0, 0.0]}
