{"max": [1.25, 0.431091, 0.342181], "centroid": [-0.0007459557801644585, 0.27951634866253905, 0.050767603613392345], "id": "85db4f1bf9e2b62c492d9da2668ec34c", "numVertices": 1583, "min": [-1.25, -5.842e-07, -0.259603]}
