{"max": [0.8, 1.235, 0.0], "centroid": [0.3999999999999997, 0.6292373225806451, -0.40161290322580606], "id": "1ef44fc1b4cac21af51fa0238791f5dc", "numVertices": 124, "min": [0.0, 0.0, -0.48]}
