{"max": [0.0250677, 0.755047, 5.96046e-08], "centroid": [-0.30480349840470977, 0.3530367692107328, -0.30596130681746264], "id": "3a91034ceb33784b562fc21c99684e03", "numVertices": 822, "min": [-0.634653, -0.0020053, -0.680431]}
