{"max": [0.0, 0.838449, -0.0145531], "centroid": [-0.9139304276717569, 0.42212486603053395, -0.24175544055343579], "id": "ae9c8421189f6590809b609a351bc774", "numVertices": 1048, "min": [-1.81609, 0.0, -0.621635]}
