{"max": [0.0753293, 0.761052, 0.0349995], "centroid": [-0.8433407846532839, 0.5871368292883508, -0.17552948581939315], "id": "2f2fb3e4f0d9c4fe9f8ae7ed6368949c", "numVertices": 7054, "min": [-1.77612, 0.0, -0.579023]}
