{"max": [-1.38825, 0.852031, 2.62018], "centroid": [-2.29952222130812, 0.4371460245166579, 2.28274428630194], "id": "e285e553a6879a5e2056b4bd5d870b47", "numVertices": 2431, "min": [-3.22975, 0.0, 1.9232]}
