{"max": [1.87576, 0.650319, 0.563602], "centroid": [0.9645355826478169, 0.355827045244215, 0.30006543303341804], "id": "cc5d0040931906ae81faebbdea6bd9be", "numVertices": 1556, "min": [0.0533111, 0.0, 0.0365522]}
