{"max": [0.0, 0.8763, 0.0], "centroid": [-0.23705961914760076, 0.519550344100493, -0.5913604948474245], "id": "433082675f5505c3c59350d819542ec7", "numVertices": 2229, "min": [-0.4572, 0.0, -0.657595]}
