{"max": [1.3, 0.43, 3.72529e-09], "centroid": [0.6500001680646578, 0.31667082626667237, -0.17986213127452622], "id": "5856737e6fc90bbac1a25f36f85c3fd6", "numVertices": 4860, "min": [-3.72529e-09, 0.0, -0.36]}
