{"max": [0.042103, 0.799652, 0.0654613], "centroid": [-0.9110541754301669, 0.48282250229832957, -0.24703430325808853], "id": "8fe23a363bf80c48f155d75bbf62b80", "numVertices": 4438, "min": [-1.87563, 0.0, -0.577938]}
