{"max": [0.006477, 0.570839, -0.400251], "centroid": [-0.9277878303994688, 0.34093064103354065, -0.6636877119254657], "id": "8ed3f1b59a74ac71f155d75bbf62b80", "numVertices": 8050, "min": [-1.86068, 0.0, -0.931322]}
