{"max": [0.03, 1.45, 0.44], "centroid": [-0.2552777726384354, 0.752822663659073, 0.008056795677307165], "id": "21185c06b8eafd1229426a0f57e4d15e", "numVertices": 3684, "min": [-0.96, 0.0, -0.03]}
