{"max": [-1.06913, 0.880668, 2.70271], "centroid": [-2.27799884438739, 0.4427247515370169, 2.380026068344682], "id": "5a0f0d22870fc83b2056b4bd5d870b47", "numVertices": 5443, "min": [-3.51432, 0.0, 2.02681]}
