{"max": [0.323327, 0.615, 0.146255], "centroid": [-0.7416463226395942, 0.2947696954314721, -0.039550424822335076], "id": "38c4c2ddbdb502e162701a18243b45d3", "numVertices": 394, "min": [-1.82167, -0.055, -0.353745]}
