{"max": [-0.638046, 0.9, 0.921531], "centroid": [-1.1560668046558737, 0.5653750020242986, 0.506095190283402], "id": "2de782c81c89f704c2b64c0adffbe398", "numVertices": 1976, "min": [-1.86805, 0.01, 0.381531]}
