{"max": [3.54, 2.69, 0.745516], "centroid": [0.9129437089728459, 1.7781261181422279, 0.6151505074741321], "id": "a6d90c5628a598a1598a453fd9fbd988", "numVertices": 49608, "min": [-1.19209e-07, 0.0, 3.72529e-09]}
