{"max": [0.0, 0.620012, 0.0], "centroid": [-0.40448275862068966, 0.2613809655172413, -0.2655172413793105], "id": "d0421fb0b59291df7eee615e75bc3b77", "numVertices": 58, "min": [-0.9, 0.0, -0.31]}
