{"max": [0.02, 0.484189, 0.0116035], "centroid": [-0.7840343380143132, 0.3568160123935648, -0.23735603708765626], "id": "f123b8da77f6d17e50f9fc0e2c94dd76", "numVertices": 2795, "min": [-1.59404, 0.0, -0.494197]}
