{"max": [0.0, 0.479674, 0.462755], "centroid": [-1.3014285495515845, 0.4463293742125528, 0.22957104646133492], "id": "9e4e83e67a901168febad4f49b26ec52", "numVertices": 12377, "min": [-2.6, 0.0, 0.0]}
