{"max": [2.93445, 0.643276, 0.723518], "centroid": [1.4652682928634635, 0.4536531618591883, 0.4377620181736617], "id": "442283366e5b20c7a136444fdcc3f2b1", "numVertices": 4457, "min": [-0.00635, 0.0, 0.152131]}
