{"max": [0.0, 0.811053, 0.175952], "centroid": [-0.9759639356799991, 0.39389790666666574, -0.12931982447999996], "id": "c96afd58ad067a6871b66f80cfaa9877", "numVertices": 375, "min": [-1.93675, 0.0, -0.420687]}
