{"max": [-18.286, 0.0762, 4.2454], "centroid": [-18.891242512077294, -0.021505782608695678, 3.9918888405797137], "id": "d6924af4f2849c8219fb4103277a6b93", "numVertices": 414, "min": [-19.5052, -0.381, 3.7374]}
