{"max": [1.0, 0.79685, 0.0794659], "centroid": [3.005306432664269e-15, 0.3106988706770663, -0.15822908134495328], "id": "1b80cd42474a990ccd8655d05e2f9e02", "numVertices": 3844, "min": [-1.0, -0.405, -0.5]}
