{"max": [0.0, 0.85, 0.45], "centroid": [-0.44544448571428535, 0.31994215005291066, 0.19212759259259352], "id": "31de44d559904485f51f77a6d7299806", "numVertices": 378, "min": [-0.9, 0.0, -0.02]}
