{"max": [0.0, 0.97, 0.318598], "centroid": [-0.4677552479788364, 0.4006864063492069, 0.053595457142857836], "id": "d3759f1bd6dc9652f51f77a6d7299806", "numVertices": 945, "min": [-0.93, 0.0, 0.0]}
