{"max": [0.0, 0.72, 0.302], "centroid": [-0.17005633898305095, 0.3016959928813558, 0.1245783793220339], "id": "721f7a03a70b1107c0b2397831029b54", "numVertices": 118, "min": [-0.3, 0.0, -0.0499413]}
