{"max": [0.176787, 0.553779, -0.00235043], "centroid": [-0.7870648060389556, 0.3867984270875947, -0.39094321720114816], "id": "de305de253b7040aa4e9452025f4f1c1", "numVertices": 8014, "min": [-1.7386, 0.0, -0.736703]}
