{"max": [-1.91165, 1.0, 1.67762], "centroid": [-2.7391306711409404, 0.5512480805369128, 1.1444899328859037], "id": "62e1a04718635c981c7fe5be55ca5cfd", "numVertices": 149, "min": [-3.56645, 0.0, 1.01512]}
