{"max": [0.0184009, 0.799437, 0.0197308], "centroid": [-0.9547796495293338, 0.5300142208544553, -0.2708773851267201], "id": "7a5ecec36bcb9eb24c080f2371a3ed2", "numVertices": 1381, "min": [-1.94178, 0.0, -0.632311]}
