{"max": [2.64556, 0.460381, -0.876447], "centroid": [1.8521409272531792, 0.40837267290805795, -1.1792541998745742], "id": "1d94afb9894bf975e76bc197b3a3ffc0", "numVertices": 11162, "min": [1.04556, 0.0, -1.47645]}
