{"max": [-4.05075, 0.509587, 7.04078], "centroid": [-4.708730730174142, 0.22135173868471855, 6.822015174081283], "id": "15fd978b59889cdc30bbd4cddd04c77b", "numVertices": 4136, "min": [-5.37253, 0.0, 6.59628]}
