{"max": [1.03, 0.51105, 0.002288], "centroid": [0.3701604361370721, 0.13748613302180698, -0.38416219545171343], "id": "7cccf8e8ebd9454fe42c56c78fb88524", "numVertices": 642, "min": [-0.279, -0.204074, -0.698682]}
