{"max": [0.0507112, 0.87671, 0.59489], "centroid": [-0.9874671817319999, 0.4963134162589132, 0.30573558084692903], "id": "cb4389a968257a7dd2b12aa6a0f050b3", "numVertices": 16963, "min": [-2.00731, -0.00635, -0.122006]}
