{"max": [0.0, 11.8896, 8.88614], "centroid": [-13.799465844615357, 6.215188365384609, 4.6147924874038475], "id": "88f9fa58ee9ce3de1c863a93a9948fe0", "numVertices": 416, "min": [-27.5874, 0.0, 0.0]}
