{"max": [0.0, 2.3009, 0.4509], "centroid": [-1.7678313598611795, 1.2938897866323924, -0.057489915938303264], "id": "b1f23b772bfe59c2f766c600156dc40b", "numVertices": 389, "min": [-3.4053, 0.0, -0.0929]}
