{"max": [0.0, 1.685, 0.0], "centroid": [-0.14999999093749983, 0.8369921832812491, -0.27490234375000017], "id": "3f668a006192f1afffcdb54593f6ab3d", "numVertices": 256, "min": [-0.3, 0.0, -0.305]}
