{"max": [2.38419e-07, 0.762, 0.0], "centroid": [-0.6597109016837428, 0.17999253759720074, -0.31093485225505346], "id": "21eb0039185dd955c59350d819542ec7", "numVertices": 1286, "min": [-1.0668, 0.0, -0.354013]}
