{"max": [-0.0018859, 1.2954, 0.00776066], "centroid": [-2.6507730979768773, 0.8156929132947981, -1.3445018176300596], "id": "59d2e972374292c19dadd90fffe49008", "numVertices": 346, "min": [-5.08028, 0.0, -1.47147]}
