{"max": [78.6636, 58.7096, 239.97], "centroid": [64.80959909090924, 27.46523221818179, 225.29266181818153], "id": "d917ca3f60dce05aaf31a22c7bed177d", "numVertices": 1100, "min": [50.9217, 0.0, 222.13]}
