{"max": [2.98023e-08, 0.975303, 0.694589], "centroid": [-0.9077615791221263, 0.5940665795475846, 0.44836485517045294], "id": "4e4b38efc9345bc3cc543a6b1ba2fd1d", "numVertices": 352, "min": [-1.8161, -3.74021e-08, -0.0953758]}
