{"max": [0.0, 2.41283, 0.661861], "centroid": [-0.6170639045584038, 1.267226455840459, 0.18339988390313247], "id": "b9967857b0419d44e7312e7851dc468c", "numVertices": 1404, "min": [-1.20017, 0.0, 0.0]}
