{"max": [0.0, 0.801877, -2.98023e-08], "centroid": [-1.2206692122016025, 0.37403968803620824, -0.3132251567107013], "id": "80d62612758f74d4e8a5546ad55c2a41", "numVertices": 2262, "min": [-2.4384, -0.175862, -0.640913]}
