{"max": [1.15e-06, 0.717439, 0.0], "centroid": [-0.9038391797896773, 0.4980900318705766, -0.35120575429726947], "id": "2c47d12adb8437ed601104cd2d998272", "numVertices": 989, "min": [-1.785, -0.00330031, -0.699995]}
