{"max": [-28.6452, 0.790008, 27.3164], "centroid": [-30.45567369253204, 0.38083151536099913, 25.925907751560818], "id": "4de8d632bae6b3719e76a83ca837d918", "numVertices": 24666, "min": [-31.4279, -2.14204e-08, 25.5007]}
