{"max": [1.84381, 0.455612, 0.315418], "centroid": [0.9439856551724142, 0.24241313793103433, 0.16411000172413792], "id": "cd052cd64a9f956428baa2ac864e8e40", "numVertices": 116, "min": [0.0, 0.0, 0.0]}
