{"max": [0.0353219, 0.794667, -0.000164795], "centroid": [-0.9004734290500364, 0.4689305949950351, -0.31333742650433277], "id": "b09f17c66d25a38cf155d75bbf62b80", "numVertices": 14086, "min": [-1.83237, 0.003175, -0.682027]}
