{"max": [0.0, 0.789572, 0.456335], "centroid": [-0.9859164787360801, 0.56729441734452, 0.28156685181079016], "id": "b2b856a8e25eb566ad5067eac75a07f7", "numVertices": 7991, "min": [-1.9649, 0.0, 0.00103784]}
