{"max": [0.0, 0.712784, 0.677125], "centroid": [-1.8235677976047988, 0.27159170754490947, 0.3956639001197609], "id": "84aa911799cd87b4ad5067eac75a07f7", "numVertices": 835, "min": [-3.6576, 0.0, 0.0]}
