{"max": [1.35277, 0.6, -2.02605], "centroid": [0.9674950909090902, 0.4068402954545453, -2.2261204090909064], "id": "32fe3c383ab3687c94c13f8f78a6d62", "numVertices": 220, "min": [0.552766, 0.0, -2.42605]}
