{"max": [-5.96046e-08, 0.555607, 0.509054], "centroid": [-0.9364517240545407, 0.34936768604060847, 0.24874724881116708], "id": "10b43623dbc8ab25ad5067eac75a07f7", "numVertices": 1576, "min": [-1.87332, 0.0, 0.0]}
