{"max": [0.0, 0.762, 0.0], "centroid": [-0.5077902807602378, 0.26886593153638927, -0.2577603827493261], "id": "247dfd279585b1b0c59350d819542ec7", "numVertices": 371, "min": [-0.9906, 0.0, -0.336853]}
