{"max": [1.60655, 0.447675, 0.0], "centroid": [0.7887457532751112, 0.22510611353711807, -0.19803704803493372], "id": "8450be279a0ea0b555839db883c17775", "numVertices": 458, "min": [0.0, 0.0, -0.396875]}
