{"max": [0.0, 1.24777, 0.695325], "centroid": [-0.8318500000000001, 0.6127733333333333, 0.3952873333333333], "id": "f56c78ba29d9f73e9bc72297235ac73c", "numVertices": 12, "min": [-1.6637, 0.0, 0.0]}
