{"max": [0.028575, 0.93345, -3.35276e-08], "centroid": [-0.9147917505361933, 0.5192727077747962, -0.22808574548808616], "id": "edf14e0208ac61b570eb586f56eab45", "numVertices": 746, "min": [-1.85737, 0.0, -0.624364]}
