{"max": [0.0, 0.8763, 0.0], "centroid": [-0.3198201322115386, 0.5254268173076925, -0.45135624045625566], "id": "1b212b67e5eb90f4da5feafe6f1c8fc", "numVertices": 208, "min": [-0.5334, 0.0, -0.669925]}
