{"max": [4.90076, 0.9652, 2.33586], "centroid": [2.7591053092659577, 0.5925677189886901, 1.6624869007220149], "id": "974668cad6e15520c955e5ed03ef3a2f", "numVertices": 3324, "min": [0.70976, -2.794e-07, 0.989664]}
