{"max": [1.32421, 0.949859, 0.218258], "centroid": [0.6236239056621787, 0.22414521282051303, -0.2569246461538464], "id": "44d2f4786d18667a86d0ad6addf83b07", "numVertices": 312, "min": [-0.0762001, 0.0, -0.61595]}
