{"max": [-1.09486, 2.3, 0.907013], "centroid": [-1.726316332453809, 1.1450269032541707, 0.46282471797126273], "id": "de30133b2550826647d37c7945792fff", "numVertices": 6822, "min": [-2.35391, 0.0, 0.407013]}
