{"max": [0.0, 2.2, 0.48], "centroid": [-0.5045121545801524, 1.0049267111959312, 0.08226446781170488], "id": "e1ff64e53154ccfaf51f77a6d7299806", "numVertices": 786, "min": [-1.0, 0.0, 0.0]}
