{"max": [0.0, 1.8034, 0.525463], "centroid": [-0.5294509650385606, 0.8732225706940913, 0.07886586349614388], "id": "737fc2d91572a9032ea98d69e91ba870", "numVertices": 778, "min": [-1.06045, 0.0, 0.0]}
