{"max": [2.79527, 0.4064, 0.0], "centroid": [1.3978214860430889, 0.39941933788753997, -0.24183300886232098], "id": "4ec290c73990a82aad5067eac75a07f7", "numVertices": 7612, "min": [0.00133348, 0.0, -0.4826]}
