{"max": [1.7907, 0.762, 0.0381], "centroid": [0.8810624999999999, 0.3927078125000009, -0.3340199218749999], "id": "8b9d37a08dc542f86f4e61e20a3631d1", "numVertices": 256, "min": [-0.0381, 0.0, -0.6985]}
