{"max": [0.0, 2.17, 0.0], "centroid": [-0.1383766233766231, 0.9667532467532473, -0.9100649350649332], "id": "6081348fd96b21c3eca22c501ad0a77a", "numVertices": 308, "min": [-0.33, 0.0, -1.82]}
