{"max": [0.0, 1.98, 0.46], "centroid": [-0.6804024492637216, 0.9503183346720219, 0.08236947791164743], "id": "5c2d14889827e1fc14038d588fd1342f", "numVertices": 747, "min": [-1.4, 0.0, 0.0]}
