{"max": [0.0, 1.983, 0.673905], "centroid": [-0.6739269811881184, 0.823677069306931, -0.29214932673267424], "id": "a64be5342dd3c9f782ef94da039e491f", "numVertices": 505, "min": [-1.34781, 0.0, -0.344278]}
