{"max": [0.0, 0.773409, 0.441905], "centroid": [-0.6537961119324185, 0.06787250541330506, 0.22049331263991578], "id": "a992c3b41cc3027a9e1c34656195f3c2", "numVertices": 947, "min": [-1.3005, 0.0, 0.0]}
