{"max": [0.0257614, 0.0244943, 0.0120321], "centroid": [0.0013966044593769064, 0.011319890367562634, 0.0005394108334147846], "id": "6194e1897f8ebb17b40f0ac0fb9a650d", "numVertices": 3274, "min": [-0.0258896, -1.016e-07, -0.0120314]}
