{"max": [-1.85006, 0.8, 0.383214], "centroid": [-2.267013446643712, 0.4058454771084362, -0.023585704555938038], "id": "243284bf14a193771f6fe06b2fa3ab21", "numVertices": 2324, "min": [-3.09006, 0.0, -0.05617]}
