{"max": [0.265378, 0.868401, 0.0184009], "centroid": [-0.8312912878778593, 0.5845132994980491, -0.20323883563170672], "id": "941c1bc0f10560a2310d80140e59b9e", "numVertices": 3586, "min": [-1.6948, 0.0, -0.600838]}
