{"max": [-0.525589, 0.796037, -0.173949], "centroid": [-1.256221862903224, 0.4536911919354837, -0.6332302741935482], "id": "1258a7bae01e349fa320e34dad7c78bd", "numVertices": 124, "min": [-1.98567, 0.0, -0.688348]}
