{"max": [-0.0682625, 0.435785, -0.128587], "centroid": [-0.9699620316205522, 0.20030647043478228, -0.29685092490118586], "id": "cbf9773bfebd4321cb2a965e75be701c", "numVertices": 506, "min": [-1.87166, 0.0, -0.465137]}
