{"max": [0.0, 0.819904, 0.51532], "centroid": [-1.4613747413467306, 0.43574517189214923, 0.28164569343988366], "id": "5870d0ad92321f8cad5067eac75a07f7", "numVertices": 6564, "min": [-2.93115, 0.0, -3.72529e-09]}
