{"max": [1.91685, 0.04445, 1.36469], "centroid": [0.20469225951710532, -0.029643690325884632, 1.0147500731869268], "id": "26240de6617ea89cc6c4a9ba1f33346c", "numVertices": 10562, "min": [-0.246085, -0.928688, 0.335989]}
