{"max": [2.38419e-07, 0.762, 0.0], "centroid": [-0.577182867922611, 0.2863181465263161, -0.21408472631578965], "id": "123994ddd751ef58c59350d819542ec7", "numVertices": 190, "min": [-1.0668, 0.0, -0.365125]}
