{"max": [0.00635, 0.893869, 0.0], "centroid": [-0.5793851336486864, 0.5683004727101655, -0.4162503199874522], "id": "6b9d09fcf8998360a36fa9e07c662628", "numVertices": 3188, "min": [-1.16535, 0.0, -0.883733]}
