{"max": [0.00129616, 1.016, 0.712496], "centroid": [-0.7499478626571869, 0.5906636097946293, 0.41394094410742444], "id": "ca0a5a3a4c5e255b20768660cf080d12", "numVertices": 633, "min": [-1.52528, 0.0, 0.0]}
