{"max": [1.2192, 0.8763, 0.0], "centroid": [0.9432708149999998, 0.6089388062499997, -0.48778008749999985], "id": "59263293983a99d3de650492e45fb14f", "numVertices": 160, "min": [0.0, 0.0, -0.666753]}
