{"max": [1.34518, 2.1335, 0.3556], "centroid": [0.4550852064631145, 1.042790073770494, 0.06824887316803281], "id": "d7762b2997bb9e2aa70a592d6c8c9234", "numVertices": 488, "min": [-0.151793, -0.0570485, -0.0508001]}
