{"max": [0.0, 0.77, 0.4647], "centroid": [-0.298344974959525, 0.32894608848354084, 0.07932146158661771], "id": "71aaeb4dc7a7d41ef51f77a6d7299806", "numVertices": 1853, "min": [-0.53, 0.0, 0.0]}
