{"max": [0.0, 0.700519, 0.00643319], "centroid": [-1.2191999999999952, 0.3083207436602737, -0.24843990343316297], "id": "e941e1929bdc87d5ad876645af0395fd", "numVertices": 438, "min": [-2.4384, 0.0, -0.581124]}
