{"max": [0.0, 0.840861, 1.11759e-08], "centroid": [-1.2951309704567255, 0.4515120937500016, -0.32501043704044336], "id": "72dfdf42a06d55f61985df8e5a34361", "numVertices": 832, "min": [-2.59026, 0.0, -0.601107]}
