{"max": [0.005, 0.945, 0.16], "centroid": [-0.48268680936455, 0.6182873444816046, -0.0038586789297657934], "id": "c11449b64486b4df4240b2500b599345", "numVertices": 598, "min": [-0.955, 0.0, -1.03566]}
