{"max": [0.0, 0.8763, 0.0], "centroid": [-0.1517155383233534, 0.5759609820359285, -0.4181636982482066], "id": "19a0a48b2b908dafc59350d819542ec7", "numVertices": 334, "min": [-0.3048, 0.0, -0.663575]}
