{"max": [1.5748, 0.4572, 0.350292], "centroid": [0.7873616625126226, 0.4006277373737371, 0.19407363290909077], "id": "dd97603ce7538c15be5bbc844e6db7e", "numVertices": 792, "min": [0.0, 0.0, -0.00530809]}
