{"max": [0.00946426, 0.534625, -0.33961], "centroid": [-0.48993802927195546, 0.22043420351528176, -0.48894649596065803], "id": "77c2f1b7a7c0a4d15ca1f314f1afc186", "numVertices": 5694, "min": [-0.98934, 0.0, -0.64011]}
