{"max": [6.76611, 19.9517, 2.71158], "centroid": [-0.7338768797687847, 11.602322788439334, -3.374721907514467], "id": "54dfbf6333cf06dd652b6926f989dd09", "numVertices": 865, "min": [-6.92449, 0.0, -3.83527]}
