{"max": [0.00373461, 0.795567, -0.00322491], "centroid": [-0.543021344137872, 0.4721197663014682, -0.31078909527687204], "id": "c005e1da092925e5aa3e4791e7582e61", "numVertices": 4912, "min": [-1.08711, -0.00970905, -0.649273]}
