{"max": [-5.0032, 0.649331, -4.28967], "centroid": [-5.232829146757693, 0.15365919112627982, -4.478927815699661], "id": "493593c78a647030cbb5746221d658f3", "numVertices": 293, "min": [-5.60478, -0.250669, -4.6603]}
