{"max": [1.19209e-07, 0.762, 0.0], "centroid": [-0.703123182163984, 0.20110782478227693, -0.30551396562261396], "id": "1de9b71f35b51b56c59350d819542ec7", "numVertices": 1309, "min": [-1.2192, 0.0, -0.3556]}
