{"max": [2.15978, 1.07559, 1.76991], "centroid": [1.2365365395833194, 0.6754717468749989, 1.3033074625000018], "id": "3a6ac28f247a30146d812a3e2aa98a91", "numVertices": 960, "min": [0.337222, 0.0, 0.697584]}
