{"max": [0.0, 0.9144, 0.508], "centroid": [-1.8287999999999989, 0.5476875000000003, 0.25876250000000006], "id": "85bfe701cf6398c69875b72c651247a3", "numVertices": 64, "min": [-3.6576, 0.0, 0.0]}
