{"max": [-1.36782, 0.427246, 2.1933], "centroid": [-2.257851056550263, 0.3608025525615937, 1.9130443414287928], "id": "6accdfe97ecfa9952056b4bd5d870b47", "numVertices": 5641, "min": [-3.14644, 0.0, 1.61915]}
