{"max": [0.00609601, 0.50165, 0.606552], "centroid": [-0.5840126781911229, 0.4734190580204805, 0.3021334733788378], "id": "5ab38425eb09fe33cac2a982f1c2a5b5", "numVertices": 586, "min": [-1.2131, 0.0, -0.003048]}
