{"max": [0.0, 1.24381, -0.00580247], "centroid": [-0.0996345394736841, 0.4299585342105262, -0.16889858171052616], "id": "46304273699efb534b8710a3469971b1", "numVertices": 152, "min": [-0.29, 0.00480545, -0.332802]}
