{"max": [0.0184009, 0.799437, 0.0197308], "centroid": [-0.8281103449419628, 0.5145097139303494, -0.2695771807960202], "id": "1c47c37d6c785d4fe7fd9a18c19837e5", "numVertices": 1206, "min": [-1.6948, 0.0, -0.632311]}
