{"max": [-0.171526, 1.82905, -0.30123], "centroid": [-0.6910635548202031, 0.8484800531303773, -0.9278879514670156], "id": "76172d3f487ccc6cf4ab13f4b49ac318", "numVertices": 4533, "min": [-1.44172, 0.0, -0.99973]}
