{"max": [0.265378, 0.868401, 0.0184009], "centroid": [-0.8761202514954776, 0.5871618688132003, -0.20697881675766397], "id": "4ba9cbd97e4fb17a75e6bc7c944c5642", "numVertices": 3758, "min": [-1.94178, 0.0, -0.600838]}
