{"max": [1.5, 1.9, -0.0463399], "centroid": [0.7838581994302004, 0.7426984273504282, -0.6434687960113962], "id": "b1d8cd17d6c936392caaf8842dbb8ac2", "numVertices": 351, "min": [0.0, 0.0, -0.66634]}
