{"max": [0.0, 2.05, 0.48], "centroid": [-0.6148924039460012, 0.9089236043613685, -0.019120189200415385], "id": "78937816b70f990d8fe14b5c9bc18491", "numVertices": 963, "min": [-1.52, 0.0, -0.044071]}
