{"max": [1.85837, 0.885111, 0.684939], "centroid": [0.9161739933487208, 0.53495199227864, 0.43950683758287495], "id": "220ab2896e0b5d87dae58dd9656897ad", "numVertices": 2383, "min": [-0.01905, -0.00011618, -0.00384526]}
