{"max": [0.0, 2.02, 0.0], "centroid": [-0.7526767777777791, 0.6481063333333329, -0.6032605882352936], "id": "484f3660bf095e6f2b8a1a2aaa466160", "numVertices": 306, "min": [-1.5, 0.0, -0.625]}
