{"max": [0.0, 0.8763, 8.9407e-08], "centroid": [-0.46973599400479693, 0.6292372997601928, -0.38899550681538897], "id": "886031ff2a514f86c59350d819542ec7", "numVertices": 417, "min": [-0.9144, 0.0, -0.49804]}
