{"max": [-0.47745, 0.817333, 2.4945], "centroid": [-1.0505938522850062, 0.26103840791652233, 2.089510991363795], "id": "5135a234fe18481235836c728d324152", "numVertices": 5558, "min": [-1.62706, 0.0, 1.79822]}
