{"max": [0.0, 1.8796, 0.333438], "centroid": [-0.49527133821655983, 0.8497553864118895, 0.1537250355201698], "id": "8e46f3a871f86befdb955a8e38fc7dc8", "numVertices": 942, "min": [-1.2192, 0.0, -0.0221625]}
