{"max": [0.0, 0.8763, 0.0], "centroid": [-0.23994454213592298, 0.5131192433656976, -0.6009528590387724], "id": "20d00eeac9377d1212de5317fe5b354f", "numVertices": 1545, "min": [-0.5334, 0.0, -0.653498]}
