{"max": [0.0, 0.780755, 0.0], "centroid": [-3.4269107783563966, 0.2306041993502479, -0.28848457286995466], "id": "6c8d7faebd2ca60ef3b7873c9ffd02fd", "numVertices": 446, "min": [-6.92695, -0.000925068, -0.585495]}
