{"max": [0.0184009, 0.799437, 0.0197308], "centroid": [-0.6742501964749535, 0.5306657439703159, -0.264711596846012], "id": "d5fd97ad2620480c62cdb4b7b7821421", "numVertices": 1078, "min": [-1.38298, 0.0, -0.632311]}
