{"max": [0.0, 0.8763, 0.0], "centroid": [-0.531509925266903, 0.6044442277580089, -0.5668222619482225], "id": "147e9d3591cb190829a50a2b3c5e5b6", "numVertices": 562, "min": [-1.0668, 0.0, -0.659666]}
