{"max": [1.78322, 2.20101, 0.1], "centroid": [0.7445139039340469, 0.5803681793405107, -0.15970926418358602], "id": "b4d82c9706931d29d1d193a59606317a", "numVertices": 69750, "min": [-0.836776, 0.101011, -0.518842]}
