{"max": [3.39739, 0.88864, -1.30779], "centroid": [2.655142962962962, 0.384598787976102, -1.9652049820788553], "id": "976636850849c3d6ffd996335233167", "numVertices": 4185, "min": [1.92419, 0.0, -2.10101]}
