{"max": [-1.79253, 0.771991, 1.96197], "centroid": [-2.716435214932284, 0.42904424089083465, 1.642525397341619], "id": "1d5d89cc3c83bef056f6fc4b4ce1db04", "numVertices": 14144, "min": [-3.63785, 0.0, 1.31322]}
