{"max": [0.0, 1.08835, 0.21767], "centroid": [-1.8686473020696859, 0.5155991231567946, -0.19672505190243939], "id": "481885f3ffe14c40665f42dc26fed092", "numVertices": 287, "min": [-3.70178, 0.0, -0.6]}
