{"max": [0.9144, 0.381, 0.2794], "centroid": [0.45733510638297886, 0.30507021276595747, 0.14118617021276605], "id": "9de1b1608e6ffb9afde926512eb9d305", "numVertices": 188, "min": [0.0, 0.0, 0.0]}
