{"max": [0.0254, 2.1082, 0.6096], "centroid": [-0.7646788690124862, 1.2407047751418847, 0.33554812712826504], "id": "92a1e771eb621c14c2a5a06bb7a05e87", "numVertices": 881, "min": [-1.5494, 0.0, -0.0254]}
