{"max": [0.00635, 0.643276, -0.152131], "centroid": [-0.8752093629271336, 0.4544613267203432, -0.43768583882521284], "id": "408ef9729c48dd40bb273d6b4d49877f", "numVertices": 2792, "min": [-1.75505, 0.0, -0.723518]}
