{"max": [0.0, 3.27826e-07, 0.0], "centroid": [-0.4193243970061517, -0.25730664917262114, -0.3262617551456858], "id": "4b80db7aaf0dff0c4da5feafe6f1c8fc", "numVertices": 3741, "min": [-0.8382, -0.381, -0.359569]}
