{"max": [0.0001778, 0.815939, -0.00043274], "centroid": [-0.9273391812136943, 0.3830739911346348, -0.3917131187237223], "id": "be8fa5b70de21c9ff155d75bbf62b80", "numVertices": 6707, "min": [-1.85438, 0.0, -0.674222]}
