{"max": [0.0, 0.736023, 0.5588], "centroid": [-0.8129146142506127, 0.44382084206330646, 0.08708563464373445], "id": "7238faf31667078b2ea98d69e91ba870", "numVertices": 814, "min": [-1.6764, -1.00117e-07, 0.0]}
