{"max": [-1.41082, 0.94579, 1.62329], "centroid": [-2.315096428571429, 0.3211577857142868, 1.3387846071428562], "id": "50a3b398b3a2e5979ec4bb690ca24962", "numVertices": 224, "min": [-3.22638, 0.0, 0.943748]}
