{"max": [3.0485, 0.997441, 1.37907], "centroid": [1.9859763702801452, 0.6156107038976895, 0.9682680712545708], "id": "ad9a12cce63df1c9870f22c94729669b", "numVertices": 3284, "min": [0.9231, 0.0, 0.363152]}
