{"max": [0.0, 0.6094, 0.455297], "centroid": [-0.9823460158587088, 0.48960693690288354, 0.1976657714205771], "id": "e01f988796268414ad5067eac75a07f7", "numVertices": 4501, "min": [-1.96446, 0.0, 0.0]}
