{"max": [0.922932, 0.698422, 0.260115], "centroid": [0.2878585970716592, 0.39502189241587954, -0.0194555022384908], "id": "57fc8345fc8667a4d2b12aa6a0f050b3", "numVertices": 14206, "min": [-0.347068, 0.00700087, -0.300578]}
