{"max": [1.8669, 1.96215, 0.0], "centroid": [0.972841357204434, 0.6946240681034472, -0.5786287211822727], "id": "4b2bedb7014636afd38913e96bbf2a5d", "numVertices": 3248, "min": [-0.0381, -0.1016, -0.6477]}
