{"max": [1.78457, 0.3937, 0.528999], "centroid": [-0.06310242089628387, 0.18508658745202944, -0.028403300700950606], "id": "77323ba74273cfe017b431cae0dd70ed", "numVertices": 2314, "min": [-1.78457, 0.0, -0.566377]}
