{"max": [0.0, 1.07, 0.0], "centroid": [-0.3799944156626489, 0.5559487951807224, -0.40788149397590323], "id": "192caea21a57389265dbe89d2f371f01", "numVertices": 664, "min": [-0.76, 0.0, -0.423185]}
