{"max": [0.0, 1.905, 0.48895], "centroid": [-0.4346688253590184, 0.8794938973730303, 0.09437749169877419], "id": "d410c925c5e8ebd65b7f630bf166b499", "numVertices": 571, "min": [-0.64135, 0.0, 0.0]}
