{"max": [1.22938, 2.1336, 0.135651], "centroid": [0.6267208456431539, 1.4619615871369238, -0.03529295216597517], "id": "83412e29d5978b101f6dfedaba98d5f9", "numVertices": 482, "min": [0.0101803, 0.0, -0.169149]}
