{"max": [-2.46338, 2.00061, 0.0], "centroid": [-3.9982573809523827, 1.6687633333333334, -0.23034009523809537], "id": "989c5de438050d9d6664ead1964339d", "numVertices": 84, "min": [-5.58758, 1.24496, -0.530352]}
