{"max": [1.10619, 0.635, -0.755616], "centroid": [0.3360694205607477, 0.39111775700934587, -0.9181195327102807], "id": "459f90aa2162b1f1d46c340938e2ff1c", "numVertices": 107, "min": [-0.393805, 0.0, -1.22562]}
