{"max": [-0.235322, 0.270986, 1.66874], "centroid": [-0.8697502258042565, -0.03268153639959831, 1.389340211796242], "id": "5b5d3f675f8d0bfdd2b12aa6a0f050b3", "numVertices": 14920, "min": [-1.50532, -0.420435, 1.10804]}
