{"max": [0.0511969, 0.793248, -0.000601777], "centroid": [-0.8725844402463293, 0.38464379834541185, -0.42852294748044023], "id": "7b7e73cbc821d520f155d75bbf62b80", "numVertices": 8946, "min": [-1.7911, 0.0, -0.683144]}
