{"max": [1.79996, 0.808658, 0.0247144], "centroid": [0.896170422837126, 0.45145139130226825, -0.2584266249422821], "id": "153116d4415ee016601104cd2d998272", "numVertices": 2339, "min": [0.0, 0.0, -0.630017]}
