{"max": [-4.37454, 2.52, -0.016], "centroid": [-5.548127104247105, 1.3691307907335906, -0.3844677837837842], "id": "636c4d449f17b6a8b47cc2471d9dd7e6", "numVertices": 259, "min": [-6.98166, 0.0, -1.11054]}
