{"max": [0.007, 0.838434, 0.0140009], "centroid": [-0.7171886823804378, 0.3896385192320657, -0.27242134473730667], "id": "dbb5cc73da4780feed98cca8f0ccd5f7", "numVertices": 2990, "min": [-1.44312, -0.003, -0.681]}
