{"max": [3.57628e-07, 0.381, 0.0], "centroid": [-0.7593719329248845, 0.19008002651476066, -0.31761489953391964], "id": "763d3c4ebccee884da5feafe6f1c8fc", "numVertices": 1931, "min": [-1.0668, 0.0, -0.359569]}
