{"max": [0.0254, 0.6096, 1.36939e-06], "centroid": [-0.3006686515935458, 0.06703878950683821, -0.07466934733313549], "id": "600d06bd779fbedfce5d6e9371bb5c33", "numVertices": 251, "min": [-0.635, -0.047625, -0.1524]}
