{"max": [0.0, 0.741363, 0.434541], "centroid": [-0.46799564470461336, 0.3233440673773973, 0.21737034088150947], "id": "69949f47106c9140391e4d6c585a697a", "numVertices": 16415, "min": [-0.80645, 0.0, -0.0238125]}
