{"max": [0.0, 0.68, 0.0], "centroid": [-0.6595122459756101, 0.5963414634146338, -0.4759990874390246], "id": "152a850e5016fdd6e0771d4c079a0ec2", "numVertices": 164, "min": [-1.54, 0.0, -0.77]}
