{"max": [0.0, 0.85, 0.0], "centroid": [-0.7498278703703701, 0.3958266944444442, -0.36511111111111144], "id": "6adbd040ec2f9fb53f07ca1042ba5dfc", "numVertices": 216, "min": [-1.5, 0.0, -0.46]}
