{"max": [0.0, 0.625, 0.36], "centroid": [-0.22405100012260548, 0.310196950191571, 0.06810842540996183], "id": "b6fa01c7e28a4a777024462ecce15220", "numVertices": 261, "min": [-0.45, 0.0, -0.0211]}
