{"max": [-1.36479, 0.869311, 2.70674], "centroid": [-2.2760950063966248, 0.49507358691684455, 2.415431014925362], "id": "c83b3192c338527a2056b4bd5d870b47", "numVertices": 2345, "min": [-3.2101, 0.000572922, 1.97452]}
