{"max": [0.0, 0.8763, 0.0], "centroid": [-0.26414169964664325, 0.5872966855123678, -0.4693899364484138], "id": "26dcf7a76c89d5aa4da5feafe6f1c8fc", "numVertices": 283, "min": [-0.4572, 0.0, -0.669925]}
