{"max": [1.96486, 0.653377, 0.568325], "centroid": [1.012745299035639, 0.3838982994564533, 0.308295987843367], "id": "ea6da848da3f603f81faebbdea6bd9be", "numVertices": 6844, "min": [0.0607764, 0.0, 0.0468402]}
