{"max": [0.0, 0.86995, 0.609633], "centroid": [-0.8646619463189783, 0.40231576746881365, 0.23814116054172696], "id": "7aee2d4c1e70d27c921dd903dd0b8b17", "numVertices": 2972, "min": [-1.83177, 6.70552e-08, -0.0179325]}
