{"max": [-4.39713, 1.87325, 1.39867], "centroid": [-4.945018227465206, 0.9710034819520194, 1.0512500921556607], "id": "34bc619e8ab3c0d2a93db6e4c0c75191", "numVertices": 4959, "min": [-5.71793, 0.0, 0.897019]}
