{"max": [-1.07593, 0.852031, 1.64004], "centroid": [-2.2906078518307162, 0.48643901018306446, 1.3349577711670464], "id": "49d0d178976c81f52056b4bd5d870b47", "numVertices": 3496, "min": [-3.52703, 0.0, 0.943016]}
