{"max": [-1.98699, 0.790542, 0.72775], "centroid": [-2.710088045112788, 0.4851112030075185, 0.42370064030075133], "id": "10654ea604644c8eca7ed590d69b9804", "numVertices": 266, "min": [-3.44096, 0.0111125, -0.0916878]}
