{"max": [-0.345133, 2.36877, -0.632175], "centroid": [-2.116226019308067, 1.0102888076332843, -0.9377041171073693], "id": "695002fbea3c5e4a9a6b496c6e9f4c2", "numVertices": 16677, "min": [-3.871, 0.0, -1.26675]}
