{"max": [0.0381, 0.866775, 0.0], "centroid": [-0.2665823101529413, 0.3547033023529411, -0.3617324764705886], "id": "ca0fd2a5d6aa32945aeac558fa5c869b", "numVertices": 170, "min": [-0.5715, 0.0, -0.4572]}
