{"max": [-0.144774, 0.834438, -0.0103261], "centroid": [-0.9108752655571636, 0.4457762823238767, -0.19503279479015947], "id": "230a85ab57a15b90e074517a246f1e65", "numVertices": 1382, "min": [-1.67152, 5.08e-08, -0.570835]}
