{"max": [1.184, 0.625, 0.0], "centroid": [0.5986833229718735, 0.42289296605237714, -0.37031032587778384], "id": "70eddd0ddf5c9ba21c1b3b2ed8d13bf8", "numVertices": 1031, "min": [0.0, 0.0, -0.413956]}
