{"max": [0.0, 0.839922, -0.0103162], "centroid": [-1.1837232938044924, 0.4923302571055175, -0.22944267986447395], "id": "388d83f25e045007efe85e37dd46e84a", "numVertices": 4132, "min": [-2.3749, -0.00738632, -0.564526]}
