{"max": [-0.00069736, 1.37513, 0.519101], "centroid": [-0.4432989215948976, 0.2866457249178482, 0.13209263525212417], "id": "a8e160457848a8be3bba238110c3df2b", "numVertices": 3530, "min": [-0.880207, 0.00512016, 0.00399803]}
