{"max": [-4.15131, 1.52478, 1.07775], "centroid": [-4.628620899932863, 0.7151690604432503, 0.9509098791134962], "id": "e22f10f551cac7fc6cb99ff1a702c4e9", "numVertices": 1489, "min": [-4.86251, 0.0, 0.785654]}
