{"max": [4.14833, 0.4572, -1.55126], "centroid": [3.0603633333333335, 0.30480000000000007, -1.7798599999999993], "id": "8861988f97b2e8c722da8c30c5c6c8ca", "numVertices": 36, "min": [1.70993, 0.0, -2.00846]}
