{"max": [-4.19756, 0.830375, 5.48955], "centroid": [-5.378653148936085, 0.42066113191489407, 5.24889500236406], "id": "397ac4bbb11796902d92929fa159facf", "numVertices": 2115, "min": [-6.55527, 0.0, 4.82473]}
