{"max": [-0.0309038, 0.137792, 0.743589], "centroid": [-0.44084387406249925, 0.0879004636250003, 0.3688767849752529], "id": "cd7689a92e0d39896812e49a5c99d0f3", "numVertices": 320, "min": [-0.849842, 0.0, -2.38419e-07]}
