{"max": [0.0, 0.389999, 0.619999], "centroid": [-0.7179991875000002, 0.3094991249999997, 0.3099994625], "id": "d6580bbf1220d39ede270fc3c23d78b", "numVertices": 64, "min": [-1.436, 0.0, 0.0]}
