{"max": [-1.11119, 2.22, -1.33686], "centroid": [-2.17382228486647, 1.0447425163204758, -1.799849317507416], "id": "ac4e80d4ad2d0ce98060a555dcc63fd1", "numVertices": 337, "min": [-3.61119, 0.0, -2.13686]}
