{"max": [0.0, 0.8128, 0.1016], "centroid": [-0.8892620588235284, 0.5770627014260258, -0.060746931344919645], "id": "e9a9c499e74c2989d4d8765e3910f617", "numVertices": 2244, "min": [-1.778, 0.0, -0.5207]}
