{"max": [-0.0841376, 0.93214, -0.0426143], "centroid": [-1.0336324500756047, 0.5780796514869363, -0.196426563348461], "id": "69259c43d80d4815cb2a965e75be701c", "numVertices": 10578, "min": [-1.98302, -6.67572e-06, -0.641754]}
