{"max": [-0.85992, 1.3208, 1.13217], "centroid": [-1.0439172771739116, 0.6712404222826086, 0.49839832608695483], "id": "4427e5eac495c14e40a7c7e360f68f9b", "numVertices": 368, "min": [-1.24251, 0.0, 0.469385]}
