{"max": [0.0, 0.821566, 0.718516], "centroid": [-0.5529974416866072, 0.3902418534061185, 0.4131710371886834], "id": "eacb2a4fc51d03853c7e5bbf72a5f5ae", "numVertices": 35172, "min": [-1.12318, 0.0, 0.0]}
