{"max": [-0.034977, 0.877314, -0.276957], "centroid": [-1.0002115116162091, 0.42411859200942936, -0.6169837065003952], "id": "cc08d4ced5931ed181faebbdea6bd9be", "numVertices": 10184, "min": [-1.96534, 0.000403174, -1.01992]}
