{"max": [0.00635, 0.695325, 0.00635], "centroid": [-0.3445347760330583, 0.4578753553719012, -0.47693889917355387], "id": "31ab6947975f5747c62ff677c806df30", "numVertices": 484, "min": [-0.679562, 0.0, -0.548419]}
