{"max": [0.274082, 0.785771, -0.0390102], "centroid": [-0.6317127248384501, 0.45979501157588115, -0.4156314321511775], "id": "77fd0def3c3469adf155d75bbf62b80", "numVertices": 13732, "min": [-1.53633, 0.0, -0.773793]}
