{"max": [1.0, 0.45, 0.6], "centroid": [0.5012808397165353, 0.3395800314960634, 0.34934211023622075], "id": "abcb5dc91337f47682db9fca4b68095", "numVertices": 381, "min": [0.0, 0.0, 0.09998]}
