{"max": [0.485, 0.705, 0.2185], "centroid": [0.0008043105360443662, 0.5037985360443605, -0.16343432902033192], "id": "aff3488d05343a89e42b7a6468e7283f", "numVertices": 1082, "min": [-0.485, 0.0, -0.221]}
