{"max": [-0.862091, 0.971308, 0.0], "centroid": [-1.6408909931034483, 0.5263952524137934, -0.5662228206896569], "id": "548996207fe62d4a89ecd28750d46ac", "numVertices": 145, "min": [-2.43213, 0.0632581, -0.595312]}
