{"max": [1.4623, 1.4623, 0.3682], "centroid": [0.6887539268292678, 0.6495287853658537, 0.18118048780487814], "id": "d4be807e568ae84d7b386db5665a1b3", "numVertices": 82, "min": [0.0, -0.0612, 0.0]}
