{"max": [2.38419e-07, 0.762, 0.0], "centroid": [-0.7471744835799476, 0.16373626057268714, -0.2807736740088099], "id": "429638b99d096c89c59350d819542ec7", "numVertices": 454, "min": [-1.0668, 0.0, -0.353219]}
