{"max": [-1.65264, 2.25605, 0.331904], "centroid": [-2.1255718555377094, 1.1117844904911465, 0.15420257412520205], "id": "676bf8a039a5937eeab2bd7322386ffd", "numVertices": 3115, "min": [-2.56704, 0.0, 0.0239293]}
