{"max": [0.0, 0.45, 0.4], "centroid": [-0.4510792417218546, 0.2482296841059603, 0.05583779602648958], "id": "c09fe6e32490f4511b17743c18fb63dc", "numVertices": 302, "min": [-0.9, 0.0, -0.0246]}
