{"max": [0.0, 0.8763, 8.9407e-08], "centroid": [-0.4661397598290602, 0.6381058153846134, -0.42409053733677976], "id": "a95f93b9da094471c59350d819542ec7", "numVertices": 585, "min": [-0.9144, 0.0, -0.511175]}
