{"max": [1.4, 0.409999, 0.399999], "centroid": [1.900577597400268e-16, 0.23375013047272694, -2.7972028039989173e-09], "id": "2a050ecb95f2a056593ebeeedbff73b", "numVertices": 1430, "min": [-1.4, 0.0, -0.399999]}
