{"max": [1.11759e-08, 0.755, 0.0], "centroid": [-0.2821889995026547, 0.4902202540772539, -0.3347438577339071], "id": "1838f9b62a102d704c7384dbb75cab0d", "numVertices": 1165, "min": [-0.570072, 0.0, -0.410036]}
