{"max": [-0.00146054, 0.6096, 0.480434], "centroid": [-0.9429295434191386, 0.4453500750556096, 0.23959999065014168], "id": "1f19f93fc7d88529ad5067eac75a07f7", "numVertices": 3147, "min": [-1.90716, 0.0, 0.0]}
