{"max": [0.0, 0.811053, 0.175952], "centroid": [-0.9741948478936615, 0.47475238241308826, -0.13220170548057236], "id": "3feb79684658db043efeb398bf800e80", "numVertices": 489, "min": [-1.93675, 0.0, -0.420687]}
