{"max": [160.149, 5698.37, -227.482], "centroid": [-1013.5587279761903, 3898.9991522023856, -700.9464613095225], "id": "bb0255c8582c74c6557f50690310ce8d", "numVertices": 336, "min": [-2186.4, -208.56, -1321.63]}
