{"max": [-0.800824, 2.46866, 0.835486], "centroid": [-1.9769420163934448, 0.9230462532304652, 0.48589244165862855], "id": "4f9b95af6720c7fc11fc2b865c2a185b", "numVertices": 1037, "min": [-3.14965, 0.0486623, 0.312486]}
