{"max": [1.95, 0.8, 0.0], "centroid": [0.9758065561694296, 0.2855395948434625, -0.2711120128913449], "id": "3332c4ac1fd931d01586ac387fea1cf9", "numVertices": 543, "min": [0.0, 0.0, -0.3]}
