{"max": [9.1948, 8.98065, 4.54025], "centroid": [4.606782987341771, 5.6247359493670865, 3.23914293670886], "id": "fd355d06238853c7f0d9805ad6c2059c", "numVertices": 79, "min": [0.0, 0.0, 0.0]}
