{"max": [0.0, 0.8763, 8.9407e-08], "centroid": [-0.4636615038639884, 0.536204434827396, -0.4578645406192781], "id": "3c28e4a1a5154ecc59350d819542ec7", "numVertices": 1941, "min": [-0.9144, 0.0, -0.511175]}
