{"max": [1.83974, 0.431798, 0.0], "centroid": [0.911403555807174, 0.3814823076233182, -0.22213033578475327], "id": "d74a990634bb4b98ad5067eac75a07f7", "numVertices": 446, "min": [0.0, 0.0, -0.45034]}
