{"max": [-1.94404, 1.3208, -6.39053], "centroid": [-2.4111904213881177, 0.4245706852691295, -6.7385005594900775], "id": "a38f20793fbbd3d3ff03fd9a67a9cdfc", "numVertices": 2824, "min": [-2.88384, 0.0, -6.85443]}
