{"max": [0.126749, 0.4318, 0.2032], "centroid": [-0.38100004216281874, 0.41490891332523266, -1.215067081422279e-10], "id": "d21839a3d4b5b30f55f46d55537192b6", "numVertices": 4938, "min": [-0.88875, 0.0, -0.2032]}
