{"max": [-0.0100001, 2.16241, 0.00359634], "centroid": [-0.8948645286931787, 1.0812050938731503, -0.1266311112500002], "id": "768564ef92377d886549bee1ee0ae3d0", "numVertices": 352, "min": [-1.77973, 4.76837e-07, -0.256404]}
