{"max": [0.0, 0.762, 0.0], "centroid": [-0.7397993923809517, 0.2848806176190479, -0.2248393857142859], "id": "48555a476cfcd222c59350d819542ec7", "numVertices": 210, "min": [-1.3716, 0.0, -0.365125]}
