{"max": [0.0, 0.804771, -0.0494865], "centroid": [-0.9429494298026401, 0.5032735029984505, -0.35468197281297714], "id": "b19e1c6ab766b09bcb2a965e75be701c", "numVertices": 12940, "min": [-1.88595, 0.0, -0.750312]}
