{"max": [3.5374, 0.446494, -1.94708], "centroid": [2.32523245869292, 0.2805662323230546, -2.248429524044391], "id": "1147218db46702242056b4bd5d870b47", "numVertices": 4055, "min": [1.08191, -0.00185913, -2.55098]}
