{"max": [-1.48773, 0.771991, 1.96197], "centroid": [-2.7167800636312105, 0.42904424089083465, 1.642525397341619], "id": "a451f5d4b01cc78856f6fc4b4ce1db04", "numVertices": 14144, "min": [-3.94265, 0.0, 1.31322]}
