{"max": [0.0, 0.762, 0.0], "centroid": [-0.5356928412280679, 0.2387364685242519, -0.31967537874096963], "id": "147eb60e7a6cadde4da5feafe6f1c8fc", "numVertices": 1938, "min": [-0.762, 0.0, -0.359569]}
