{"max": [0.0, 0.8763, 0.0], "centroid": [-0.1592974494252874, 0.6330068965517237, -0.5582921793445996], "id": "1fc8231114fa42a7c59350d819542ec7", "numVertices": 435, "min": [-0.2286, 0.0, -0.658019]}
