{"max": [3.5052, 2.4384, 0.0], "centroid": [1.731091653471376, 1.4360271863581, -0.20166711376370428], "id": "b13778ff6594e980605de7eae9f0b0f4", "numVertices": 1642, "min": [0.0, 0.0, -0.7493]}
