{"max": [1.32576, 0.948499, 0.54626], "centroid": [0.030901470164204182, 0.04681831037565049, 0.1512878325510616], "id": "59b1ca3d780ed0381560641bf48464ff", "numVertices": 4994, "min": [-1.22724, -0.466489, -0.355596]}
