{"max": [0.0, 0.8763, 0.0], "centroid": [-0.2708005544837751, 0.6072797148475916, -0.5754529728760083], "id": "951377627e2fb20f86d53ab0fe94e911", "numVertices": 1017, "min": [-0.4572, 0.0, -0.659666]}
