{"max": [0.0, 2.243, 0.594], "centroid": [-0.5734999999999998, 1.131944019117647, 0.14930102029263925], "id": "d77dd358b31497aae2f840a8b8c7384c", "numVertices": 204, "min": [-1.187, 0.00155799, -0.02]}
