{"max": [0.244086, 1.71479, 0.0], "centroid": [-1.6877262545195717, 0.080405521708185, -0.30200355612099755], "id": "6d42969890762ef2ec8eb53ffeeadc85", "numVertices": 281, "min": [-3.75591, -0.63521, -0.453]}
