{"max": [0.012832, 0.85282, 0.0349655], "centroid": [-1.2232025193758682, 0.5517585683482971, -0.2772473048522924], "id": "fc0486ec53630bdbd2b12aa6a0f050b3", "numVertices": 17055, "min": [-2.46393, -0.000307188, -0.623436]}
