{"max": [2.41, 1.3, -7.70852], "centroid": [1.8093350849858367, 1.1084426402266256, -7.838577096317263], "id": "d1f9f40f8f58394c91cb0beedee33fd", "numVertices": 706, "min": [1.18, 0.9, -8.00852]}
