{"max": [-3.64958, 0.905, 3.15582], "centroid": [-4.7290858910891, 0.6634822376237631, 2.893902079207914], "id": "cbe6101e5199ca2d88c88a4c0a3c4a21", "numVertices": 202, "min": [-5.94058, 0.03, 2.41495]}
