{"max": [0.0047575, 0.877416, -5.96046e-08], "centroid": [-1.5243246156497177, 0.5440945814614124, -0.335804500929424], "id": "690aa4622c4d3246ea1bc0d82403165c", "numVertices": 13658, "min": [-3.05157, 0.0132086, -0.688659]}
