{"max": [7.76416, 0.929939, -3.1061], "centroid": [6.852613360399768, 0.4835366554445046, -3.478468080366426], "id": "7acc1a370dfcd3a85ff6fe84f53e00a5", "numVertices": 4803, "min": [4.51416, 0.0, -3.78988]}
