{"max": [0.0184009, 0.868401, 0.019664], "centroid": [-0.3624409678314105, 0.5747129340584634, -0.21526793170978958], "id": "5ce845f80b1d407282dde982679cd879", "numVertices": 1471, "min": [-0.824178, 0.0, -0.600838]}
