{"max": [2.72574, 1.05964, 0.0], "centroid": [1.3724587936000001, 0.6124925999999998, -0.3865228240000003], "id": "b6ed4377ece0567c78cf4e63fa47661", "numVertices": 125, "min": [0.0, 0.0, -0.61595]}
