{"max": [-0.034925, 2.47666, 0.4318], "centroid": [-1.2630047507142916, 1.3850516714285719, 0.17652125714285752], "id": "ca9e248cdcca240f11a59b122fb65ee9", "numVertices": 560, "min": [-2.50507, 0.0, -0.0254]}
