{"max": [0.0, 0.775, 0.0], "centroid": [-0.599031959101888, 0.43032688553191717, -0.5884091458159633], "id": "21a6906ec6cc806182db9fca4b68095", "numVertices": 8460, "min": [-1.2, 0.0, -0.605594]}
