{"max": [0.0, 0.45, 0.0015807], "centroid": [-0.7995283018867912, 0.3756067264150941, -0.18027785646226416], "id": "fa4d4e697d21ec65512d71be7dbf2d60", "numVertices": 212, "min": [-1.6, 0.0, -0.358419]}
