{"max": [-1.59229, 1.0287, 2.07529], "centroid": [-1.846289841269835, 0.5748850634920634, 1.6611339682539665], "id": "b45bae45ccfdd7b9824080f516909671", "numVertices": 252, "min": [-2.10029, 0.0, 1.59269]}
