{"max": [0.0, 0.762, 0.0], "centroid": [-0.6927402243902439, 0.2720182791327908, -0.25755705149051494], "id": "29b34b5121639a65c59350d819542ec7", "numVertices": 369, "min": [-1.3716, 0.0, -0.336853]}
