{"max": [0.0, 0.8763, 8.9407e-08], "centroid": [-0.359629510538641, 0.518275995316161, -0.36909641485249894], "id": "2817480c23e4a106c59350d819542ec7", "numVertices": 427, "min": [-0.6858, 0.0, -0.517525]}
