{"max": [4.03635, 0.903289, -1.83628], "centroid": [3.2345009856057523, 0.5183410137824765, -2.331833248700527], "id": "d8bf8dcbd5cae04094beb1f48b8b494b", "numVertices": 5002, "min": [2.43165, 0.0, -2.37842]}
