{"max": [0.0, 2.4384, 0.0], "centroid": [-0.9555930404145051, 0.9710212413793093, -0.6051309267464708], "id": "169d64acd930adb12871cc0b3cc1a485", "numVertices": 5597, "min": [-2.4384, 0.1524, -0.6731]}
