{"max": [0.0, 1.9, 0.35], "centroid": [-0.4068442622362878, 0.7623430642053446, 0.06381450203938162], "id": "131072b0a226f05f51f77a6d7299806", "numVertices": 1422, "min": [-0.8, 0.0, 0.0]}
