{"max": [0.421975, 0.791512, 1.34174], "centroid": [-0.5982829927437647, 0.40005252589568785, 0.977774494331065], "id": "decfee8dff04ef84990a10a82d99ca57", "numVertices": 882, "min": [-1.74999, 0.0, 0.448981]}
