{"max": [1.97479, 0.605848, -1.49012e-08], "centroid": [0.9873934005384579, 0.42444434849773666, -0.2220974386816999], "id": "7cd1d8b686ac0059ad5067eac75a07f7", "numVertices": 884, "min": [0.0, 0.0, -0.457484]}
