{"max": [0.15, 1.09787, 0.0], "centroid": [-1.0247591827586242, 0.6848808678160893, -0.2465495341954023], "id": "abddca275435a7b987b6d520ce557b3f", "numVertices": 696, "min": [-2.2, 0.0, -0.626651]}
