{"max": [0.0, 0.8763, 0.0], "centroid": [-0.24099383558832874, 0.5223123126001937, -0.5995999031788748], "id": "5ff7e1be775072e5824662341ce2b233", "numVertices": 3119, "min": [-0.4572, 0.0, -0.650769]}
