{"max": [0.0, 1.5875, 1.37184], "centroid": [-1.2449989904170333, 0.7630958740017733, 0.26115674090505203], "id": "a49eec529b5c44eaac00fd1150223027", "numVertices": 2254, "min": [-2.49046, 0.0, 0.1524]}
