{"max": [-1.13505e-09, 0.791159, 0.0], "centroid": [-0.9900303969095605, 0.5145031893203882, -0.22504797139158506], "id": "5aa9a03af76807fa94f937d854219137", "numVertices": 1236, "min": [-1.98088, 0.0, -0.652369]}
