{"max": [0.0, 0.8763, 8.9407e-08], "centroid": [-0.4629271269790859, 0.6159638123599781, -0.47786880719605185], "id": "b0f329dc43af0fbd4da5feafe6f1c8fc", "numVertices": 5356, "min": [-0.9144, 0.0, -0.524669]}
