{"max": [3.39566, 0.552476, -0.0194945], "centroid": [2.176462033755278, 0.32950597552742467, -0.22110900210970463], "id": "ccc1d51eabbf589ad5067eac75a07f7", "numVertices": 474, "min": [0.957263, 0.0, -0.425894]}
