{"max": [-2.96284, 1.3716, 4.29824], "centroid": [-3.179315142724492, 0.7242597000696257, 2.8898708714319006], "id": "3c6b1e5888e5fabd9463d0e381798ed8", "numVertices": 8618, "min": [-3.26407, 0.0, 1.80904]}
