{"max": [2.43808, 0.4064, 0.0], "centroid": [1.2184305218563156, 0.4009557025668113, -0.2414974082535046], "id": "ef1a728572967942ad5067eac75a07f7", "numVertices": 7558, "min": [-0.000254005, 0.0, -0.4826]}
