{"max": [-1.04586, 0.837236, 2.18448], "centroid": [-2.261891215915404, 0.4622650297718512, 1.905031880912644], "id": "582ecc11367a2aca2056b4bd5d870b47", "numVertices": 7188, "min": [-3.48583, 0.0, 1.54822]}
