{"max": [0.0199654, 0.76971, 0.122155], "centroid": [-0.8103580961982847, 0.2995662289966422, -0.2548995523553627], "id": "43d40b726c369eaaed98cca8f0ccd5f7", "numVertices": 10180, "min": [-1.64203, -0.004, -0.61218]}
