{"max": [0.0, 0.794527, 0.605776], "centroid": [-1.033406472710397, 0.3889485891089096, 0.31621076509900997], "id": "ec4733130fe285d03d23022ce06f940d", "numVertices": 808, "min": [-1.9804, 0.0, 0.0]}
