{"max": [0.0, 2.23, 0.603], "centroid": [-0.599273128125, 0.9599950593750008, 0.19764962812499998], "id": "4e0cc6a0dbeeb87df51f77a6d7299806", "numVertices": 128, "min": [-1.2, 0.0, 0.0]}
