{"max": [-0.837574, 1.22238, 1.13158], "centroid": [-1.3316579403851305, 0.7683444422052313, 0.8261424450013235], "id": "b539b0bdf5c760b1c0eeb4326d5ba9e6", "numVertices": 3791, "min": [-1.90437, 0.0, 0.804391]}
