{"max": [0.0, 0.762, 0.3048], "centroid": [-0.4228131264678896, 0.16340983908256884, 0.00598543421834864], "id": "8238404daa0a13bfce5d6e9371bb5c33", "numVertices": 436, "min": [-0.838167, 0.0, -0.047625]}
