{"max": [2.98732, 0.427588, 0.0183339], "centroid": [1.4933344286342927, 0.3803138978994146, -0.22733705474856838], "id": "550b7b205e57c3b2315d0535381646e0", "numVertices": 1486, "min": [-0.000278711, -0.002386, -0.472708]}
