{"max": [1.9558, 0.5842, 0.549275], "centroid": [0.9768223535750664, 0.43697429573266316, 0.2745495599216073], "id": "e3c1e31ca2a0247979dee05d9c95f934", "numVertices": 995, "min": [1.524e-07, 0.0, 0.0]}
