{"max": [0.0, 1.05, 0.0755058], "centroid": [-0.8646251512030261, 0.5919837891484145, -0.4110950235198725], "id": "878383dee814d727fd2b139960f72a73", "numVertices": 3699, "min": [-1.73, 0.0, -0.471632]}
