{"max": [0.00698574, 0.795998, 0.808984], "centroid": [-0.8254065679166696, 0.42393326841629925, 0.446739530360354], "id": "76976adc8a170036ae23680cee12f145", "numVertices": 1776, "min": [-1.65799, 0.0, -0.0149068]}
