{"max": [0.0, 0.75, 0.1], "centroid": [-0.9472707117675169, 0.3976742955414014, -0.16311456224840742], "id": "e55f19a6d411966c6bf2e668f01c16f7", "numVertices": 628, "min": [-1.89417, 0.0, -0.5]}
