{"max": [0.0, 0.973, 0.43], "centroid": [-0.3500000283373482, 0.5966064257028146, 0.19144577751004024], "id": "8f7a277ae05da76c1bb088904f7cb154", "numVertices": 498, "min": [-0.7, 0.0, 0.0]}
