{"max": [0.0, 0.885004, 0.0], "centroid": [-0.8095825608938548, 0.25753144581005544, -0.32994414134078254], "id": "381d0eb848eaaa07eee615e75bc3b77", "numVertices": 1790, "min": [-1.871, 0.0, -0.56]}
