{"max": [0.0, 0.6, 0.41], "centroid": [-0.23762228066732036, 0.18116785677134536, 0.04765496197252318], "id": "90b901d37c751841c93205b4771d5663", "numVertices": 2038, "min": [-0.38, 0.0, 0.0]}
