{"max": [1.09, 0.95, 0.317904], "centroid": [0.5449999899169669, 0.5173523670118821, 0.025356736814411602], "id": "1f610516a159e0ce8916d0991ded06e", "numVertices": 26758, "min": [0.0, 0.0, 0.0]}
