{"max": [0.0, 2.032, 0.3048], "centroid": [-0.3051156278337373, 1.1285645585642277, 0.13774557405541737], "id": "984c969b9948fea738e43095496b061", "numVertices": 6352, "min": [-0.655879, 0.0, 0.0]}
