{"max": [0.0, 0.8763, 8.9407e-08], "centroid": [-0.18839559106371234, 0.5810708947368447, -0.46342614800112025], "id": "55bfa46d7b39f4dcc59350d819542ec7", "numVertices": 1805, "min": [-0.4572, 0.0, -0.506413]}
