{"max": [1.6, 0.45, 0.02], "centroid": [0.803973495144963, 0.2630121149877144, -0.18996386638820653], "id": "ba4ffdf3eed29dea9f8c3d2002c77ddb", "numVertices": 407, "min": [0.0, 0.0, -0.42]}
