{"max": [0.0184009, 0.868401, 0.0184009], "centroid": [-0.9278694319380928, 0.5845132994980491, -0.203281552603263], "id": "58e85d628f86aa897bd76190db9f54d7", "numVertices": 3586, "min": [-1.94178, 0.0, -0.600838]}
