{"max": [-14.0818, 0.826429, 14.8052], "centroid": [-14.82131003039512, 0.4786847060688962, 14.529968034447835], "id": "e82eace9941d82f34ff3e3166b80bde9", "numVertices": 3948, "min": [-15.5899, 0.0, 13.9648]}
