{"max": [-0.416704, 0.355, -0.282866], "centroid": [-1.5231415988857941, 0.049332980501392676, -0.5026967381615598], "id": "4bbac921678eb957614319d7d997614c", "numVertices": 359, "min": [-2.4167, 0.0, -0.782866]}
