{"max": [0.380779, 2.0, 0.195778], "centroid": [-0.029010742690058534, 0.9263780584795323, 0.030225466666666898], "id": "4d3308cc92ffdab432b72c6a3d82ffd6", "numVertices": 855, "min": [-0.419311, 0.0, -0.239222]}
