{"max": [-4.4027, 2.13144, 1.72631], "centroid": [-4.918451214953265, 0.9718569646728957, 1.2507812149532693], "id": "927ac18cb336cfe3df289a3ea5d3a440", "numVertices": 214, "min": [-5.52251, -0.00093682, 1.15431]}
