{"max": [1.9649, 0.789572, 0.0], "centroid": [0.9836756987351787, 0.5553308235951724, -0.37924699637086456], "id": "66304c61af32ca5aad5067eac75a07f7", "numVertices": 11638, "min": [0.0, 0.0, -0.759351]}
