{"max": [0.0, 1.1684, 0.0], "centroid": [-1.9237402439024398, 0.9016972845528466, -0.2430739217479675], "id": "42be414abcd4f66113c01fa2f350f6d", "numVertices": 492, "min": [-3.6322, 0.0, -0.600075]}
