{"max": [0.0, 0.850885, 0.684571], "centroid": [-0.9334500000000038, 0.4585872960532879, 0.24464320982859444], "id": "8d9903f1a197ea9af4fb4dee5181bee", "numVertices": 5554, "min": [-1.8669, 0.0, -0.0266056]}
