{"max": [0.0, 1.9, 0.51], "centroid": [-0.7840548593155884, 0.7021197946768084, -0.007718631178707215], "id": "6c45346990283b7fa2e244117f013369", "numVertices": 526, "min": [-1.44, 0.0, -0.03]}
