{"max": [-0.0762, 0.466605, 0.4826], "centroid": [-0.7126349063231824, 0.27518445901639405, 0.2798460903981246], "id": "72d5a7338dd7ccffd7262b1b986920e7", "numVertices": 854, "min": [-1.3462, 0.0, 0.0762]}
