{"max": [0.0, 0.4699, -0.000693547], "centroid": [-0.6032206393442624, 0.3509155737704922, -0.17438197039344266], "id": "e8ff891162fa20607572046550aace88", "numVertices": 122, "min": [-1.2192, 0.0, -0.343594]}
