{"max": [-1.50606, 0.0635762, 2.72146], "centroid": [-2.267651586715866, -0.29431002558946295, 2.5025528597785964], "id": "6686c3a7dc39cb59d2f1945599cd5176", "numVertices": 542, "min": [-3.00866, -0.788534, 2.296]}
