{"max": [0.0, 0.846559, -0.00200213], "centroid": [-0.882847665344826, 0.2747630529477205, -0.28451565330923173], "id": "2830e62e4c5fc707f155d75bbf62b80", "numVertices": 1798, "min": [-1.7653, 0.0, -0.623597]}
