{"max": [0.0, 1.95, 0.535], "centroid": [-0.9011797832509605, 1.0342995218506148, 0.02639544695385769], "id": "dd2325abe32870f5a99e0f0bf1de3bbf", "numVertices": 12747, "min": [-1.5, 0.0, -0.045]}
