{"max": [0.0, 0.4572, 0.3556], "centroid": [-0.9652004203448278, 0.23735855044827586, 0.17780003344827575], "id": "9e4c82a76b6aff2bbeedb4c8fd29e2d1", "numVertices": 232, "min": [-1.9304, 0.0, 0.0]}
