{"max": [0.0, 1.3716, 1.19209e-07], "centroid": [-0.45898351489361694, 0.4884096936170213, -0.3525501043538883], "id": "cc9194f94951cd934da5feafe6f1c8fc", "numVertices": 470, "min": [-0.9144, 0.0, -0.434975]}
