{"max": [0.0, 0.87, 0.62715], "centroid": [-0.5999329782733812, 0.6630290359712238, 0.043006115107913634], "id": "bc7973150ac25b1ce08dea88cca8641e", "numVertices": 278, "min": [-1.2, 0.0, 0.0]}
