{"max": [0.5691, 1.524, 1.79076], "centroid": [0.2652368792134833, 0.747614477528089, 1.242136853932581], "id": "6ecb73ea5a117e3fc6647a321d32ae9a", "numVertices": 356, "min": [-0.041228, 0.0, 1.17481]}
