{"max": [0.001, 0.855, 0.0], "centroid": [-0.800228110599077, 0.48783160737327114, -0.45858113018433105], "id": "26d924cab0c8e8f348d189f942cedc62", "numVertices": 434, "min": [-1.602, 0.0, -0.505]}
