{"max": [0.0103773, 0.548233, 0.00384404], "centroid": [-0.9137023492006437, 0.3788758860874925, -0.26981870796406], "id": "161bd345833d982325953d410324c2ee", "numVertices": 8069, "min": [-1.83698, 0.0, -0.556863]}
