{"max": [0.0, 0.8763, -1.86265e-09], "centroid": [-0.15233482357289516, 0.5936429952087565, -0.5125181000125231], "id": "56625ccb6e7dc3fdc59350d819542ec7", "numVertices": 1461, "min": [-0.3048, 0.0, -0.582613]}
