{"max": [0.0184009, 0.799437, 0.0197308], "centroid": [-0.9771957948497948, 0.5156160128755376, -0.2547649465579397], "id": "9b41191a915c09bc669f4f2ecf8fba0", "numVertices": 1165, "min": [-1.94178, 0.0, -0.632311]}
