{"max": [0.176211, 0.569495, 0.318353], "centroid": [-1.3762294540549216, 0.4031215156978023, -0.2952591952062547], "id": "6eb04c416f0e40565a3c5e32936a202c", "numVertices": 13223, "min": [-2.91604, 0.000486689, -0.735272]}
