{"max": [1.08, 2.57, 0.45], "centroid": [-0.48419969171374755, 1.1990701219512179, 0.2871138211382079], "id": "2ce5e1eb83f4510319f778c7a8b12264", "numVertices": 984, "min": [-3.24, 0.02, 0.0]}
