{"max": [0.82, 0.725, 0.0], "centroid": [-0.0020905923344949084, 0.4597169262543532, -0.19721264912891995], "id": "5b4cc3097e79fd316c262ba0bee45d20", "numVertices": 2296, "min": [-0.82, 0.0, -0.650732]}
