{"max": [-3.37731, 0.352672, 1.88155], "centroid": [-4.8716851103565375, 0.2520243633276744, 1.3519661544991532], "id": "c33b2dc4fca8fd178cca710901c2e97b", "numVertices": 1178, "min": [-6.38534, -0.097328, -0.526392]}
