{"max": [0.513086, 0.886198, -0.0425145], "centroid": [-1.0611563163465871, 0.5359208666168052, -0.6625080166638354], "id": "d2d4d92195546a1ecac503d0f3cb1d7a", "numVertices": 17649, "min": [-2.62527, -0.00836915, -1.25424]}
