{"max": [-0.00223771, 0.698015, 0.315262], "centroid": [-0.4389371059813081, 0.19989129663551405, 0.13383966616822426], "id": "9aedc18053d412048ca998f0f87d0c84", "numVertices": 107, "min": [-0.886762, -0.214312, -0.0104623]}
