{"max": [-0.62865, 0.5461, 0.464305], "centroid": [-0.9418161904761905, 0.28474206349206327, 0.22159398412698403], "id": "57678bef578b487a738e43095496b061", "numVertices": 63, "min": [-1.26365, 0.01905, -0.0500447]}
