{"max": [-0.306688, 0.70485, 0.414091], "centroid": [-0.5630968181818146, 0.3538911465631926, 0.3195717400221716], "id": "b6c1fd850c5b042c738e43095496b061", "numVertices": 1804, "min": [-0.817863, 0.0, 0.236291]}
