{"max": [0.0, 1.81735, 0.0446312], "centroid": [-0.4772486089273589, 1.0797524469552158, -0.39256623003386765], "id": "abbb13b953629109d0b36851d61b6fca", "numVertices": 2657, "min": [-0.943344, 0.0, -0.444631]}
