{"max": [1.19243, 1.37801, -1.74233], "centroid": [1.007802043010755, 0.6412535139784951, -1.9101953225806387], "id": "4b006b7a2215db3d284f6213916dba67", "numVertices": 186, "min": [0.78603, 0.0318064, -2.16778]}
