{"max": [0.862105, 0.9144, 0.234576], "centroid": [0.4357578973684221, 0.4514909977192983, 0.1284314789473685], "id": "9cec9c8b65ec9e4f4c62bee40dcdc539", "numVertices": 228, "min": [0.0, 0.0, -0.337397]}
