{"max": [0.0, 0.915687, 0.565791], "centroid": [-0.9144003412322264, 0.5216219336492899, 0.41932551184834155], "id": "6a7ea728941d3f4f4fb4dee5181bee", "numVertices": 422, "min": [-1.8288, 0.0, 0.0]}
