{"max": [0.0, 0.889, 0.4572], "centroid": [-0.8635997499999994, 0.41242889204545635, 0.08158478397727277], "id": "2544d05396cf1c91bc19762eaa7ba40f", "numVertices": 352, "min": [-1.7272, 0.0, 0.0]}
