{"max": [0.0, 0.9, 0.0], "centroid": [-0.875, 0.3585714285714285, -0.21785714285714278], "id": "45d52d8c9b100eb54ebf9d56b42b3033", "numVertices": 28, "min": [-1.75, 0.0, -0.485]}
