{"max": [1.63393, 0.471487, 0.0812318], "centroid": [0.7195274749999997, 0.31829099999999994, -0.07116809791666663], "id": "f4b6526b744290ee5459024571014ce6", "numVertices": 96, "min": [-0.194873, 0.0, -0.223568]}
