{"max": [1.22347, 0.72, 0.720957], "centroid": [0.5994016323255038, 0.28039794843113136, 0.4219752007535519], "id": "2a45727df039318ea46a4c5f3c2363fa", "numVertices": 3238, "min": [-0.0245769, -0.02, -0.02]}
