{"max": [2.75344, 2.1336, 0.3048], "centroid": [1.3793244841139267, 1.110103517721516, 0.07413424050632718], "id": "850bd3a9b96e3ac67d3aa3bae1f7b494", "numVertices": 1580, "min": [0.0, 0.0, 0.0]}
