{"max": [0.0755619, 0.430083, 0.0621016], "centroid": [-0.4251963087362865, 0.3745748520071269, -0.18794870497009064], "id": "d77f648c6df22a05c6510aa63622330c", "numVertices": 128717, "min": [-0.927012, 0.0, -0.437898]}
