{"max": [0.2286, 0.8763, 0.0], "centroid": [0.07147984773333334, 0.6379158, -0.4948466933333336], "id": "5413dbc1844cbed099dd23ec22c4943b", "numVertices": 150, "min": [0.0, 0.0, -0.666753]}
