{"max": [0.035052, 0.886092, 0.119429], "centroid": [-0.8889640722892832, 0.6100695019032134, -0.2060113054989133], "id": "b73da1e1a2f2f549d4d8765e3910f617", "numVertices": 3678, "min": [-1.81292, 0.0, -0.550926]}
