{"max": [0.0, 0.76, 0.19], "centroid": [-1.499999999999996, 0.4349579831932768, -0.11975772605042023], "id": "cf3821cfe979f0214d84fc9b190bb79a", "numVertices": 476, "min": [-3.0, 0.0, -0.548931]}
