{"max": [0.00644931, 0.901078, 0.595118], "centroid": [-0.9048754066666649, 0.5138073235294118, 0.3667569091503269], "id": "af264c02f69566cdf4fb4dee5181bee", "numVertices": 306, "min": [-1.8162, 0.0, -0.0652817]}
