{"max": [1.38739, 1.02102, 0.0], "centroid": [0.7257931314814816, 0.5203173888888886, -0.457868611111111], "id": "5775bf637d14acf1eaa4526a35f01085", "numVertices": 54, "min": [0.0, 0.0, -0.926633]}
