{"max": [1.38345, 0.7, 3.05987], "centroid": [0.6758165891089102, 0.518997000000001, 2.371487326732671], "id": "6953a491a4c74d42d5cec9a69bf229a3", "numVertices": 202, "min": [-0.016548, 0.0, 1.64987]}
