{"max": [0.0, 1.9558, 0.0], "centroid": [-0.46285955555555597, 0.3623321666666667, -0.4748735833333335], "id": "9c87e3b439c20e177f1513678f5ee92", "numVertices": 216, "min": [-0.9144, 0.0, -0.52705]}
