{"max": [0.075, 0.829287, 0.201238], "centroid": [-0.8232373480857562, 0.48220740267543394, -0.08404091292416302], "id": "61e3c4fcffab96b9ed98cca8f0ccd5f7", "numVertices": 1660, "min": [-1.72435, -0.21, -0.407167]}
