{"max": [-0.0014605, 0.6096, 0.480434], "centroid": [-0.9432864614132048, 0.4460373893087562, 0.23876585602334727], "id": "c3f92e6a78ad156863b2acb037dfbcde", "numVertices": 3255, "min": [-1.90703, 0.0, -0.0013415]}
