{"max": [2.15259, 0.455, 0.356535], "centroid": [1.0961915471664236, 0.20458236096426097, 0.019931612259893167], "id": "2480c05ad2b4969971a782a4379556c7", "numVertices": 9458, "min": [0.0247996, 0.0, -0.438806]}
