{"max": [-1.193, 4.847, 0.0], "centroid": [-2.800209877049178, 3.0170690503512865, -1.395533583138181], "id": "9d59bf323b297b327885a2b9445961bb", "numVertices": 1708, "min": [-4.336, 0.0, -1.49865]}
