{"max": [0.0, 0.889, 0.0201059], "centroid": [-0.8890000438197547, 0.606261258784623, -0.1605983544423314], "id": "4e512ab638542762d4d8765e3910f617", "numVertices": 2419, "min": [-1.778, 0.0, -0.6223]}
