{"max": [6.06043, 2.0828, -1.54686], "centroid": [4.2448893628437, 1.2580060476190444, -2.1679457276995433], "id": "33ad208b1b1468bc558ef7f77265c6c3", "numVertices": 1491, "min": [2.39293, 0.0, -2.73776]}
