{"max": [0.0254, 0.876303, 0.457202], "centroid": [-0.4090442947838092, 0.6651254109362639, 0.08039590850036639], "id": "da5d7b5dfa92abdace5d6e9371bb5c33", "numVertices": 273, "min": [-0.5588, 0.0, -0.047625]}
