{"max": [-0.760449, 2.1336, -3.0559], "centroid": [-1.1424216268656688, 0.9675522537313436, -3.5554577611940417], "id": "f3bc5eb543bd852bb7ea82317702e856", "numVertices": 268, "min": [-1.82725, 0.0, -3.8179]}
