{"max": [1.8288, 1.2192, 0.0], "centroid": [0.8493952866242019, 0.60959984910828, -0.20002499999999834], "id": "64af194c4c53040e492d9da2668ec34c", "numVertices": 628, "min": [0.0, 0.0, -0.40005]}
