{"max": [0.554206, 1.8796, 0.262559], "centroid": [0.046214323780487905, 1.1841498292682924, -0.010001512195121952], "id": "df0f03ac21921f02c868162258053ece", "numVertices": 164, "min": [-0.461794, 0.0, -0.143841]}
