{"max": [0.0254, 0.7874, 0.5842], "centroid": [-0.4544876101694909, 0.38395193220339013, 0.11806694915254246], "id": "7d95374a9110157c7d8c689e1315827b", "numVertices": 236, "min": [-0.889, -0.0889, -0.0508]}
