{"max": [0.0047575, 0.877416, -5.96046e-08], "centroid": [-0.9140285335071063, 0.55012114817096, -0.33574733579214516], "id": "b29e0a7af1f8d51b5c50390adfa8881", "numVertices": 8119, "min": [-1.83136, 0.0, -0.688659]}
