{"max": [1.65, 0.429999, 0.0], "centroid": [0.8249967670370354, 0.1682958881481486, -0.14333591506481483], "id": "af06152e440a5224e23bd316353fa056", "numVertices": 216, "min": [0.0, 0.0, -0.460007]}
