{"max": [0.365126, 2.68221e-07, 0.2286], "centroid": [0.1496146295454548, -0.16490839388439363, 0.05569240781818185], "id": "1c4e2879669e949e3fe047712e43e185", "numVertices": 220, "min": [-0.0635015, -0.3048, 0.0]}
