{"max": [0.0, 1.11919, 1.01124], "centroid": [-1.606127407407404, 0.5513910773662549, -0.012501436625514431], "id": "a6565be9e3fb8e1095bea7c29e873d16", "numVertices": 486, "min": [-3.10833, 0.0, -0.142875]}
