{"max": [0.0, 0.807276, 0.15], "centroid": [-1.0000000000000004, 0.40128484848484847, -0.05916345666666668], "id": "35554b4c00816a08b50485c33b91d8c0", "numVertices": 132, "min": [-2.0, 0.0, -0.4]}
