{"max": [0.0, 0.801877, -2.98023e-08], "centroid": [-0.9149262311366606, 0.3740319010782421, -0.31310464063671295], "id": "9897a75c64a369d458c73770090b865", "numVertices": 2261, "min": [-1.8288, -0.175862, -0.640913]}
