{"max": [0.0, -0.082713, 2.43447], "centroid": [-1.2645327836734677, -0.5174288163265276, 1.2130014852244881], "id": "244955211c2f3b94b821b834431f4e0e", "numVertices": 490, "min": [-2.4384, -0.895513, -0.00393156]}
