{"max": [-1.2124, 0.45, 0.615485], "centroid": [-1.8748076923076944, 0.36791444755244906, 0.3696229090909095], "id": "2e2518a8a2f335ae76bc197b3a3ffc0", "numVertices": 286, "min": [-2.6124, 0.0, 0.124684]}
