{"max": [0.0, 0.8763, 8.9407e-08], "centroid": [-0.31779886293622317, 0.5220171112773481, -0.46916436972641273], "id": "329f11a156aee39ac59350d819542ec7", "numVertices": 5347, "min": [-0.6096, 0.0, -0.505035]}
