{"max": [0.0, 0.836016, 0.46], "centroid": [-0.5684541552941176, 0.2887075137254902, 0.1173441505882353], "id": "cd781f0ec08ba028af232a5661e85835", "numVertices": 255, "min": [-1.16, 0.0, 0.0]}
