{"max": [-0.119059, 0.622247, -0.0768368], "centroid": [-1.0937581229619642, 0.3062636351514077, -0.29696450896739124], "id": "8ad9910699d6a21781faebbdea6bd9be", "numVertices": 1472, "min": [-2.06851, 0.0, -0.515301]}
