{"max": [2.41197, 0.584351, -0.161985], "centroid": [2.0896655018450203, 0.24578272146863436, -0.4353074177121776], "id": "86905b35aca5a3f11f8d8332ee17945a", "numVertices": 2710, "min": [1.77785, 0.00140472, -0.677027]}
