{"max": [-3.18785, 0.860665, 0.534902], "centroid": [-3.7680096605157796, 0.31055509339689313, 0.2642063661867884], "id": "b6da9b2fefbad3d9693697d8506b1c6d", "numVertices": 14198, "min": [-4.35171, -0.000220299, -0.114593]}
