{"max": [0.0, 0.762, 0.0], "centroid": [-0.5249605115927027, 0.2559775898817354, -0.2940071721419165], "id": "22e77a41cc388839824662341ce2b233", "numVertices": 761, "min": [-0.9906, 0.0, -0.358775]}
