{"max": [-0.957263, 0.712784, 0.677125], "centroid": [-2.175685403868027, 0.3532864298065981, 0.37497982161547305], "id": "41e1774c1ad94df4ad5067eac75a07f7", "numVertices": 879, "min": [-3.40836, 0.0, 0.0]}
