{"max": [-0.003175, 0.821454, 0.0], "centroid": [-0.8349322999038448, 0.3747560368076923, -0.29321159307692346], "id": "2ab2387e58cfd17ef155d75bbf62b80", "numVertices": 1040, "min": [-1.79387, 0.0, -0.601757]}
