{"max": [-0.590141, 1.36757, -0.506972], "centroid": [-1.199740500000001, 1.1070247361111092, -0.7453333585858593], "id": "d73143a767890e26505bbba2c4eee722", "numVertices": 4752, "min": [-1.80934, 0.670931, -1.01219]}
