{"max": [-1.93982, 2.37117, 0.578915], "centroid": [-2.5869317751479346, 1.2235404568047341, 0.11561827869822483], "id": "d0aee9e36e73a88a11fc2b865c2a185b", "numVertices": 169, "min": [-3.10843, 0.0, 0.0819149]}
