{"max": [1.016, 1.0033, 0.635], "centroid": [0.4831754133928561, 0.6728732142857152, 0.2908645540178577], "id": "b4da5084ae0237fca4ab444e58fa9bdc", "numVertices": 448, "min": [-0.0508, 0.0, -0.0508]}
