{"max": [-0.127, 0.78, 0.677], "centroid": [-1.2057478518518525, 0.5399871712962966, 0.14057933333333342], "id": "7a9feaea9793b570fc9d1bd1b5b90d13", "numVertices": 108, "min": [-2.53343, 0.0, 0.111125]}
