{"max": [0.199, 0.898, 0.5985], "centroid": [-0.4299999999999999, 0.5927727272727266, 0.27599999999999986], "id": "349e1bf46f54c4f267efa971ab69a8e9", "numVertices": 176, "min": [-1.059, 0.0, -0.0465]}
