{"max": [-0.111895, 0.372516, 0.976104], "centroid": [-0.39645253230707295, -0.284711873510838, 0.7059210537775965], "id": "7ed5c429313f20e079bb09dc5605a57", "numVertices": 9874, "min": [-0.687895, -0.888583, 0.49078]}
