{"max": [0.885833, 1.35255, 0.0381], "centroid": [0.492222303497256, 0.32920203929704644, -0.24242508448294858], "id": "8fcfa31d1df6e8ec9c2edb56a98b4be7", "numVertices": 38779, "min": [-0.0730331, -0.152207, -0.522663]}
