{"max": [0.0, 2.0828, 0.491826], "centroid": [-0.4472324189180124, 1.086889618012421, 0.023902797622670904], "id": "56676ff1d9f8a1e94c61a7cce317bfb7", "numVertices": 644, "min": [-0.893083, 0.0, -0.0573405]}
