{"max": [2.59825, 0.45, -0.198189], "centroid": [1.7982510000000003, 0.19500000000000003, -0.40818899999999975], "id": "f8dd3c18e0735bb4b2644d7d4d7ea2c7", "numVertices": 32, "min": [0.998254, 0.0, -0.618189]}
