{"max": [0.0, 0.8763, -1.86265e-09], "centroid": [-0.15238609645469872, 0.6151060754079936, -0.518306994439108], "id": "33ec57af7f648994da5feafe6f1c8fc", "numVertices": 1777, "min": [-0.3048, 0.0, -0.5812]}
