{"max": [0.0, 2.79085, 0.0], "centroid": [-1.1769990521904046, 1.4371259631261142, -0.45387704910835264], "id": "26657a42d9ec207ee30ec6a0c7ae873f", "numVertices": 28150, "min": [-2.6, 0.0, -0.682599]}
