{"max": [1.72955, 0.773955, 0.304316], "centroid": [0.9546206261363689, 0.40029125954545586, -0.027280605795454504], "id": "dc286270b2256b94d2b12aa6a0f050b3", "numVertices": 3520, "min": [0.176945, -0.084309, -0.362861]}
