{"max": [0.0128373, 0.853127, 0.0565591], "centroid": [-1.2256998566212647, 0.5310793107962822, -0.25091955784472003], "id": "5e1ef1b63216952dd2b12aa6a0f050b3", "numVertices": 32255, "min": [-2.46394, 0.0, -0.598123]}
