{"max": [-242.633, 0.35, -241.116], "centroid": [-243.3446071428575, 0.02901785714285712, -241.3402857142862], "id": "de00838284782bfe97fb25ec4f973add", "numVertices": 112, "min": [-244.033, -0.4, -241.736]}
