{"max": [1.8288, 0.4318, 0.5588], "centroid": [0.9041027027027027, 0.305314864864865, 0.27287839189189256], "id": "23b5a3c3d7d6057636ebcfdda999d232", "numVertices": 148, "min": [0.0, 0.0, 0.0]}
