{"max": [0.0, 0.8763, 0.0], "centroid": [-0.15224365748290003, 0.5932369466484222, -0.5826321212140222], "id": "2cf613433894022dc59350d819542ec7", "numVertices": 1462, "min": [-0.3048, 0.0, -0.658813]}
