{"max": [0.0, 1.45, 0.386735], "centroid": [-0.43926127135549775, 0.7269691656777505, 0.02505994997442466], "id": "69544db102786237f51f77a6d7299806", "numVertices": 782, "min": [-0.85, 0.0, 0.0]}
