{"max": [1.74778, 0.457758, 0.0], "centroid": [0.8787228583333341, 0.3827531937500003, -0.22424331140281678], "id": "957596b8dc4cba37ad5067eac75a07f7", "numVertices": 1920, "min": [0.0, 0.0, -0.450593]}
