{"max": [0.914697, 0.413385, 0.0], "centroid": [0.38927303979066036, 0.2614378808373591, -0.15045890570370388], "id": "2356e0b210f85371f8fa66012789e652", "numVertices": 621, "min": [-0.101303, 0.05715, -0.3048]}
