{"max": [1.24, 1.0136, 0.0], "centroid": [0.6213846381794866, 0.6394159282051296, -0.21289528589743645], "id": "b1ac6f2ba106e8ec2250bf58700b4d8f", "numVertices": 780, "min": [0.0, 0.0, -0.644977]}
