{"max": [0.10059, 0.62813, 6.14314], "centroid": [-0.7493490092312499, 0.31798070675759516, 5.956499628022314], "id": "4e43690694133a65e5ef38e098c46afd", "numVertices": 1613, "min": [-1.62848, -0.28176, 5.59078]}
