{"max": [1.16535, 0.643276, 0.723518], "centroid": [0.5797482349638389, 0.46503021988795673, 0.4376196741363184], "id": "648754d5b241b12e4886781cb92ae74e", "numVertices": 2142, "min": [-0.00635, 0.0, 0.152131]}
