{"max": [1.92405, 3.4671, 5.4864], "centroid": [-5.053820099834442, 1.989543890728473, 3.118730248344366], "id": "4504e203b67dd8e473f10e6caaeca56", "numVertices": 1208, "min": [-11.9824, 0.0, 0.0]}
