{"max": [0.0, 0.801877, 0.0247603], "centroid": [-0.9155172480178201, 0.42503771358574655, -0.25422517420026947], "id": "a219234ac9ffe2e012f133bc7efb2111", "numVertices": 2245, "min": [-1.8288, -0.175862, -0.640913]}
