{"max": [0.0, 1.355, 0.63], "centroid": [-0.26901625581395333, 0.9225937209302313, 0.02629302325581385], "id": "6098dfbdd0fc78a321e96d7b34bacdcf", "numVertices": 172, "min": [-0.43, 0.0, -0.0043]}
