{"max": [1.77845, 0.646212, 0.4754], "centroid": [0.8894789637145045, 0.36375655621492453, 0.22413379323394467], "id": "868d86e47bcf7c9d1dd03d3141d85a03", "numVertices": 2345, "min": [0.0, 0.0, -0.00124531]}
