{"max": [1.29957, 0.299137, -0.100631], "centroid": [0.5447800445901638, 0.08945271162295078, -0.42448550819672165], "id": "e7bb6ef568db1c986dfe473551340375", "numVertices": 122, "min": [-0.200431, -2.2e-08, -0.761603]}
