{"max": [0.0, 0.8763, 8.9407e-08], "centroid": [-0.7626804780316352, 0.5887064463971863, -0.4134875977891339], "id": "1e18f136798cb3f0c59350d819542ec7", "numVertices": 569, "min": [-1.524, 0.0, -0.517525]}
