{"max": [0.0254, 0.7366, 0.4572], "centroid": [-0.9147052069425912, 0.4535459903871837, -0.009495327102803736], "id": "2cd30f8ab084d274391fb969ff1ec5ce", "numVertices": 1498, "min": [-1.8542, 0.0, -0.0381]}
