{"max": [1.6, 0.7, 0.5], "centroid": [3.172065784643304e-17, 0.4, -7.93016446160826e-18], "id": "3ef52655b95ea7828d1fe8cdc415f4c5", "numVertices": 14, "min": [-1.6, 0.0, -0.4]}
