{"max": [0.992705, -0.657338, -2.71909], "centroid": [0.0524590492441336, -0.9563508529444942, -2.9986285401624113], "id": "2fe40aafbefd99a9d2b12aa6a0f050b3", "numVertices": 17728, "min": [-0.886895, -1.34876, -3.27978]}
