{"max": [-0.224756, 2.50653, 0.721631], "centroid": [-1.239142757974495, 1.5639159516878836, 0.10692423396726398], "id": "b06b351b939e279bc5ff6d1af2135fc9", "numVertices": 21506, "min": [-2.26831, 0.0, 0.0360138]}
