{"max": [0.0, 0.8763, 8.9407e-08], "centroid": [-0.5042567564975539, 0.5259063682762802, -0.4663314205812989], "id": "d4a7b45abac7a39c59350d819542ec7", "numVertices": 3272, "min": [-0.9906, 0.0, -0.50165]}
