{"max": [0.000146355, 0.885111, 4.47035e-08], "centroid": [-0.9399226877754095, 0.5420332428753718, -0.24332330853925158], "id": "78ff35f4e229d1306f08940aa2c35d2c", "numVertices": 2351, "min": [-1.87452, 0.0, -0.666509]}
