{"max": [3.84334, 2.1336, -1.75805], "centroid": [1.7920863594850691, 1.035670504634397, -1.9373149021627054], "id": "6ed6e797fbb6f0c9b4979bfe197a8c89", "numVertices": 971, "min": [-0.27146, 0.0, -2.13905]}
