{"max": [-1.01456, 3.9428, -0.830444], "centroid": [-3.727142078431377, 2.198289662745099, -2.8440268941176416], "id": "af99a90272d8f5d7776cc3eef7148ace", "numVertices": 255, "min": [-6.47416, 0.0, -3.4916]}
