{"max": [0.115001, 0.534625, 0.0922603], "centroid": [-0.3844017587818392, 0.22043420351528176, -0.10880642704601526], "id": "ee8c43b1ffc8e8cd7389336cf5b6aec6", "numVertices": 5694, "min": [-0.883804, 0.0, -0.312333]}
