{"max": [0.0, 0.798438, 0.00115595], "centroid": [-0.881608181760513, 0.5113526965265073, -0.34003810508226706], "id": "c33adaafb71b0080582f9c2e887b930c", "numVertices": 547, "min": [-1.77165, 0.0, -0.699783]}
