{"max": [0.00635, 0.64135, 0.55245], "centroid": [-1.1620501916057215, 0.5014297142857133, 0.26035001480057157], "id": "cb30a5a8df3007f6f4fb4dee5181bee", "numVertices": 1400, "min": [-2.33045, 0.0, -0.03175]}
