{"max": [1.84155, 0.755894, 0.764381], "centroid": [0.8403685032927202, 0.2865327434968696, 0.442564972505761], "id": "d8fe288f137ccddc1c57d18f89ad9dc3", "numVertices": 6074, "min": [-0.158447, 0.0, 0.002301]}
