{"max": [0.0, 0.8, 0.3315], "centroid": [-0.3750476481812756, 0.4813952726595108, 0.005885598902802762], "id": "248ff0771f1eb286f51f77a6d7299806", "numVertices": 6708, "min": [-0.75, 0.0, 0.0]}
