{"max": [2.3368, 0.6223, 0.0], "centroid": [1.1683999999999974, 0.42267187499999936, -0.29458046874999955], "id": "1d6150ae91a07cf6f4fb4dee5181bee", "numVertices": 256, "min": [0.0, 0.0, -0.59055]}
