{"max": [0.0, 0.25146, 0.0], "centroid": [-0.2756452173913041, 0.14442182608695653, -0.08785501449275358], "id": "f1fe8c6c1f9f28321739c3c7bfb786a5", "numVertices": 138, "min": [-0.54864, 0.0, -0.21336]}
