{"max": [0.0, 0.8763, 0.0], "centroid": [-0.348866106845637, 0.5814940000000003, -0.4777814027345675], "id": "c817934380830ccb4da5feafe6f1c8fc", "numVertices": 298, "min": [-1.0668, 0.0, -0.669925]}
