{"max": [0.0381, 0.338538, 0.283049], "centroid": [-0.9270985445559206, -0.03534803747640291, 0.05959701541620233], "id": "73cc1e9a8f666ad2d2b12aa6a0f050b3", "numVertices": 5382, "min": [-1.8923, -0.4572, -0.299065]}
