{"max": [9.06, 3.31, 2.19], "centroid": [4.53, 1.201744, 1.2494904000000002], "id": "d2cd3e3cb4ed6ee4e7fbee941d13bb9f", "numVertices": 20, "min": [0.0, 0.0, 0.0]}
