{"max": [0.0, 0.762, 0.0], "centroid": [-0.809073859334763, 0.18928646298283128, -0.30002851072961423], "id": "2f0a56c30e384642c59350d819542ec7", "numVertices": 932, "min": [-1.3716, 0.0, -0.3556]}
