{"max": [0.0508, 0.642621, 0.262901], "centroid": [-1.1684000000000063, 0.37972200264084904, -7.04225350881971e-09], "id": "24eac2668c9f241fd2b12aa6a0f050b3", "numVertices": 4544, "min": [-2.3876, 0.0, -0.262901]}
