{"max": [-2.4983, 2.1336, 1.4303], "centroid": [-3.6584725961538456, 1.2094615144230798, 1.0100940480769218], "id": "2018d0713d4c22df480fa521a9c7198a", "numVertices": 416, "min": [-4.8351, 0.0, 0.769904]}
