{"max": [0.0, 0.427038, 0.0], "centroid": [-0.8848804538461534, 0.3891378394648849, -0.2386638277591971], "id": "f39401db6cc45a3ae3e15116d1de599a", "numVertices": 598, "min": [-1.7653, 0.0, -0.477837]}
