{"max": [-0.00317499, 0.880774, 0.734558], "centroid": [-0.8107890339785815, 0.5441794713083398, 0.4262317634454938], "id": "efd2d13058330e49d7f638b2b2e0564", "numVertices": 2614, "min": [-1.6184, 0.0, -1.2666e-07]}
