{"max": [-0.278792, 1.3716, 0.596684], "centroid": [-0.8169244118624607, 0.7075820740092854, 0.21156258087656507], "id": "875437f9f2bfdc3feadc9f074ecd1df1", "numVertices": 11431, "min": [-1.34559, 0.0, -0.177605]}
