{"max": [0.762, 0.0, 0.0], "centroid": [0.38486300000000034, -0.47291624999999965, -0.22076833333333332], "id": "688102337377c19d1d860ee2ad2a42e1", "numVertices": 120, "min": [0.0, -0.9144, -0.327025]}
