{"max": [0.0, 0.8763, 0.0], "centroid": [-0.15698701409601656, 0.6061628712972408, -0.554304979790502], "id": "198cbe57b01bad9dc59350d819542ec7", "numVertices": 979, "min": [-0.3048, 0.0, -0.6604]}
