{"max": [0.0254, 0.8763, 0.6096], "centroid": [-0.16042453498808387, 0.6452253978592335, 0.12273616437860638], "id": "4073ca6ce52b5d65ce5d6e9371bb5c33", "numVertices": 287, "min": [-0.254, 0.0, -0.0476306]}
