{"max": [0.073025, 0.840834, 0.643506], "centroid": [-0.7790647754231992, 0.4901187335423199, 0.3996745040438879], "id": "6aae683396bc08eaa4b1640fdb2c85c0", "numVertices": 1276, "min": [-1.60337, 0.0, -0.0155657]}
