{"max": [0.0, 0.8763, -1.86265e-09], "centroid": [-0.1525541579288023, 0.5315636051779937, -0.35044571559318166], "id": "b2b89d3ec5918f69c59350d819542ec7", "numVertices": 309, "min": [-0.3048, 0.0, -0.593725]}
