{"max": [0.0, 0.725919, 0.00643319], "centroid": [-0.9144000000000005, 0.45110908352182927, -0.2607866446271866], "id": "5207969c5c38875a6eca3a103e1326ab", "numVertices": 446, "min": [-1.8288, -3.81842e-07, -0.581124]}
