{"max": [0.00635, 0.887812, 0.595118], "centroid": [-0.5460999634959349, 0.4887591626016258, 0.3393006674796743], "id": "14af4a9931635c75f4fb4dee5181bee", "numVertices": 246, "min": [-1.09855, 0.0, -0.0652817]}
