{"max": [0.0, 0.789572, 0.761427], "centroid": [-0.9849111741242805, 0.5368867067878484, 0.3809350416216583], "id": "48ea3558db137e87ad5067eac75a07f7", "numVertices": 12213, "min": [-1.9649, 0.0, 1.19209e-07]}
