{"max": [0.0047575, 0.877416, -5.96046e-08], "centroid": [-0.9140786305925105, 0.5364068972420344, -0.33645182400100193], "id": "c0e755071b467ac433faf2dd5a7ff771", "numVertices": 8412, "min": [-1.83136, 0.0132086, -0.688659]}
