{"max": [0.0508, 1.9812, 0.48895], "centroid": [-0.6968588772240891, 0.6872768354203665, 0.259090492815647], "id": "c6e91d50e1bb3351a8851b4eb6161973", "numVertices": 3271, "min": [-1.4224, 0.0, 0.0]}
