{"max": [0.185737, 0.414337, 0.0], "centroid": [-0.49838568767123287, 0.3090759219178087, -0.11117582994520547], "id": "a2c53b2490e4151517a6e523c9595e10", "numVertices": 292, "min": [-1.18269, 0.0, -0.22225]}
