{"max": [-0.242334, 1.06206, 0.242039], "centroid": [-1.3666369580896685, 0.6435611988304112, -0.3972061265107161], "id": "108295ef2f00c9aa9d886ab2fa5ee681", "numVertices": 1026, "min": [-2.28253, 0.0, -0.488461]}
