{"max": [-0.99266, 2.02259, 0.5842], "centroid": [-2.175625884645361, 0.5179709703819173, -0.06457327100545504], "id": "6bf0f5e06cb748bb9671c58246946ed6", "numVertices": 1283, "min": [-3.37391, 0.0, -0.118436]}
