{"max": [0.0254, 1.46685, 0.5588], "centroid": [-0.46399662801932345, 0.6579261594202898, 0.044787439613526575], "id": "10c484963692d3c87d40405e5ee68b4f", "numVertices": 207, "min": [-0.9525, 0.0, -0.0254]}
