{"max": [0.0131012, 0.0127587, 0.00626029], "centroid": [1.3630144745124445e-05, 0.005288371226054121, 0.00021436343700440596], "id": "991803aca7fca258b40f0ac0fb9a650d", "numVertices": 1589, "min": [-0.0132297, -2.032e-07, -0.00625198]}
