{"max": [0.949697, 0.929565, 0.50894], "centroid": [-0.15526233444816015, 0.5027322867892973, 0.21063338654431446], "id": "7462c18d6934c5a3a83826e22c7812a6", "numVertices": 2392, "min": [-1.2503, 0.0, -0.0836848]}
