{"max": [0.0, 0.773567, 1.49012e-08], "centroid": [-0.9923477314092933, 0.5115558941684673, -0.2776642009126333], "id": "66adf182075ea88177f32db2e5e73311", "numVertices": 1852, "min": [-1.98088, 0.0, -0.680073]}
