{"max": [-0.0889, 0.878041, 0.0806439], "centroid": [-0.8510539181986546, 0.4524487855634433, -0.17593763528796122], "id": "117f0ee18ed91ea2d4d8765e3910f617", "numVertices": 52960, "min": [-1.6129, 0.0, -0.552018]}
