{"max": [0.015875, 1.67675, 0.4191], "centroid": [-0.48616410197958887, 0.9512127863641742, 0.0660489891476288], "id": "422975f531854eeaf36ea1eb6542fe7e", "numVertices": 1940, "min": [-0.987425, -0.000913994, -0.0381]}
