{"max": [0.0, 0.789572, 0.761427], "centroid": [-0.9849427026003779, 0.5371191681769059, 0.3809384308052945], "id": "219c0e465d55e89cad5067eac75a07f7", "numVertices": 12029, "min": [-1.9649, 0.0, 1.19209e-07]}
