{"max": [0.0, 0.81522, 0.653956], "centroid": [-1.1799905831343298, 0.21613422716417932, 0.29335442283582097], "id": "75ba60267a6c36af4b0780126e986ee", "numVertices": 402, "min": [-2.35998, 0.0, 0.0]}
