{"max": [0.0, 0.850885, 0.684571], "centroid": [-1.1874500000000143, 0.45628622126412277, 0.2403074538399546], "id": "807f68d665cf7b0cf4fb4dee5181bee", "numVertices": 6898, "min": [-2.3749, 0.0, -0.0266056]}
