{"max": [0.0508, 0.858964, 0.26785], "centroid": [-0.565358046104119, 0.480795189871382, -0.05799865770670297], "id": "554a52dd42ce558bd2b12aa6a0f050b3", "numVertices": 2939, "min": [-1.1811, -2.54e-08, -0.39483]}
