{"max": [1.42377, 0.5172, -0.800522], "centroid": [0.619158404897139, 0.2968385171133526, -1.0672067373941116], "id": "423a75018428cffd46c340938e2ff1c", "numVertices": 2479, "min": [-0.176227, 0.0, -1.33163]}
