{"max": [0.0, 0.823913, 0.4953], "centroid": [-1.0682192273307813, 0.624812393358877, 0.3073562196934857], "id": "c2b18cadd355a5f18aaae3d020f5ddf8", "numVertices": 783, "min": [-2.1336, 0.0, 0.0]}
