{"max": [0.0, 0.784225, 0.073025], "centroid": [-0.2946046861702135, 0.379356595744681, -0.10470831003039456], "id": "6f56fdbf225247abcd8f3fe9ca2145e1", "numVertices": 1316, "min": [-0.59055, 0.073025, -0.114269]}
