{"max": [0.0, 0.7112, 0.560056], "centroid": [-0.7325624130540663, 0.34784743302484045, 0.020675663944290264], "id": "38def13ea098f098fb266533561ee98a", "numVertices": 2053, "min": [-1.524, 0.0, 3.72529e-09]}
