{"max": [0.0, 0.8763, 0.0], "centroid": [-0.5000450483538587, 0.6233042019321933, -0.6188322867995676], "id": "29c6f3ce118576724da5feafe6f1c8fc", "numVertices": 5279, "min": [-0.9906, 0.0, -0.6574]}
