{"max": [-5.96046e-08, 0.559014, 0.509054], "centroid": [-0.932513987746242, 0.37118636895074797, 0.24857076944668077], "id": "2e5b449d584725dead5067eac75a07f7", "numVertices": 1868, "min": [-1.87332, 0.0, 0.0]}
