{"max": [0.1524, 1.0414, 0.127], "centroid": [-1.295399999999975, 0.47783817281191804, -0.2679180774227192], "id": "1422f82a72e0b7f48ae1c1abea367249", "numVertices": 2148, "min": [-2.7432, 0.0, -0.9144]}
