{"max": [0.0, 0.4516, 0.28], "centroid": [-0.8337456071200001, 0.34427859466666644, 0.13482316901333327], "id": "cca18c7f8636606f51f77a6d7299806", "numVertices": 150, "min": [-1.5, 0.0, 0.0]}
