{"max": [3.39566, 0.400041, -0.0194945], "centroid": [2.1764620959999954, 0.19538832159999991, -0.22253321199999976], "id": "38e54a16698453baad5067eac75a07f7", "numVertices": 250, "min": [0.957263, 0.0, -0.425895]}
