{"max": [1.21285, 0.64135, 0.03175], "centroid": [0.6032498487485689, 0.5014297142857133, -0.2603500148005712], "id": "18000ed6034007caf4fb4dee5181bee", "numVertices": 1400, "min": [-0.00635, 0.0, -0.55245]}
