{"max": [0.0, 0.85, 0.45], "centroid": [-0.46540451220238105, 0.18915546071428574, 0.2220126488095253], "id": "956c437be87a2be5f51f77a6d7299806", "numVertices": 672, "min": [-0.95, 0.0, 0.0]}
