{"max": [-1.94982, 2.7029, -0.325775], "centroid": [-4.589619212121211, 1.6671607482424233, -0.5995227272727306], "id": "1f4ccbdbd0162e9be3f7a74e12a274ef", "numVertices": 660, "min": [-6.92706, 0.00188071, -0.930775]}
