{"max": [1.0216, 2.1336, 0.782771], "centroid": [0.5638710738095235, 1.0747317181092346, 0.15288454999999937], "id": "2c1af98d2058a8056588620c25b809f9", "numVertices": 1680, "min": [0.107198, 0.0, 0.129991]}
