{"max": [0.0, 0.9652, 0.0], "centroid": [-0.8095645632530116, 0.5343195481927708, -0.4805343373493947], "id": "3297041a1a8de1d3d0f3f1f5f6accdb1", "numVertices": 664, "min": [-1.61925, 0.0, -0.5207]}
