{"max": [-0.0381, 0.775418, 0.0428119], "centroid": [-0.9394494395418287, 0.41305998889331397, -0.2537240293212842], "id": "77c25a03784c8ea4d4d8765e3910f617", "numVertices": 12569, "min": [-1.8415, -2.54e-05, -0.549097]}
