{"max": [0.0, 0.7112, 0.0], "centroid": [-0.8834440251640553, 0.2881339498961874, -0.5128379609115784], "id": "97c6b3099a406960d3dad974dc098fa1", "numVertices": 8381, "min": [-1.8288, 0.0, -1.18798]}
