{"max": [1.58, 0.52, 0.0], "centroid": [0.7899999750000029, 0.302690624342105, -0.3513673532894731], "id": "4bc92bee14e81db06c262ba0bee45d20", "numVertices": 3040, "min": [0.0, 0.0, -0.7]}
