{"max": [-0.709759, 1.0922, -0.538363], "centroid": [-3.287606122720316, 0.3713944235432033, -1.6634469843190922], "id": "ac4de7e08bc1f024c955e5ed03ef3a2f", "numVertices": 5867, "min": [-5.28176, 0.0, -2.78717]}
