{"max": [0.0184009, 0.868401, 0.019664], "centroid": [-0.6486449537211267, 0.5805307442244245, -0.19985591105528094], "id": "d25262c74c8269a04c80535a28040aea", "numVertices": 2424, "min": [-1.38298, 0.0, -0.600838]}
