{"max": [0.0, 1.3843, 0.8128], "centroid": [-1.3242643582887743, 0.6477679144385012, 0.36784158288769975], "id": "9da3d1f848bb801c77ec6cec7835f07c", "numVertices": 374, "min": [-2.54, 0.0, -0.10795]}
