{"max": [0.0, 0.7366, 0.0], "centroid": [-0.196773928585177, 0.48892346102021045, -0.5087360481819337], "id": "96969d7adc540bf686d53ab0fe94e911", "numVertices": 1039, "min": [-0.4572, 0.0, -0.583466]}
