{"max": [0.0, 0.8763, 8.9407e-08], "centroid": [-0.3559270104633782, 0.5625824125560545, -0.41008051590734873], "id": "dfb5415f3bb999a4c59350d819542ec7", "numVertices": 669, "min": [-0.6858, 0.0, -0.511175]}
