{"max": [1.12012, 0.484189, 0.462058], "centroid": [0.5340639813498558, 0.22658425002049923, 0.20735199384187067], "id": "835086fd24eb283650f9fc0e2c94dd76", "numVertices": 5235, "min": [-0.048, -0.00599999, -0.040466]}
