{"max": [0.0, 0.9144, 0.0], "centroid": [-0.9144000185999999, 0.44736493000000016, -0.46929912000000024], "id": "b6392ba0cc9448b353a5b360543fbe7", "numVertices": 200, "min": [-1.8288, 0.0, -0.508]}
