{"max": [0.003, 6.757, 2.5], "centroid": [-2.002168945147681, 2.7945860337552686, 0.4198312405063291], "id": "353dd8c418146de16c7d1f675f2a04a5", "numVertices": 237, "min": [-3.997, -0.0055, 0.0]}
