{"max": [3.0908, 0.97, 0.0554821], "centroid": [1.5433479638874392, 0.49118501980198676, -0.324832213548722], "id": "e68f6dfeb7ceea7084663e651cb1f07e", "numVertices": 1919, "min": [0.0, 0.0, -0.54822]}
