{"max": [0.0, 0.8763, 0.0], "centroid": [-0.45616687014492086, 0.5844252471200292, -0.6134955039074301], "id": "6f679ca92bfaca984da5feafe6f1c8fc", "numVertices": 2691, "min": [-0.9144, 0.0, -0.65405]}
