{"max": [-2.42912, 0.5588, -2.27041], "centroid": [-3.4672883296213715, 0.13519809365256136, -2.716911670378617], "id": "4d97127bea831058b26ee99f2f592682", "numVertices": 449, "min": [-4.53732, -0.00346441, -3.15941]}
