{"max": [0.447445, 0.939762, 0.264218], "centroid": [0.0029449999999999785, 0.4481447539200002, 0.05745777142857143], "id": "bbb448ee06bd6d83d838ae16242881dc", "numVertices": 70, "min": [-0.441555, -3.82016e-05, -0.29016]}
