{"max": [0.0, 0.84, 0.5473], "centroid": [-0.6087127419262309, 0.48588095327868813, 0.23665979909836138], "id": "cb75de930881a633f51f77a6d7299806", "numVertices": 976, "min": [-1.21505, 0.0, 0.0]}
