{"max": [0.02, 0.47, 0.35], "centroid": [-0.5500000020608354, 0.33636532300950617, 0.16999998026463808], "id": "7c335945340c674cefacb264ebf1ec75", "numVertices": 2104, "min": [-1.12, 0.0, -0.00999999]}
