{"max": [-1.84165, 0.691977, 0.723054], "centroid": [-2.413402444284692, 0.4445961497570126, 0.25020599597412047], "id": "39b50a129ff530efb4ba4a53b97265b", "numVertices": 6955, "min": [-2.86822, -0.188023, 0.211129]}
