{"max": [0.967726, 0.530225, 0.0], "centroid": [0.48386303867187447, 0.26442386328125017, -0.26051366093750034], "id": "433b0fe363861867b25e7c54df7809b7", "numVertices": 256, "min": [0.0, 0.0, -0.434975]}
