{"max": [0.0, 0.92, 0.5], "centroid": [-0.8194511515151524, 0.4165595886060613, 0.19002424242424246], "id": "3bb0b093c66b1af37a0a46ab3b36f780", "numVertices": 165, "min": [-1.62, -8.622e-05, 0.0]}
