{"max": [0.00367224, 0.86155, 0.0380457], "centroid": [-0.8572084506905121, 0.45745610789324265, -0.3647516475082332], "id": "70612bccd74c969476c40ae77a98137f", "numVertices": 1761, "min": [-1.8415, 0.0, -0.617765]}
