{"max": [0.0, 0.8763, 8.9407e-08], "centroid": [-0.3188724517135087, 0.5233940992747085, -0.44896328555173437], "id": "7d9b7a4412d9f373c59350d819542ec7", "numVertices": 2206, "min": [-0.6096, 0.0, -0.505195]}
