{"max": [0.0, 1.9812, 0.612775], "centroid": [-0.4544369406360404, 0.41488134693222, -0.03943392007709665], "id": "b56d8e21ac71f5d184296c7704cc40e8", "numVertices": 3113, "min": [-0.9144, 0.0, -0.0584036]}
