{"max": [0.01905, 0.877608, 0.614655], "centroid": [-0.7424884850746288, 0.5438484626865667, 0.39405022559701497], "id": "e329a9a5e7422b0a43638dabe1eb5336", "numVertices": 268, "min": [-1.50495, 0.0, -0.00754499]}
