{"max": [3.47, 2.26, 0.0], "centroid": [1.713095595126526, 0.9275538894095547, -0.3224451733833193], "id": "b8300f2e4a8adf9b31de0931bd5b560c", "numVertices": 1067, "min": [0.0, 0.0, -0.659]}
