{"max": [0.0, 2.31, 0.3], "centroid": [-1.3740232000000026, 1.3432142400000016, 0.1451999999999997], "id": "ab9e20f3f9d2f1d1d77c088a902d8fa1", "numVertices": 200, "min": [-2.75, 0.0, 0.0]}
