{"max": [0.412482, 0.650558, 0.0], "centroid": [-0.8864811967119544, 0.42095447010869674, -0.23871163097826098], "id": "6b70f11a9baa59ade43f70c0a99fd544", "numVertices": 736, "min": [-2.17778, 0.0, -0.477837]}
