{"max": [0.0, 0.8763, 8.9407e-08], "centroid": [-0.7719360117940549, 0.5893659980043882, -0.46576760170464604], "id": "28ad7242b0bd168ec59350d819542ec7", "numVertices": 5011, "min": [-1.524, 0.0, -0.508]}
