{"max": [1.77845, 0.646212, 0.4754], "centroid": [0.7870478682517468, 0.4357643827271191, 0.27690248596450134], "id": "229d510bace435811572ee5ddf1b55b", "numVertices": 3617, "min": [0.0, 0.0, -0.00124531]}
