{"max": [-0.0714375, 0.431447, -0.174455], "centroid": [-1.0168077057379954, 0.34062385382839394, -0.421102886299435], "id": "70edb39bb2710eebcb2a965e75be701c", "numVertices": 5664, "min": [-1.96215, 0.0, -0.65694]}
