{"max": [-1.43719, 1.23825, 1.94548], "centroid": [-2.5603060138248868, 0.7124582949308753, 1.8005858755760236], "id": "b5a0f4e52687b87ea5cbb6810d19a105", "numVertices": 434, "min": [-3.58984, 0.0, 1.57718]}
