{"max": [1.778, 0.433368, 0.3937], "centroid": [0.8889891522988506, 0.28756228321839117, 0.19684598355172406], "id": "8d218bceb517f272f155d75bbf62b80", "numVertices": 696, "min": [0.0, 0.0, 0.0]}
