{"max": [0.0, 1.79516, 0.00224629], "centroid": [-0.6502923028941181, 0.596575738588235, -0.27202295374083535], "id": "1f674f735abb7b1d75869f989849123f", "numVertices": 850, "min": [-1.19508, -0.0249, -0.645047]}
