{"max": [0.0, 2.11, 0.395], "centroid": [-0.5675373627503483, 1.9423492012448322, 0.05988283842150764], "id": "97902b0e2ce271ae60f16a92a4f24bcd", "numVertices": 2892, "min": [-1.13, 0.0, 0.0]}
