{"max": [0.9, 1.925, 0.0], "centroid": [0.44846610324754765, 0.9235182230392197, -0.31078051415441027], "id": "6ab14d89360d0a55ff3ea34d08547895", "numVertices": 1632, "min": [0.0, 0.0, -0.352]}
