{"max": [0.0, 1.50495, 0.4064], "centroid": [-0.6533585423568394, 0.912858258400376, 0.16711623136538958], "id": "25cd31f334358e0260bec33edd014356", "numVertices": 2113, "min": [-1.50495, 0.0, -0.002]}
