{"max": [0.265996, 3.89312, 1.36207], "centroid": [-3.491928018987314, 2.0433058069620285, -0.6739764155063299], "id": "fc6c2a011ba0997cdccf03d91dc58d38", "numVertices": 632, "min": [-7.35242, 0.0, -4.02621]}
