{"max": [1.2, 2.176, 0.47], "centroid": [0.8493301607151371, 1.6516515918951131, 0.20146604022646192], "id": "6059f5f009c40b814702663c3b3faf8f", "numVertices": 1678, "min": [0.0, 0.0, 0.0]}
