{"max": [3.7372, 0.611127, -1.36823], "centroid": [2.520410944036207, 0.30888581217637123, -1.6967219163369107], "id": "45dc4d46a456d36c2056b4bd5d870b47", "numVertices": 1769, "min": [1.28672, 0.00736366, -2.04566]}
