{"max": [0.0, 0.804757, -0.105194], "centroid": [-0.9429753567670915, 0.445257712188082, -0.40459271366010985], "id": "9fe85429413af216cb2a965e75be701c", "numVertices": 13016, "min": [-1.88595, 0.0, -0.804202]}
