{"max": [1.70083, 0.431928, -0.000583794], "centroid": [0.8550763986947368, 0.36997076106666776, -0.25797829505964953], "id": "3776c500e1654d55c50517751ed5f28c", "numVertices": 285, "min": [-0.000965378, -0.00128567, -0.513573]}
