{"max": [0.0, 0.712784, 0.677125], "centroid": [-1.8230621075359894, 0.33761199678238696, 0.3663219292972059], "id": "eb245de64157afe8ad5067eac75a07f7", "numVertices": 1181, "min": [-3.6576, 0.0, 0.0]}
