{"max": [1.62167, 0.315, 0.153745], "centroid": [0.5442757225352114, 0.20535142253521144, -0.09816580830985908], "id": "1bf5b1fa54aeec162701a18243b45d3", "numVertices": 284, "min": [-0.523327, -0.055, -0.346255]}
