{"max": [0.0, 0.8763, 8.9407e-08], "centroid": [-0.4609169495380229, 0.6388931869225289, -0.4547387308756349], "id": "7b98e7b25bb83413c59350d819542ec7", "numVertices": 1407, "min": [-0.9144, 0.0, -0.505619]}
