{"max": [0.0, 2.3051, 2.98731], "centroid": [-15.416766470111094, 0.4390302247125535, -0.8854032155193154], "id": "79b66254a33c4a80e68b7becf68bd6d3", "numVertices": 20961, "min": [-32.3459, -0.521114, -9.10393]}
