{"max": [0.0, 6.0, 1.5], "centroid": [-2.2541823056300268, 2.600080428954425, 0.7238605898123323], "id": "5d0c82af3d799573eff860318f968925", "numVertices": 373, "min": [-4.5, 0.0, 0.0]}
