{"max": [0.0, 0.838449, 0.00227352], "centroid": [-0.9141393375757579, 0.39137478767676787, -0.20180940099737374], "id": "edac7cf37d1d7a42c79156efeb6d05c4", "numVertices": 990, "min": [-1.81609, 0.0196088, -0.580026]}
