{"max": [-0.0173724, 0.44459, -0.132729], "centroid": [-3.474618715054572, 0.3336663833677328, -1.5738213132556749], "id": "f213ccec1e4c9dddcb2a965e75be701c", "numVertices": 13564, "min": [-6.93567, 0.0, -3.58784]}
