{"max": [0.6096, 0.3048, 0.0], "centroid": [0.3069039381067957, 0.22938832555429117, -0.2945384660194169], "id": "1715965e2e1e33e1c59350d819542ec7", "numVertices": 412, "min": [0.0, 0.0, -0.353219]}
