{"max": [-16.9626, -0.0966097, 13.5165], "centroid": [-29.364150000000006, -5.83229394, 10.231612], "id": "137fdd05ae4e69c7a68359455a0ffe24", "numVertices": 10, "min": [-41.7657, -8.95849, 6.77198]}
