{"max": [-1.2312, 1.97485, 1.29238], "centroid": [-1.877250487804878, 0.1804671097560979, 0.9559271544715446], "id": "e408c939829d0353a6490b68274665e", "numVertices": 246, "min": [-2.50279, -0.060325, 0.668492]}
