{"max": [-0.0437218, 1.93549, 0.55], "centroid": [-0.6900664199999988, 1.2832779489999997, 0.16468152173912975], "id": "42c3c76c8c8912c61b17743c18fb63dc", "numVertices": 460, "min": [-1.23852, 0.0, -0.034]}
