{"max": [0.0, 1.68, 0.09], "centroid": [-2.6676015846016132, 0.8147958504923957, -0.2343973813786943], "id": "2f2a87c3626ff6fe1aae34e8209c4d10", "numVertices": 2234, "min": [-4.29, 0.0, -0.3]}
