{"max": [2.38419e-07, 0.762, 0.0], "centroid": [-0.5903109581450299, 0.2984027955445547, -0.21316949504950505], "id": "c48151eb47f0e4ffc59350d819542ec7", "numVertices": 202, "min": [-1.0668, 0.0, -0.34564]}
