{"max": [0.000324, 1.01014, 0.961991], "centroid": [-0.6333803034951156, 0.7146032007166137, 0.6328877572312701], "id": "f72eddac559ca6a6a51c26819f8dbb51", "numVertices": 1228, "min": [-1.26719, 0.0, 0.000608]}
