{"max": [0.0, 3.58, 0.0], "centroid": [-1.2149391238176968, 1.9925253640750695, -0.519361855227882], "id": "c9ead211b387ce0c5c59c6146ff01de4", "numVertices": 1865, "min": [-2.505, 0.0, -0.581344]}
