{"max": [-0.114721, 0.870508, -0.0918299], "centroid": [-1.0668010475468972, 0.48447886292723347, -0.41392572833517327], "id": "ea577ade393dcaaacb2a965e75be701c", "numVertices": 7256, "min": [-2.01889, 0.0, -0.733425]}
