{"max": [-1.61567, 2.89954, -0.0608442], "centroid": [-3.0609171775223474, 1.4956363052362727, -0.22046605977011446], "id": "85502157d9e253d411fc2b865c2a185b", "numVertices": 783, "min": [-4.60967, 0.132544, -0.607844]}
