{"max": [0.06, 2.205, 0.0], "centroid": [-0.6975000096848505, 1.119802157286436, -0.37189125771715764], "id": "bf57fe6a331137c2abaf316e4a957cb1", "numVertices": 5572, "min": [-1.455, 0.0, -0.475]}
