{"max": [0.0, 2.1, 0.0], "centroid": [-0.37799207125175793, 0.397650236999857, -0.3387974145127078], "id": "7e6c0a7c630cce1d4702663c3b3faf8f", "numVertices": 6941, "min": [-0.75, 0.0, -0.635]}
