{"max": [0.0, 0.8763, 8.9407e-08], "centroid": [-0.31076382732130964, 0.519897032064128, -0.44199487770682633], "id": "5a2de91981d27ba3c59350d819542ec7", "numVertices": 1497, "min": [-0.6096, 0.0, -0.505619]}
