{"max": [0.0128385, -0.291481, 0.580667], "centroid": [-0.9309106598636867, -0.6740248610208409, 0.25465575826271813], "id": "5bc75cb5c0270e60d2b12aa6a0f050b3", "numVertices": 20924, "min": [-1.86704, -1.14473, -0.0741833]}
