{"max": [0.011144, 0.762533, 0.656824], "centroid": [-1.4897311001490248, 0.45819448153273123, 0.3644410900570552], "id": "cd49cc9aa0377a298fb953ed1ae534fa", "numVertices": 1879, "min": [-2.98606, -0.015, -0.0120388]}
