{"max": [-1.49939, 0.459133, 1.6462], "centroid": [-2.4336024203679503, 0.28871936758411904, 1.3559956146253929], "id": "5cbed790bc24fa22056b4bd5d870b47", "numVertices": 4458, "min": [-3.34057, 0.00594459, 1.05792]}
