{"max": [1.18334, 2.1084, -6.35878], "centroid": [0.29525014953619155, 1.0350118183802077, -6.610462478868781], "id": "91ac5c074c7d137762646c8cd54d58b4", "numVertices": 6507, "min": [-0.607362, 0.0, -6.85443]}
