{"max": [-1.04552, 0.754442, 1.16517], "centroid": [-1.6495992375366524, 0.49297421678543324, 0.7640881969697159], "id": "5f55127e04171d6435836c728d324152", "numVertices": 2046, "min": [-2.26074, 0.0, 0.60353]}
