{"max": [0.0, 0.444885, 0.000573481], "centroid": [-0.9080492994382013, 0.3047088252522516, -0.2822474771561924], "id": "671cade486e88b3880d14ef4d993c2fa", "numVertices": 890, "min": [-1.8161, 1.86265e-09, -0.565082]}
