{"max": [0.01905, 2.1336, 0.0], "centroid": [-0.20979090099403555, 1.5294391153081517, -0.47673852564612146], "id": "a8cf3a04f848ff0e4c62bee40dcdc539", "numVertices": 503, "min": [-0.43815, 0.0, -0.62865]}
