{"max": [0.0, 0.698907, 0.522363], "centroid": [-0.6243384048788346, 0.4365618745800676, 0.3098596227175068], "id": "38403c071594b1cc749694da9ceaed25", "numVertices": 2679, "min": [-1.25254, 0.0, 0.0]}
