{"max": [1.0, 0.5, 0.133619], "centroid": [0.684463658959538, 0.25986207225433583, 0.08359894273988484], "id": "350be7f9f7eaf2667dcf5135889d9f2", "numVertices": 346, "min": [0.0, 0.0, 0.0]}
