{"max": [1.63195, 2.13678, 0.56515], "centroid": [0.8149588817383189, 0.8918864095140209, 0.09844574398018635], "id": "5366e82cfca7382729f1ce9399524695", "numVertices": 5350, "min": [0.0, 0.0, 0.0]}
