{"max": [0.0, 0.8763, 8.9407e-08], "centroid": [-0.46491322862823053, 0.6422669184890635, -0.4171401875586808], "id": "14864858c05f52ec4da5feafe6f1c8fc", "numVertices": 503, "min": [-0.9144, 0.0, -0.511175]}
