{"max": [1.778, 0.790274, 0.485775], "centroid": [0.8890162659316401, 0.5170157850055128, 0.3132269718897459], "id": "9f0a6e7c525c3c53d4d8765e3910f617", "numVertices": 907, "min": [0.0, 0.0, 0.0]}
