{"max": [-0.119256, 0.48, -0.18385], "centroid": [-1.2189974370370362, 0.1204444444444445, -0.46251666666666685], "id": "785b58a111b0498b9572486e5a924845", "numVertices": 270, "min": [-2.31926, 0.0, -0.70385]}
