{"max": [6.54763, 2.51418, -0.208756], "centroid": [3.652362169517875, 0.8274144826049793, -0.34753749300155196], "id": "be7d2a1a7fa7ce0b11fc2b865c2a185b", "numVertices": 1286, "min": [1.94293, -0.135302, -0.795756]}
