{"max": [0.0, 0.762, 0.3048], "centroid": [-0.06715716015444022, 0.20105256393822385, 0.03539030520463324], "id": "4d690cd9d3b41f46ce5d6e9371bb5c33", "numVertices": 259, "min": [-0.228567, 0.0, -0.047625]}
