{"max": [0.0, 0.762, 0.0], "centroid": [-0.6578278053607738, 0.30495339962825296, -0.24941460966542722], "id": "8914b82447db43a8c59350d819542ec7", "numVertices": 269, "min": [-0.9906, 0.0, -0.358775]}
