{"max": [0.0, 0.4191, 0.144462], "centroid": [-0.12413254195928172, 0.23020177583769547, 0.005811376573108923], "id": "5ba1fc89122c13c5d4a147733422d301", "numVertices": 14146, "min": [-0.24765, 0.003175, -0.0111725]}
