{"max": [1.2192, 0.4191, 0.1016], "centroid": [0.4571590368421055, 0.26369210526315795, -0.1493921052631579], "id": "d0fa12d918d97314738e43095496b061", "numVertices": 152, "min": [-0.3048, 0.0, -0.3937]}
