{"max": [0.00194832, 2.44659, 0.239337], "centroid": [-1.8222755928669934, 1.2462930970664754, 0.019038794683593832], "id": "31590e22b5abce1191c352d02061b3f7", "numVertices": 81917, "min": [-3.65745, -0.026797, -0.157611]}
