{"max": [0.0, 0.821133, 0.568966], "centroid": [-0.8249990376288672, 0.23475005562886708, 0.2770084323195872], "id": "b8f462d89a31e95b777c3ba457301e8c", "numVertices": 582, "min": [-1.65, 0.0, 0.0]}
