{"max": [1.038, 0.963, 0.018], "centroid": [0.4982665983101401, 0.5644874950298195, -0.4873758205765399], "id": "b5a6edf04474c327ded35d98d26f9668", "numVertices": 2012, "min": [-0.048, 0.0, -0.511428]}
