{"max": [-0.120773, 1.92, -2.44672], "centroid": [-1.4732997046979894, 0.916462938255033, -2.618664295302015], "id": "caa4f65053f07a64548804f91c2c5c3d", "numVertices": 149, "min": [-2.64605, 0.0, -2.81802]}
