{"max": [0.0, 0.8763, 0.0], "centroid": [-0.11500876678765859, 0.6532633411978215, -0.500684379700364], "id": "1af4a1dfa4f94cd44da5feafe6f1c8fc", "numVertices": 551, "min": [-0.2286, 0.0, -0.658019]}
