{"max": [-12.3768, 9.5041, 28.9943], "centroid": [-17.647663094440478, 5.6617576892163495, 24.806742330877466], "id": "b65f1141e4eb2529100a6411eafa7455", "numVertices": 2986, "min": [-22.9518, 2.03068, 20.9202]}
