{"max": [-7.45058e-09, 1.045, 0.56], "centroid": [-0.529546805660064, 0.6521816278774161, 0.04718014641701718], "id": "da3a71168ea830dcc82d9accadcc9c9e", "numVertices": 7081, "min": [-1.06, 0.0, 7.45058e-09]}
