{"max": [0.0, 0.8763, 8.9407e-08], "centroid": [-0.12903782454728377, 0.5483161951710259, -0.42764842483303167], "id": "1aa76e87d7bcf5c0c59350d819542ec7", "numVertices": 497, "min": [-0.4572, 0.0, -0.505619]}
