{"max": [0.0, 0.853106, 0.581785], "centroid": [-1.2819935576216608, 0.4315847181506564, 0.3167101702652282], "id": "9fd13f28f9260e65ad5067eac75a07f7", "numVertices": 2594, "min": [-2.50633, -2.87528e-05, 0.0]}
