{"max": [1.9, 0.429999, 0.0], "centroid": [0.949996767037038, 0.16829588814814858, -0.14333444594444453], "id": "812665596d6c13b1adeb1694faeea26", "numVertices": 216, "min": [0.0, 0.0, -0.460003]}
