{"max": [3.2326, 0.446494, -1.94708], "centroid": [2.3200344371897743, 0.2735136876651854, -2.2487735570645073], "id": "48f517497df57a2c2056b4bd5d870b47", "numVertices": 3829, "min": [1.38671, -0.00185913, -2.55098]}
