{"max": [0.00373461, 0.796607, -0.00233984], "centroid": [-0.7969063647430669, 0.4743270957176018, -0.313966844464937], "id": "98d2e8dc90f050d52ef1844825af63f2", "numVertices": 7102, "min": [-1.59511, -0.00970905, -0.649273]}
