{"max": [0.952, 0.47, 0.0], "centroid": [0.4731621680815835, 0.22142857528957513, -0.19991560123552118], "id": "d7293ad1c563e0ee318b348b36fba247", "numVertices": 518, "min": [-0.002, 0.0, -0.4]}
