{"max": [-1.50248, 1.8415, 1.42209], "centroid": [-2.0693663352188127, 1.2578226319124446, 1.168462765704069], "id": "54daf9093eabf27a34d6aa31914c287d", "numVertices": 3359, "min": [-2.73438, 0.0, 1.02988]}
