{"max": [0.889139, 1.778, 0.5334], "centroid": [0.4062104313484845, 0.8560457171717167, 0.022755864202020182], "id": "cae4ad6aa7d0e49df160c00ab31497df", "numVertices": 396, "min": [0.0, 0.0, 0.0]}
