{"max": [0.0, 0.8763, 0.0], "centroid": [-0.11553979079365069, 0.5304092190476192, -0.3998219022695271], "id": "17ba4ef76444e74b4da5feafe6f1c8fc", "numVertices": 315, "min": [-0.2286, 0.0, -0.669925]}
