{"max": [0.0, 0.8763, 0.0], "centroid": [-0.11502675872020075, 0.5524698971141737, -0.5362851960036397], "id": "27cfe222aec3463bc59350d819542ec7", "numVertices": 797, "min": [-0.2286, 0.0, -0.663575]}
