{"max": [0.0, 0.720896, 0.0], "centroid": [-0.15771916007142806, 0.45010357166070925, -0.22949510005356943], "id": "55f08c36c20f161be186198f40d88f09", "numVertices": 5600, "min": [-0.846373, 0.0, -0.27447]}
