{"max": [1.5494, 0.4064, 0.0], "centroid": [0.6664295575167887, 0.31653570545828963, -0.25422564253099894], "id": "cff15ed24c45878b3567b82c74e275b4", "numVertices": 971, "min": [-0.2286, 0.0, -0.504825]}
