{"max": [2.70159, 0.152313, 6.67282], "centroid": [1.712964246323531, -0.35308142904411743, 6.30722705882353], "id": "7047ed12851201138cc469a51e5a5cff", "numVertices": 272, "min": [0.701593, -0.956752, 5.97282]}
