{"max": [2.0503, 2.29761, 1.217], "centroid": [0.81090080635697, 0.2644987317848417, 0.3212039418092914], "id": "3e858a898accc14132f8567794723a79", "numVertices": 818, "min": [-0.0623895, -0.2529, -0.0325]}
