{"max": [-0.098413, 0.760299, -0.0549465], "centroid": [-1.0096443098591665, 0.3891947138028164, -0.2830014869014065], "id": "5cb40adcdfa5247681faebbdea6bd9be", "numVertices": 1420, "min": [-1.92086, 0.0, -0.62803]}
