{"max": [0.0, 0.8763, 0.0], "centroid": [-0.4539394650205752, 0.6760233333333334, -0.5848804140070982], "id": "7359539c1b62cf1e29a50a2b3c5e5b6", "numVertices": 972, "min": [-0.9144, 0.0, -0.659666]}
