{"max": [4.95675, 14.118, 3.23087], "centroid": [-14.06625781504962, 7.6235026541844455, -13.756515558297837], "id": "da39ee814b8e3c0387d7792ff13e9cd8", "numVertices": 705, "min": [-34.6621, -0.159464, -29.2297]}
