{"max": [0.0, 0.8763, 8.9407e-08], "centroid": [-0.19637960168910681, 0.6348145006119942, -0.43541218891311645], "id": "4298f678b53d370dc59350d819542ec7", "numVertices": 817, "min": [-0.5334, 0.0, -0.505619]}
