{"max": [-1.51803, 4.52, 1.42329], "centroid": [-5.399675809859154, 2.2597480066901414, 0.47553552816901296], "id": "975884e7d9cb74ff39974e6e2bbe1adb", "numVertices": 284, "min": [-9.91003, 0.0, 0.306791]}
