{"max": [-0.957263, 0.712784, 0.677125], "centroid": [-2.17483558230959, 0.32851112678132705, 0.3371354152334162], "id": "c19a1aeba4d90b4aad5067eac75a07f7", "numVertices": 814, "min": [-3.39566, 0.0, 0.0]}
