{"max": [-0.0477569, 0.788306, 0.58491], "centroid": [-0.6529442962750754, 0.3652770996287457, 0.35186006704870987], "id": "9ebca72c02d26886a6e82f4002a10be2", "numVertices": 1047, "min": [-1.24776, -3.35276e-08, 0.044782]}
