{"max": [0.03175, 0.665163, 0.61595], "centroid": [-1.1684000720588237, 0.18419670588235193, 0.29210000000000025], "id": "a3e3c1bd2a644e2df4fb4dee5181bee", "numVertices": 544, "min": [-2.36855, 0.0, -0.03175]}
