{"max": [0.0, 0.838449, 0.00227352], "centroid": [-0.9141393591919175, 0.39137478565656586, -0.20155092343618028], "id": "9f17577e34237f74c2f16c13e1941c0", "numVertices": 990, "min": [-1.81609, 0.0196088, -0.580026]}
