{"max": [-0.473702, 0.569617, 0.667916], "centroid": [-0.9421093716577544, 0.2410000834224601, 0.4412284919786093], "id": "537a02eff282b33df58bc14da5676759", "numVertices": 374, "min": [-1.3881, -0.0764959, 0.210716]}
