{"max": [0.009971, 1.0107, 0.0], "centroid": [-1.0093453459252348, 0.5512345330091837, -0.3970938985318754], "id": "dd1a375db7015e0ad6983f351200ac6a", "numVertices": 15992, "min": [-2.00997, -0.019356, -1.01999]}
