{"max": [0.0290908, 1.95142, 0.635], "centroid": [-0.5052440418205539, 1.508141631321374, 0.07676897526916804], "id": "148638f9a7c72ab55a0e5699b3040a35", "numVertices": 613, "min": [-1.04509, -0.0381, -0.0374826]}
