{"max": [1.87307, 0.5588, 1.35975], "centroid": [1.0752380115606948, 0.2359764335260117, 0.7079354393063493], "id": "5d765603dfb0f151e367f8f62a7e9398", "numVertices": 692, "min": [0.272873, 0.00635, 0.565476]}
