{"max": [-1.07075, 0.851704, 2.63468], "centroid": [-2.3104037400368265, 0.47540616388718476, 2.328944779276517], "id": "c7fb65bd3bd09a852056b4bd5d870b47", "numVertices": 3262, "min": [-3.53773, 0.0, 1.95728]}
