{"max": [1.01434, 0.50165, 1.08894], "centroid": [-1.1564823173178714e-17, 0.3907366666666665, 5.165621017353159e-17], "id": "7ddf43b3b160ba10eee5b98d7c69f27", "numVertices": 288, "min": [-1.01434, 0.0, -1.08894]}
