{"max": [0.914312, 0.472539, 0.0], "centroid": [0.471471163016842, 0.2864897312779951, -0.14718711401894738], "id": "42ffe8d78c2e8da9d40c07d3c15cc681", "numVertices": 380, "min": [-0.000107112, -2.75299e-06, -0.28575]}
