{"max": [-0.106362, 0.850004, -0.121138], "centroid": [-1.084265421874981, 0.3075234524362667, -0.38733958749999975], "id": "92e7ed09c8d265e5cb2a965e75be701c", "numVertices": 960, "min": [-2.06216, 0.0, -0.733529]}
