{"max": [0.0184009, 0.868401, 0.0184009], "centroid": [-0.9336755175074278, 0.582934302436126, -0.19293965406277552], "id": "6eaa388bfa782df4392580629414747b", "numVertices": 3366, "min": [-1.94178, 0.0, -0.600838]}
