{"max": [0.000743319, 0.758, 1.8349], "centroid": [-0.999258023694447, 0.3887079346190476, 0.9036418702460318], "id": "931017bd80aa7a90edccc47bf0dcf5d3", "numVertices": 504, "min": [-1.99926, -0.000399999, -0.0253363]}
