{"max": [0.116672, 1.35255, 0.0], "centroid": [-2.761207940789474, 0.5553554105263158, -0.5290906447368418], "id": "ff5c5895622d2123aa979e53c1a67c26", "numVertices": 152, "min": [-5.588, 0.0, -1.0922]}
