{"max": [0.0, 0.948523, 0.275682], "centroid": [-0.29783766348387125, 0.7212453799283116, 0.026503962638990318], "id": "131992dab1550a7aec24cae3e129c189", "numVertices": 1953, "min": [-0.6, 0.0, -0.250878]}
