{"max": [0.0, 0.709263, 0.0], "centroid": [-0.9079369969969973, 0.46220096624624624, -0.4128649534534536], "id": "8b98dbc11c5d2fb7601104cd2d998272", "numVertices": 666, "min": [-1.785, -0.00330031, -0.699995]}
