{"max": [1.02801, 0.288241, 0.0], "centroid": [0.5160470105806445, 0.10744008241204635, -0.1394274574671462], "id": "736e810b71d009bbd40c07d3c15cc681", "numVertices": 4185, "min": [0.0, -1.39698e-09, -0.2794]}
