{"max": [1.18155, 0.646212, 0.4754], "centroid": [0.590768367223361, 0.4221533330607184, 0.24757126057001264], "id": "991c84609666c015da34af5fa7da2314", "numVertices": 1614, "min": [7.58952e-05, -0.00787519, 0.00885411]}
