{"max": [0.0, 0.4064, 0.4826], "centroid": [-0.9144000000000005, 0.2352842105263158, 0.2438399999999996], "id": "92f1fa8d3b5da497ad5067eac75a07f7", "numVertices": 190, "min": [-1.8288, 0.0, 0.0]}
