{"max": [1.50785, 0.61817, 0.262913], "centroid": [0.7329752958387564, 0.3545537525357582, -0.00035897561768531504], "id": "6a2c354ed5212c77d2b12aa6a0f050b3", "numVertices": 3076, "min": [-0.0418966, -0.0245486, -0.263816]}
