{"max": [-1.26117, 3.0111, -0.0532718], "centroid": [-4.045830301075263, 1.5064138808602185, -0.314459014193549], "id": "7177dc5922252f1311fc2b865c2a185b", "numVertices": 465, "min": [-5.81517, 0.0135329, -0.524272]}
