{"max": [0.0, 0.9779, 0.0], "centroid": [-0.44149622695035473, 0.5203397163120573, -0.813878865248228], "id": "fc5b7d19b1ab1e8bd0504a433b7a549", "numVertices": 141, "min": [-0.9144, 0.0, -0.9398]}
