{"max": [0.0184009, 0.799437, 0.0197308], "centroid": [-0.6783655778010482, 0.5203887068062826, -0.25582016129842927], "id": "717019a5d139874f44dfa7c5506ef235", "numVertices": 955, "min": [-1.38298, 0.0, -0.632311]}
