{"max": [3.06035, 1.09999, 0.162004], "centroid": [1.5089484042855283, 0.5772785358795272, -0.36192233066805896], "id": "b9b708af97a57de481f502b2c7b6ba78", "numVertices": 18328, "min": [-0.04035, 0.0, -0.554568]}
