{"max": [0.0103772, 0.548233, 0.00384404], "centroid": [-1.5222356199391758, 0.3888889559856362, -0.27014669139378666], "id": "512511e994adef8c28eac72b6945b61", "numVertices": 12814, "min": [-3.05719, 0.0, -0.556862]}
