{"max": [0.0, 0.790392, 0.575508], "centroid": [-0.9088709990023031, 0.44300898925556365, 0.39494749753491887], "id": "3bbca1223d18e2caad5067eac75a07f7", "numVertices": 1303, "min": [-1.8288, 0.0, 0.0]}
