{"max": [0.0756156, 1.8796, 0.436129], "centroid": [-0.9093680952821407, 1.1717383901350786, 0.11828031916155185], "id": "bd7cae3c39773a4ed0a0c43e4971be14", "numVertices": 70168, "min": [-1.90442, 0.0, -0.157012]}
