{"max": [0.00867179, 0.541383, 0.0133143], "centroid": [-0.5326629734160785, 0.33491699078603254, -0.09045796813387309], "id": "a5ce16faa5ecbc4bc6a5c971c030877d", "numVertices": 5311, "min": [-1.07379, -2.54e-08, -0.150875]}
