{"max": [-1.5259, 1.8288, 3.31288], "centroid": [-1.8233755281690125, 0.5256202809154937, 3.007682605633804], "id": "7415fc8bf90b3696bc08b7cef3268bb", "numVertices": 568, "min": [-2.0339, 0.0, 2.98182]}
