{"max": [0.0, 1.98746, 0.55], "centroid": [-0.7362143733905583, 1.4093314420600838, 0.06740257510729623], "id": "9524af09747661fbe0f91080da8431d7", "numVertices": 233, "min": [-1.5, 0.0, 0.0]}
