{"max": [2.4384, 0.4318, 0.5588], "centroid": [1.2089027027026993, 0.30531486486486503, 0.27287839189189234], "id": "8f99b25df578652ae37d4fb630545e64", "numVertices": 148, "min": [0.0, 0.0, 0.0]}
