{"max": [0.046, 1.66959, 0.501311], "centroid": [-0.4623082488656345, 0.18728952430905893, 0.22924648880471], "id": "809d5384f84d55273a11565e5be9cf53", "numVertices": 7240, "min": [-0.977, -0.000407219, -0.0334713]}
