{"max": [4.68468, 2.56778, 0.365677], "centroid": [3.759457946428602, 1.1149899496093718, 0.04531362085686365], "id": "7bbdaeb0633738e611fc2b865c2a185b", "numVertices": 3584, "min": [2.516, -0.0346371, -0.150802]}
