{"max": [2.07772, 0.58443, 0.651123], "centroid": [1.107953657992564, 0.40261266523791617, 0.3841899312267655], "id": "e2e528622ff47c32cb2a965e75be701c", "numVertices": 1076, "min": [0.146047, 0.0, 0.117227]}
