{"max": [0.0, 1.59968, 0.553], "centroid": [-0.402699587794117, 0.07710810656470579, 0.25990164729411674], "id": "267545b2c6ec6ee1f51f77a6d7299806", "numVertices": 680, "min": [-0.8, 0.0, 0.0]}
