{"max": [0.0, 0.798438, 0.00115595], "centroid": [-0.6150658396752284, 0.5131814972477056, -0.3387778838165139], "id": "e807cba7fec6d514bb5d4e2d93fefdc5", "numVertices": 545, "min": [-1.23825, 0.0, -0.699783]}
