{"max": [0.0, 0.840861, 1.11759e-08], "centroid": [-0.8835570805766803, 0.4352535994930317, -0.32022893639752575], "id": "5121a485a7eebfec5674b1bb8d658d39", "numVertices": 789, "min": [-1.7653, 0.0, -0.601107]}
