{"max": [0.01, 0.859132, 0.164456], "centroid": [-0.620215116533863, 0.5369064721115543, -0.1038237037450197], "id": "14688c10826a81933792407aee21900f", "numVertices": 502, "min": [-1.25, 0.05, -0.463617]}
