{"max": [0.743468, 0.72, 0.0], "centroid": [0.36554103284472994, 0.4145185585754997, -0.15773883025356292], "id": "5b04efb9a9e392f7f51f77a6d7299806", "numVertices": 1404, "min": [0.0, 0.0, -0.384791]}
