{"max": [0.0381, 1.89865, 0.57785], "centroid": [-0.6176754162903232, 1.0960828996774172, 0.09151809325806455], "id": "ce9c5aa7a4016f138c2f9e4176bfe555", "numVertices": 620, "min": [-1.33667, 0.0, -0.0381]}
