{"max": [-2.99991, 2.79972, 0.268146], "centroid": [-4.723973881140089, 1.54180722219528, -0.31868299110976256], "id": "d6a55d2dece36ca0e3f7a74e12a274ef", "numVertices": 1649, "min": [-6.99115, 0.0128692, -0.641669]}
