{"max": [0.0, 1.2192, 0.3556], "centroid": [-0.26577013301818136, 0.3055556301818169, 0.012468944727272753], "id": "4caef9af7bd31f195588a2543ef0b0b4", "numVertices": 550, "min": [-0.4572, 0.0, -0.0471932]}
