{"max": [0.3302, 0.762, 0.047625], "centroid": [0.22367546163629118, 0.21152210430203638, -0.04219786917796367], "id": "7bdeadcf72ee257dce5d6e9371bb5c33", "numVertices": 275, "min": [-0.0254, -6.84696e-06, -0.3048]}
