{"max": [0.0, 1.1, 0.45], "centroid": [-0.5816375, 0.7095499999999996, 0.13263999999999998], "id": "ce85ce0eb106d409b8a453d61eaf046c", "numVertices": 100, "min": [-1.0, 0.0, 0.0]}
