{"max": [-0.111624, 0.651915, -0.0389027], "centroid": [-1.0646083323769944, 0.3897574697486304, -0.3000524974316954], "id": "338fc00ee5b182181faebbdea6bd9be", "numVertices": 7320, "min": [-2.01567, 0.0, -0.560387]}
