{"max": [-0.736, 0.95, 1.404], "centroid": [-1.7452225291362449, 0.6654516798236749, 1.0127006305276254], "id": "aba010c771d153069c7285ae7854d4b4", "numVertices": 7259, "min": [-2.756, 0.0, 0.874]}
