{"max": [0.0, 0.762, 0.0], "centroid": [-0.6186652681568312, 0.18141716555042328, -0.3118360469591985], "id": "818043d8e0cc040cc59350d819542ec7", "numVertices": 1299, "min": [-0.9906, 0.0, -0.354013]}
