{"max": [0.569999, 1.6124, 0.201463], "centroid": [-0.003502238964630713, 0.733065140946973, -0.1707446302083316], "id": "29dcadb19ddb448ad98e761e6d91dfc8", "numVertices": 2112, "min": [-0.569999, -0.0376004, -0.201463]}
