{"max": [0.0, 2.07, 0.0], "centroid": [-0.5845186612244896, 0.4817047346938788, -0.40244897959183634], "id": "6aebdfb1622324617eee615e75bc3b77", "numVertices": 245, "min": [-1.2, 0.0, -0.61]}
