{"max": [3.9083, 0.37465, -0.406398], "centroid": [3.4351248238482213, 0.0058702011881258676, -0.5706251246612459], "id": "e31212e9f9f5888effd5817f210f277d", "numVertices": 369, "min": [2.96215, -0.438277, -0.780942]}
