{"max": [0.05715, 0.802956, -0.27613], "centroid": [-0.8454420890742194, 0.39598572979815616, -0.6413550016454597], "id": "cbe802da10dcae19f155d75bbf62b80", "numVertices": 9116, "min": [-1.75062, 0.0, -0.917286]}
