{"max": [0.0, 0.76835, 0.50165], "centroid": [-0.90408905, 0.2111375, 0.250825], "id": "941289c22ad19099a87002a4eeaf610", "numVertices": 16, "min": [-1.8034, 0.0, 0.0]}
