{"max": [0.0, 0.431695, -8.99668e-05], "centroid": [-0.46347776287463627, 0.37215321750527863, -0.2280448774022778], "id": "ed8401565e207665f155d75bbf62b80", "numVertices": 9476, "min": [-0.9271, 0.0, -0.455573]}
