{"max": [0.0, 0.8763, 5.96046e-08], "centroid": [-0.11491989674185468, 0.5497807861319974, -0.4468148730866703], "id": "82c05fe4890a7f5112de5317fe5b354f", "numVertices": 1197, "min": [-0.2286, 0.0, -0.657225]}
