{"max": [0.872078, 0.85, 0.015], "centroid": [0.36876209245027114, 0.2652577858951179, -0.19891973517179198], "id": "81cc63cbfa6e492154cd2a0ea6cb618b", "numVertices": 1106, "min": [-0.0280818, 0.0, -0.4]}
