{"max": [0.283501, 1.04916, -0.0888343], "centroid": [-0.08538475556161397, 0.5078425828741546, -0.5067280914394782], "id": "d4e6002f0114461df879b7d55192442a", "numVertices": 1834, "min": [-0.440209, -0.0206375, -0.584039]}
