{"max": [0.906599, 0.475678, 0.209061], "centroid": [-0.03465147813092557, 0.35020838970744067, -0.007282687033876971], "id": "f13e44c93bca57d092f4c88fd91c6b1b", "numVertices": 1772, "min": [-0.90799, -0.00017134, -0.209009]}
