{"max": [1.8288, 0.4318, 0.5588], "centroid": [0.9094838709677424, 0.3635887096774195, 0.27161614516129007], "id": "3461cf51ad90f09ce3dcb92695647492", "numVertices": 124, "min": [0.0, 0.0, 0.0]}
