{"max": [0.0, 0.633412, 0.149225], "centroid": [-0.21672476979773592, 0.32761243258490524, 0.06678425753358498], "id": "45039a5ac0912f8523d871b44977a702", "numVertices": 530, "min": [-0.434975, 0.0, 0.0]}
