{"max": [0.0, 1.13, 0.710496], "centroid": [-2.420008581818179, 0.5009503927272714, 0.3358858128436369], "id": "c8a2ce0e65da4b817b11ae648ea92233", "numVertices": 550, "min": [-4.8054, 0.0, 0.0]}
