{"max": [0.0, 0.3556, 0.6096], "centroid": [-0.609600025, 0.18161000000000013, 0.04184025500000001], "id": "c700103d0294eb186c66754c2bdaefab", "numVertices": 160, "min": [-1.2192, 0.0, -0.040944]}
