{"max": [0.0, 1.7399, 0.47625], "centroid": [-0.30479997890109783, 0.47251706303296237, 0.1767637637362642], "id": "d5c60b873643f0e99f0825ef57cf78df", "numVertices": 910, "min": [-0.6096, 0.0, 0.0]}
