{"max": [0.0, 0.8763, 8.9407e-08], "centroid": [-0.5167138439153403, 0.48916399647265785, -0.457939338707829], "id": "3115a3a0a61aacac59350d819542ec7", "numVertices": 1701, "min": [-0.9906, 0.0, -0.511175]}
