{"max": [0.03, 0.9, 0.497539], "centroid": [-0.6033863175675673, 0.4707848344594598, 0.3246559189189182], "id": "bd88f333baa6cdc723d95f4309ade30", "numVertices": 296, "min": [-1.18468, 0.0, -0.042461]}
