{"max": [-3.42853, 1.42158, 0.0568811], "centroid": [-4.409546150793654, 0.6964003373015881, -0.22127255273809598], "id": "639dd737961f1806985ef0bf52b97bf5", "numVertices": 504, "min": [-5.38433, 0.170127, -0.621982]}
