{"max": [0.01905, 2.3114, 0.00635], "centroid": [-0.9047618250497045, 1.1211248626560553, -0.27206016207753614], "id": "cf57b6a6baeb421c8c180d5d98aa66c6", "numVertices": 1006, "min": [-1.84785, -0.1016, -0.52705]}
