{"max": [-0.546154, 0.8763, -0.638467], "centroid": [-1.4044496108510678, 0.4795001894553196, -0.721731282340441], "id": "4116f2d56897d9ec1bc4df4f6291380a", "numVertices": 23500, "min": [-2.36454, 0.0, -0.783381]}
