{"max": [-0.957263, 0.712784, 0.677125], "centroid": [-2.174217972881361, 0.2748387749152542, 0.38419781254237406], "id": "b3b8b909ff02f03ead5067eac75a07f7", "numVertices": 590, "min": [-3.39566, 0.0, 0.0]}
