{"max": [0.00877739, 0.791885, 0.0207034], "centroid": [-0.9974098339440702, 0.4127631802565977, -0.2924297123319888], "id": "d0c64a8b3fed1ba113736977841a6b9b", "numVertices": 4131, "min": [-2.01024, 0.0, -0.630513]}
