{"max": [1.8288, 0.6223, 0.0], "centroid": [0.9144006249999983, 0.42267187499999936, -0.29458046874999955], "id": "d7d6a7fae6003dd6f4fb4dee5181bee", "numVertices": 256, "min": [0.0, 0.0, -0.59055]}
