{"max": [-0.0107591, 0.46, 0.441097], "centroid": [-0.5852628003540867, 0.41245961935675096, -0.05403814585417539], "id": "faa74f8980fadf504777535b9098089a", "numVertices": 3389, "min": [-2.11905, 0.0, -0.414274]}
