{"max": [0.0, 0.4572, 0.381], "centroid": [-0.4659629873188411, 0.2953869996014489, 0.19053451086956497], "id": "531658856a6347b1f4b6538438a0b930", "numVertices": 1104, "min": [-0.9144, 0.0, 0.0]}
