{"max": [-1.84838, 1.52616, 0.0], "centroid": [-3.394835427509295, 0.6639822446096657, -0.19442408921933074], "id": "6343efcc64b331b3e3f7a74e12a274ef", "numVertices": 269, "min": [-5.12726, -0.0201709, -0.4131]}
