{"max": [0.0, 1.0, 0.602306], "centroid": [-0.7952043463536284, 0.6778163847826139, 0.5154622016904356], "id": "69f724fd745669fcda56795a6fbde1f", "numVertices": 3450, "min": [-1.59125, 0.0, 0.0]}
