{"max": [0.0, 0.8763, 8.9407e-08], "centroid": [-0.36608504566332717, 0.5172059397993279, -0.44780238803902966], "id": "87b62cc2f0368983824662341ce2b233", "numVertices": 1794, "min": [-0.6858, 0.0, -0.511175]}
