{"max": [-0.171771, 1.11134, 0.88986], "centroid": [-0.8800549436548433, 0.7040336603206953, 0.17091781013032045], "id": "6e765437962f4c578e51433393e177c0", "numVertices": 23711, "min": [-1.58778, 5.53212e-05, 0.158455]}
