{"max": [-0.191729, 0.699999, -0.384768], "centroid": [-1.1834942352941176, 0.3276482113058824, -0.5788856470588236], "id": "1be0e167a93a1069acb4ead41419080a", "numVertices": 34, "min": [-2.13173, -6.59e-07, -0.924768]}
