{"max": [0.0, 0.754423, 0.18307], "centroid": [-0.8889537266903461, 0.31481060536427163, 0.00921012732410192], "id": "247227d258f2c239d4d8765e3910f617", "numVertices": 16032, "min": [-1.778, 0.0, -0.4378]}
