{"max": [0.0, 2.4384, 0.666751], "centroid": [-0.8741546828947374, 1.0479618421052646, 0.4979689713815791], "id": "203ef2b06c3ad6033fe047712e43e185", "numVertices": 304, "min": [-1.143, 0.0, 0.0]}
