{"max": [0.0, 0.864208, -5.96046e-08], "centroid": [-0.6085817736067252, 0.5154538354221809, -0.3336865622362763], "id": "9b37a6d7c9f1800952dac0add839bf80", "numVertices": 5365, "min": [-1.21666, 0.0, -0.688659]}
