{"max": [0.01905, 2.4384, 0.0], "centroid": [-0.28628919094594757, 1.651934283783776, -0.5229239927027005], "id": "4b06417d98fabe3b4c62bee40dcdc539", "numVertices": 740, "min": [-0.59055, 0.0, -0.62865]}
