{"max": [0.05715, 0.802956, -0.27613], "centroid": [-0.8461024459427688, 0.37168144396353875, -0.6588897144531203], "id": "fd38474cc1c62274f155d75bbf62b80", "numVertices": 7680, "min": [-1.75062, 0.0, -0.917286]}
