{"max": [0.0, 0.8763, 0.6223], "centroid": [-0.15182264015151511, 0.4836824090909094, 0.08399318181818184], "id": "14ed803c2251dfc1ec451f73f474981c", "numVertices": 132, "min": [-0.3048, 0.0, 0.0]}
