{"max": [28.3755, 10.3488, 16.6185], "centroid": [12.872793530827263, 5.589873856485364, 10.68318184062426], "id": "7836a7015159442980360680c1602c7d", "numVertices": 7818, "min": [-2.6098, -6.66564, 4.6581]}
