{"max": [0.868258, 0.764579, 0.0406923], "centroid": [0.4053897409920077, 0.24645136089981537, -0.18258679705224234], "id": "12de47490769694e490ad276cd2af3a4", "numVertices": 8135, "min": [-0.0594576, -0.00419924, -0.368758]}
