{"max": [0.0, 0.725919, 0.0755199], "centroid": [-0.9143999163179921, 0.4443834853556482, -0.24539340984042923], "id": "8b682ef98315c3be21349c674433e602", "numVertices": 478, "min": [-1.8288, 0.153026, -0.581124]}
