{"max": [-0.689429, 0.89535, -1.05427], "centroid": [-1.4239289871415115, 0.6130963158997351, -1.5405956887958123], "id": "4e33ef381f5be0e165b61ce1124a4806", "numVertices": 13843, "min": [-2.16263, 0.01905, -1.56227]}
