{"max": [0.0, 1.08585, 0.5588], "centroid": [-1.2107201462043808, 0.6563496138686129, 0.5094803263503663], "id": "d8b87f36fde3f2f3bc5996932c1238cd", "numVertices": 2740, "min": [-2.4384, 0.0, -0.0381]}
