{"max": [0.0, 0.712784, 0.677125], "centroid": [-1.8246742313503488, 0.3135337637393755, 0.35706409367327674], "id": "170b01ba7fc575aaad5067eac75a07f7", "numVertices": 1059, "min": [-3.6576, 0.0, 0.0]}
