{"max": [0.0, 0.52, 0.455], "centroid": [-0.8833361076923101, 0.17803743639316216, 0.21612207157697233], "id": "5ab3129036e7b69e278d386bfa54545", "numVertices": 234, "min": [-1.4, 1.99999e-09, 0.0]}
