{"max": [1.4323, 0.41, 0.0], "centroid": [0.7194714481012665, 0.10202531645569553, -0.26362159324894513], "id": "46a1e2560a1e96f3897fc31a9c059e16", "numVertices": 237, "min": [0.0, 0.0, -0.527]}
