{"max": [6.53349, 0.784628, -1.71257], "centroid": [5.58895848986351, 0.5056832109433189, -2.12888759826232], "id": "d58239c7178651ed1fb7397472fde3e9", "numVertices": 4834, "min": [4.65149, 0.070293, -2.46649]}
