{"max": [0.0, 1.5875, 0.763824], "centroid": [-0.48359307334200313, 0.834311728218465, 0.14453853979193818], "id": "7ef036a41e1b9e2aac00fd1150223027", "numVertices": 769, "min": [-0.967502, 0.0, 0.0]}
