{"max": [0.1, 1.23526, 0.77374], "centroid": [-0.842156820950801, 0.6369823089244881, 0.48530652862700163], "id": "348c52c333d7a7953722bf980385c3c3", "numVertices": 874, "min": [-1.9, 0.0, -0.095]}
