{"max": [2.4384, 0.6096, 0.762], "centroid": [1.2191999999999998, 0.35559999999999986, 0.38100000000000006], "id": "b179e972d13ffde523c05fdd9cf000c0", "numVertices": 20, "min": [0.0, 0.0, 0.0]}
