{"max": [0.0, 0.9652, 0.00254], "centroid": [-0.7640378980716247, 0.5125674187327807, -0.43427002754820754], "id": "8504af8851175efd253d6f91951c4f58", "numVertices": 726, "min": [-1.524, 0.0, -0.50165]}
