{"max": [0.0184009, 0.868401, 0.0184009], "centroid": [-0.6001585799911078, 0.5761123438612111, -0.19367533682295415], "id": "dd9d0cfda54dfc30eda82e072f128485", "numVertices": 2248, "min": [-1.136, 0.0, -0.600838]}
