{"max": [-0.559777, 2.35903, 0.782907], "centroid": [-2.025655480610539, 0.5080897857673294, 0.4173499263613913], "id": "abc01ead2541d73f97485073216729ca", "numVertices": 4848, "min": [-3.47443, 0.0, 0.241868]}
