{"max": [0.0, 3.686, 0.724], "centroid": [-2.9463180294117652, 1.9203622941176477, 0.3619999999999995], "id": "623c347d2d5cd6b4a66c900acb409285", "numVertices": 136, "min": [-5.718, 0.0, 0.0]}
