{"max": [0.0, 2.97815, 0.102208], "centroid": [-1.6896320110056917, 0.9948804648956365, -0.4072992597722948], "id": "3aa643b4eb4a165675a4e003752c1044", "numVertices": 527, "min": [-3.2512, 0.0, -3.2512]}
