{"max": [0.05715, 0.806248, -0.27613], "centroid": [-0.9029800636498843, 0.5113403763817651, -0.6315963679063585], "id": "b274f40cccd7e067f155d75bbf62b80", "numVertices": 25974, "min": [-1.86015, 0.0, -1.36554]}
