{"max": [0.0, 0.41833, 0.0], "centroid": [-0.33995813251155554, 0.2987059038520805, -0.06954278172573192], "id": "e4d1d4714d5dff9b79fb1978bf47fafc", "numVertices": 649, "min": [-0.6604, 0.0, -0.2921]}
