{"max": [-0.060325, 0.844439, -0.0591757], "centroid": [-0.9843922530922328, 0.431324126483227, -0.3955193681341795], "id": "ce663a6430eb9523cb2a965e75be701c", "numVertices": 7632, "min": [-1.90817, 0.0, -0.773102]}
