{"max": [0.0, 1.16098, 0.61079], "centroid": [-0.5914344377499996, 0.44515573484848464, 0.3170668986212123], "id": "50c0de8fb13d6421dbbc9440457e303e", "numVertices": 132, "min": [-1.2007, 0.0, 0.0]}
