{"max": [1.0668, 0.457205, 0.0], "centroid": [0.5168175260638298, 0.3720746040397155, -0.1613336532446808], "id": "621c4fcded12fff2d07d128adae16ff", "numVertices": 564, "min": [0.0, 0.0, -0.3429]}
