{"max": [0.0, 0.795683, 1.99451], "centroid": [-1.9869017192483112, 0.5099326112953473, 1.0615937023757578], "id": "5f3782702eb8f2d421b4fad85a658c", "numVertices": 9951, "min": [-3.97495, 0.0, -0.0135783]}
