{"max": [0.0, 0.800368, 0.583315], "centroid": [-1.9715128055685704, 0.2333493904897212, 0.30355026017195025], "id": "137c82020b8dc458eafa2f074f6cbe37", "numVertices": 3843, "min": [-3.937, 0.0, 0.0]}
