{"max": [4.64943, 1.6, 1.56159], "centroid": [3.184768544061299, 0.768184827586209, 1.260426168582373], "id": "dbcf0d09a1cef0aecfaf287992b2065b", "numVertices": 261, "min": [1.70943, 0.0, 1.10959]}
