{"max": [0.0317497, 0.632907, 0.504788], "centroid": [-0.5842000553274493, 0.3561275398692844, 0.24177188768627328], "id": "ddaa540f004e7889d2b12aa6a0f050b3", "numVertices": 2448, "min": [-1.20015, -0.0097138, -0.0210131]}
