{"max": [0.513086, 0.886198, -0.0425145], "centroid": [-1.0611214906219515, 0.5484273298686136, -0.6639616444437969], "id": "18926a71dd7f17eaac40ad047084c6e6", "numVertices": 17125, "min": [-2.62527, 0.0, -1.25424]}
