{"max": [2.19809, 2.17, 2.76183], "centroid": [1.940199640435064, 1.9442260397953064, 2.425519289827257], "id": "73789bb6c0286415db823df37b893ef4", "numVertices": 1563, "min": [0.385278, 0.0, 2.13351]}
