{"max": [-1.30095, 2.77268, 0.00128929], "centroid": [-2.313584229035166, 1.5828329785392248, -0.1817457160324635], "id": "8317fd220232e3be11fc2b865c2a185b", "numVertices": 1109, "min": [-3.51865, -0.0103248, -0.498711]}
