{"max": [0.0, 0.596538, 0.479425], "centroid": [-0.33357562735811974, -0.01959553620523627, 0.23019686816047139], "id": "641e64902bb9f6a4aaca4b071fcc002c", "numVertices": 20016, "min": [-0.669925, -0.0638621, 0.0]}
