{"max": [-0.00808058, 0.202041, 0.0], "centroid": [-0.21822948835106357, 0.10817850147695016, -0.12173312828014175], "id": "cb84d931a90fbb8e91ea3afb2749822f", "numVertices": 1128, "min": [-0.372746, 0.0, -0.136525]}
