{"max": [0.000146355, 0.88511, 2.98023e-08], "centroid": [-0.6343020183244785, 0.5450118041297958, -0.2538830066293759], "id": "438f3246c29d69e73b67a26c84477b1a", "numVertices": 1695, "min": [-1.26492, 0.0, -0.666509]}
