{"max": [1.8288, 0.421899, 0.593288], "centroid": [0.9169223485477307, 0.2629503674535972, 0.31149379806362376], "id": "85ab526dead09ffd398e68bb81784a80", "numVertices": 1446, "min": [0.0, -0.175862, 0.0396398]}
