{"max": [3.57498, 0.675254, -0.802186], "centroid": [2.3488804076086898, 0.49198254834021804, -1.1059017228260908], "id": "691ca19f8a2324652056b4bd5d870b47", "numVertices": 736, "min": [1.14355, -2.54e-08, -1.41814]}
