{"max": [0.158115, 0.584835, -9.31323e-10], "centroid": [-0.8182804361702128, 0.38257815957446795, -0.20020093899561628], "id": "e8403ea994ecb1cf855931d119219022", "numVertices": 188, "min": [-1.6764, 0.0, -0.476425]}
