{"max": [0.00635, 1.1176, 0.0], "centroid": [-0.6888690811170208, 0.4735763696276599, -0.17598958244680854], "id": "794573d3e6a2c4ddd845dc43591f551", "numVertices": 376, "min": [-1.36525, 0.0, -0.4318]}
