{"max": [0.0, 2.11138, 0.706763], "centroid": [-0.5891909942857144, 0.9934663085714289, 0.08900792182857144], "id": "7b02f0d94886f66a121859336e292a5d", "numVertices": 175, "min": [-0.92075, 0.0, 0.0]}
