{"max": [0.0817316, 0.733839, 0.408677], "centroid": [-0.6615062097924737, 0.44015134847113996, 0.22544706840184037], "id": "7c5bebe21d2f9232af268f6180933aa3", "numVertices": 978, "min": [-1.39273, -0.00210007, -0.0150712]}
