{"max": [0.0254149, 0.863374, 0.584486], "centroid": [-0.7610027833291594, 0.5750749947093411, 0.44763802953445386], "id": "11665c5093e85592b340344cde6e80c4", "numVertices": 12437, "min": [-1.54941, 0.0, -0.0438925]}
