{"max": [0.0, 0.801877, 0.0247603], "centroid": [-1.2210500848648647, 0.3983028502702704, -0.2337920243065169], "id": "55f637ec7432a97d1d677cb74bd6536a", "numVertices": 1850, "min": [-2.4384, -0.175862, -0.640914]}
