{"max": [0.0, 0.762, 0.75565], "centroid": [-1.2101300131360904, 0.3922676804733835, 0.14250554132544313], "id": "cc198051642f31029a88326b888756d7", "numVertices": 8450, "min": [-2.4384, -0.1524, 0.092075]}
