{"max": [0.35, 0.61, 0.526545], "centroid": [0.1739421876830919, 0.269345094407456, 0.2636948237017303], "id": "1d93291de09fa5c876e9713f57a5fcb6", "numVertices": 1502, "min": [0.0, 0.0, 0.00447665]}
