{"max": [0.0184339, 0.712186, 0.645746], "centroid": [-0.5925688555382249, 0.3976086885928243, 0.32150376254602164], "id": "23325f47d2a812351165bc0a3b02b27f", "numVertices": 1282, "min": [-1.21347, 0.0, -0.00194518]}
