{"max": [0.54864, 0.249851, 0.189089], "centroid": [0.27126567735758617, 0.15300663874262047, 0.11055207755608724], "id": "d8dbfb0f58a2df0bf1eac5a8cd36b62b", "numVertices": 6267, "min": [0.0, 0.0, 0.0]}
