{"max": [2.4384, 0.421899, 0.593288], "centroid": [1.2225655020746782, 0.2629503674535982, 0.3114937980636244], "id": "3e5f4d788fcc628f442b181d72d9d1e6", "numVertices": 1446, "min": [0.0, -0.175862, 0.0396398]}
