{"max": [0.0, 2.0, 0.0], "centroid": [-0.17500000000000032, 0.9538461538461538, -0.8596153846153854], "id": "58b97051fb1efb3b4bd9e0690b0b191", "numVertices": 208, "min": [-0.35, 0.0, -2.0]}
