{"max": [0.9398, 0.293461, -0.0404164], "centroid": [7.848278021241425e-06, -0.0002202406892622821, -0.3217837064497956], "id": "aab92a965e310885d2b12aa6a0f050b3", "numVertices": 19520, "min": [-0.9398, -0.398348, -0.601114]}
