{"max": [0.0, 0.493387, 0.606874], "centroid": [-0.8318909421476129, 0.4761146180632623, 0.30324242607252805], "id": "d7d7a6bada0ba7705fceaa39a8353bde", "numVertices": 7208, "min": [-1.7, 0.0, -5.96046e-08]}
