{"max": [0.0, 2.05, 0.0], "centroid": [-1.6147740229885053, 1.024868505747126, -0.12370804597701177], "id": "663c290dd2e02f03e3f8b005c90fbce8", "numVertices": 174, "min": [-3.22, 0.0, -0.2702]}
