{"max": [0.028575, 0.931862, 2.23774e-05], "centroid": [-0.961624507893738, 0.6675660175772401, -0.7903287066249441], "id": "763c7a6a8821cc75ed40cf95f720995f", "numVertices": 5308, "min": [-3.0196, -0.0238126, -0.82722]}
