{"max": [0.0453992, 0.821291, 0.509972], "centroid": [-0.8675824182704079, 0.4006225151245266, 0.23482362257875908], "id": "17b7a0e3c70dbc3d90a6b1b2b5522960", "numVertices": 25480, "min": [-1.78712, -2.508e-05, -0.00105208]}
