{"max": [1.39527, 0.7366, 0.0381], "centroid": [0.6472227312047764, 0.43185266844920034, -0.2073496079479953], "id": "f1f14399ac9684df835bac7bf872f771", "numVertices": 19074, "min": [-0.0144297, 0.0, -0.60325]}
