{"max": [2.96538, 0.675254, -0.802185], "centroid": [2.06378924119241, 0.4918194249029817, -1.1059099959349632], "id": "f934f89d094313362056b4bd5d870b47", "numVertices": 738, "min": [1.14355, -2.54e-08, -1.41814]}
