{"max": [0.0, 0.762, 0.0], "centroid": [-0.8655336008185347, 0.18080069347490335, -0.31188720077219984], "id": "76271327a3224e56c59350d819542ec7", "numVertices": 1295, "min": [-1.3716, 0.0, -0.354013]}
