{"max": [2.20001, 1.03888, -0.0343076], "centroid": [1.0953665726731785, 0.4961320460223304, -0.2681311044692744], "id": "90a8b80aa2fa209ca936e2693dce34b6", "numVertices": 1074, "min": [2.18339e-05, 2.01166e-07, -0.636562]}
