{"max": [0.635, 0.657037, 0.293966], "centroid": [0.0002549944741491554, 0.3633921503183181, -3.6874847139711623e-05], "id": "16e3d7f2b75cd67dd2b12aa6a0f050b3", "numVertices": 5524, "min": [-0.635, -0.00635, -0.293966]}
