{"max": [2.43326, 0.939971, -0.0564144], "centroid": [0.6419506420566585, 0.8000394135137828, -0.7857871672147857], "id": "7139a01aa4fd148b7435838026088e5f", "numVertices": 20616, "min": [-0.00514134, 0.0, -1.51104]}
