{"max": [0.00149999, 1.5015, 0.5015], "centroid": [-0.3000000449359023, 0.7500000983028435, 0.17695609173577026], "id": "d209aaa7fd4035a34c7384dbb75cab0d", "numVertices": 5958, "min": [-0.6015, -0.00149999, -0.025]}
