{"max": [0.00877739, 0.791885, 0.0207034], "centroid": [-0.9976415755075598, 0.4256805544457004, -0.2971872800504511], "id": "928fa92b9f25292f75a9709a8c0e1e6", "numVertices": 4429, "min": [-2.01024, 0.0, -0.630513]}
