{"max": [0.0, 0.853152, 0.100594], "centroid": [-1.2255501190476106, 0.4887011082857138, -0.19058652220663252], "id": "fefc87e051b4776a2d8a6d5087fd263", "numVertices": 2352, "min": [-2.4511, 0.0, -0.588777]}
