{"max": [0.0, 0.713729, 0.0], "centroid": [-0.7505294170973087, 0.4955153965548097, -0.3418966923937363], "id": "b6ab037942cf91c0601104cd2d998272", "numVertices": 894, "min": [-1.48556, -0.00330031, -0.699995]}
