{"max": [0.0, 1.0668, 0.3556], "centroid": [-0.28268225989418044, 0.25641128730158697, 0.016171461375661375], "id": "7a051550f229c9a75588a2543ef0b0b4", "numVertices": 378, "min": [-0.4572, 0.0, -0.0535432]}
