{"max": [0.0, 0.8763, 0.0], "centroid": [-0.2207137495706889, 0.6202119470762331, -0.6125440614414882], "id": "139aeafbfbdd6bb64da5feafe6f1c8fc", "numVertices": 2702, "min": [-1.0668, 0.0, -0.6574]}
