{"max": [5.96046e-08, 1.96, 0.0], "centroid": [-0.4458457724221684, 1.1714391183970891, -0.5301766703096563], "id": "3724c3633a0db0c260a7085510f65cd6", "numVertices": 549, "min": [-0.89, 0.0, -0.5575]}
