{"max": [1.79996, 0.808658, 0.0247144], "centroid": [0.8927125173354293, 0.38502709547716557, -0.3178059989448812], "id": "3c7a0029ec98c965601104cd2d998272", "numVertices": 1270, "min": [0.0, 0.0, -0.630698]}
