{"max": [6.15862, 2.0178, -2.19606], "centroid": [4.343504771784233, 0.6196752993084357, -2.570824412171507], "id": "ab7ad8afde03897aa52fef6f94fcc8a", "numVertices": 723, "min": [2.45022, -0.199194, -3.17248]}
