{"max": [0.0, 1.64, 0.41], "centroid": [-0.2998602449408665, 0.859150911957952, 0.005647257928164328], "id": "a679e4fb660b3751f51f77a6d7299806", "numVertices": 4566, "min": [-0.6, 0.0, 0.0]}
