{"max": [0.0, 1.2827, 0.366712], "centroid": [-0.22863503601428598, 0.7573377321428516, 0.001922526757143017], "id": "533ca24b72a0552c5057ad0f363d6ddd", "numVertices": 7000, "min": [-0.4572, 0.0, -0.09525]}
