{"max": [0.0, 0.86342, 0.625463], "centroid": [-0.9835987498183177, 0.5345326227587842, 0.36641837037532937], "id": "b2394480df328a98ad5067eac75a07f7", "numVertices": 4183, "min": [-1.96601, 0.0, 0.0]}
