{"max": [-2.7241, 0.880896, 4.61831], "centroid": [-4.876473027227827, 0.361106675525939, 4.155570425270645], "id": "b852e63ad5983f1a8ccde000e771fc1a", "numVertices": 75693, "min": [-7.3541, -0.04994, 3.63801]}
