{"max": [3.12029, 0.945, 0.007217], "centroid": [1.9156060917874378, 0.5974726859903378, -0.3598847198067637], "id": "5cce62b38c0486d74201e10f9a6fb035", "numVertices": 207, "min": [0.580294, 0.0, -0.692783]}
