{"max": [0.00149999, 1.1015, 0.3815], "centroid": [-0.29907409327088674, 0.5143429897992773, 0.1333356488535055], "id": "5bcb725e26e521364c7384dbb75cab0d", "numVertices": 5729, "min": [-0.6015, 0.0, -0.0125]}
