{"max": [0.0, 0.8763, 0.0], "centroid": [-0.5334552999999986, 0.5805790217391325, -0.5934762926248912], "id": "26a2132b719d226a86d53ab0fe94e911", "numVertices": 920, "min": [-1.0668, 0.0, -0.658813]}
