{"max": [0.0, 1.9812, 0.4572], "centroid": [-0.4386102964922355, 1.0515519646923501, -0.1696225560667052], "id": "da57e1d30424771a14c06184923f6962", "numVertices": 1739, "min": [-0.9144, 0.0, -0.216635]}
