{"max": [0.0, 0.801877, -2.98023e-08], "centroid": [-1.2218743751926113, 0.39589740459857664, -0.3059593884744239], "id": "f1515c5d78429613e80dd430e11432ff", "numVertices": 2596, "min": [-2.4384, -0.175862, -0.640913]}
