{"max": [-0.0842912, 0.760299, -0.0614135], "centroid": [-0.9955245203160261, 0.4031587076749424, -0.3096063849887148], "id": "a8c8aca72463418581faebbdea6bd9be", "numVertices": 1772, "min": [-1.90674, 0.0, -0.634497]}
