{"max": [1.89548, 0.638547, 0.771489], "centroid": [0.9429747921163998, 0.3948012012068989, 0.4767727577586239], "id": "557899ea369eedd4cb2a965e75be701c", "numVertices": 4640, "min": [-0.00952494, 0.0, 0.182057]}
