{"max": [0.0, 0.5207, 0.499332], "centroid": [-0.4793441915119371, 0.35018439575596705, 0.3323517669496044], "id": "d6bd6fb5d0149227fa242b893d7c243a", "numVertices": 754, "min": [-0.959707, 0.0, 0.0]}
