{"max": [-0.65429, 0.827923, 1.02134], "centroid": [-1.6070058111111118, 0.6279615833333337, 0.7646035611111174], "id": "550e62946d2f55554bce3147c41ec725", "numVertices": 720, "min": [-2.56429, 0.0, 0.21634]}
