{"max": [0.0, 0.6, 0.6], "centroid": [-0.7499999999999999, 0.37749999999999995, 0.3587499999999999], "id": "d87bd42b60591573c83f7280476c6eef", "numVertices": 32, "min": [-1.5, 0.0, 0.0]}
