{"max": [0.0, 1.8288, 0.557212], "centroid": [-0.8994853593539693, 0.953692491251683, 0.03224782436069962], "id": "1f319101d3c05a16886a4b751e0cc0b5", "numVertices": 743, "min": [-1.8288, 0.0, 0.0]}
