{"max": [-0.0381, 0.775418, 0.0428119], "centroid": [-0.9461237675903976, 0.41951030241072645, -0.2748849690115147], "id": "f95f1121136052bcd4d8765e3910f617", "numVertices": 17754, "min": [-1.8542, -2.54e-05, -0.549097]}
