{"max": [0.0, 0.246826, 0.0], "centroid": [-0.2807995082352976, 0.14044057676470534, -0.07056550772156855], "id": "213e68b2abe5cf24bffe63c069324d61", "numVertices": 2040, "min": [-0.562356, 0.0, -0.163164]}
