{"max": [0.017211, 0.884425, 0.536971], "centroid": [-0.6239201885865523, 0.3713117176283729, 0.1717407306708072], "id": "4de45ae952657a45330a170e9ceed373", "numVertices": 1889, "min": [-1.26429, 0.0, -0.063596]}
