{"max": [0.0, 2.80035, -0.478231], "centroid": [-5.2836534889240605, 0.9776530806139211, -1.3947520630274093], "id": "8a2aadf8fc4f092c5ee1a94f1da3a5e", "numVertices": 3792, "min": [-8.48237, -0.0139643, -4.8006]}
