{"max": [-0.0013335, 0.4064, 0.4826], "centroid": [-1.397814446264996, 0.40255377232737466, 0.241498881959476], "id": "b20fb19d75c00c9aad5067eac75a07f7", "numVertices": 7502, "min": [-2.79527, 0.0, 0.0]}
