{"max": [0.0, 0.840861, 1.11759e-08], "centroid": [-0.8846817063040344, 0.4300623804034606, -0.3170047348957472], "id": "1093ca7b44ac90cd902e30b4d3d9167d", "numVertices": 694, "min": [-1.7653, 0.0, -0.601107]}
