{"max": [0.0, 0.853152, 0.100594], "centroid": [-0.9221109004328993, 0.48075495708225213, -0.1815169429989175], "id": "db8f61eb5dab7b26b7710a2fb1bf7a26", "numVertices": 1848, "min": [-1.8415, 0.0, -0.588777]}
