{"max": [0.593449, 0.854308, 0.432802], "centroid": [-0.016151512693155873, 0.4713432261633546, -0.06764088229249443], "id": "84d8530355cafc8fd838ae16242881dc", "numVertices": 1812, "min": [-0.625752, 0.000212573, -0.393635]}
