{"max": [-2.20013, 2.75634, 1.44976], "centroid": [-2.817858521957641, 1.885413016972413, 0.9114481152295006], "id": "7f50a6bb1827b9f582bfcd34215ccfc7", "numVertices": 26278, "min": [-3.43559, 1.01484, 0.776413]}
