{"max": [0.0, 0.4318, 6.77654e-07], "centroid": [-0.9144000000000004, 0.23960572972034888, -0.28401802408710297], "id": "107c0b6b32282102493c8fb81dc7c4da", "numVertices": 256, "min": [-1.8288, 0.0, -0.56832]}
