{"max": [-1.04586, 0.837236, 2.18448], "centroid": [-2.262042147950126, 0.4929163395721969, 1.9089862596553753], "id": "8c95e3b240f590c52056b4bd5d870b47", "numVertices": 6732, "min": [-3.48583, 0.0, 1.54822]}
