{"max": [0.0, 2.38419e-07, 0.0], "centroid": [-0.45683295758218445, -0.8501550901231021, -0.30868518472958534], "id": "68257aab07479c64854a6619c08bff6d", "numVertices": 943, "min": [-0.9144, -1.0668, -0.354013]}
