{"max": [0.0, 0.858955, 0.662683], "centroid": [-1.19949651272174, 0.4743973029295842, 0.3411306042644698], "id": "5b50871735c5cce2d2b12aa6a0f050b3", "numVertices": 5581, "min": [-2.4003, -1.3208e-06, 0.0]}
