{"max": [0.0, 2.30346, 0.29845], "centroid": [-2.50996882052757, 1.5304954708233367, 0.10581060687450111], "id": "150a5e3deaacaad4983f6ae6d409aac8", "numVertices": 1251, "min": [-4.9276, 0.0, -0.0714375]}
