{"max": [0.0, 0.400131, 0.425827], "centroid": [-1.8291213558282169, 0.17510281472392614, 0.2223381380368098], "id": "738e4ec61f69606bad5067eac75a07f7", "numVertices": 326, "min": [-3.6576, 0.0, 0.0194272]}
