{"max": [-0.0104665, 0.7898, 0.326569], "centroid": [-0.6212408077534795, 0.40820428602385783, 0.17103286504970175], "id": "7fbb7a6e017d3bd1921dd903dd0b8b17", "numVertices": 503, "min": [-1.22967, 0.00240017, 0.00923503]}
