{"max": [0.0, 0.8763, 8.9407e-08], "centroid": [-0.31561067833109036, 0.5173726271870791, -0.4099837673513012], "id": "1a9fa73ca819aa994da5feafe6f1c8fc", "numVertices": 743, "min": [-0.6096, 0.0, -0.511209]}
