{"max": [0.0013921, 0.8128, -0.350228], "centroid": [-0.7605719562500004, 0.4045217187500002, -0.921926437499999], "id": "5584ec27aa657c65ad329b1997e89fc7", "numVertices": 128, "min": [-1.52261, 0.0, -0.975703]}
