{"max": [-1.45495, 0.94, 2.49922], "centroid": [-2.8749499999999992, 0.25157894736842107, 2.087641052631579], "id": "3e4f4c54420bdcae75becd8a4c3f1866", "numVertices": 76, "min": [-4.29495, -0.4, 1.45922]}
