{"max": [0.9144, 0.8763, 0.0], "centroid": [0.4570671617250697, 0.6352302964959551, -0.5629175296495963], "id": "68aa1ed740374787de650492e45fb14f", "numVertices": 371, "min": [0.0, 0.0, -0.666753]}
