{"max": [2.37535, 0.646212, 0.4754], "centroid": [1.1880559114513654, 0.4195043098350412, 0.2341451112617029], "id": "57ded7ea16600342639efb65b33fee62", "numVertices": 2243, "min": [7.58952e-05, -0.00787519, 0.00885411]}
