{"max": [0.476232, 3.41003, 0.558786], "centroid": [-3.759199926743019, 1.9624895104225346, -0.6004780203605651], "id": "9ef2f740d6dc7cec8d01d636ec229b2", "numVertices": 2840, "min": [-7.99463, -0.0762, -2.66073]}
