{"max": [-0.719939, 0.807559, 1.45324], "centroid": [-1.9521246642335817, 0.3456084683094893, 1.2256527664233574], "id": "ba363a93cf76f9a12056b4bd5d870b47", "numVertices": 274, "min": [-3.18301, 6.6294e-06, 0.911682]}
