{"max": [-0.368059, 0.74, 3.75317], "centroid": [-1.147939385714285, 0.39852750476190496, 3.390109047619038], "id": "61f79a63ee5315693fb45d07cfab7906", "numVertices": 210, "min": [-1.92806, 0.0, 3.32317]}
