{"max": [1.8288, 0.4318, 0.56832], "centroid": [0.9144000000000004, 0.3672156224005591, 0.28411500416395874], "id": "36583be1062e0f48c24b862f5ee36086", "numVertices": 136, "min": [0.0, -4.65767e-07, -6.77654e-07]}
