{"max": [0.00635, 0.893869, 0.0], "centroid": [-0.5793923516986493, 0.5717525547380842, -0.4266519341141831], "id": "bc1261eb081cce07467f6a563eb9f7b2", "numVertices": 3398, "min": [-1.16535, 0.0, -0.883733]}
