{"max": [63.623, 5.91643, -1.19559], "centroid": [52.94254228934809, 3.4159374801271927, -3.6103342845786965], "id": "fb2627957d4cda1bda31ead4cf13511a", "numVertices": 1258, "min": [42.8567, 1.3464, -5.78219]}
