{"max": [-4.31, 1.87, -0.045], "centroid": [-4.810000000000121, 1.0413834970873785, -0.17271845242718398], "id": "98003a902555e73adc6a693174c70feb", "numVertices": 2060, "min": [-5.31, 0.0, -0.3]}
