{"max": [1.19, 0.389999, 0.0], "centroid": [0.5949995416666667, 0.33683241666666613, -0.3099993958333331], "id": "433253d0d97f814025444614eab3fc33", "numVertices": 96, "min": [0.0, 0.0, -0.619999]}
