{"max": [0.6096, 0.914396, 0.457198], "centroid": [0.3014239966605669, 0.44840596113360315, 0.01667945685876937], "id": "6e5ac40051b3e17b697129c0aef9e5f7", "numVertices": 247, "min": [2.44379e-06, 0.0, -0.0127001]}
