{"max": [0.0067627, 0.00687898, 0.0033799], "centroid": [0.0005070591525423733, 0.0027081293733333327, 0.0001731975048587568], "id": "41fe326e3decebd1b40f0ac0fb9a650d", "numVertices": 885, "min": [-0.00688988, 5.08e-07, -0.00336649]}
