{"max": [-1.03718, 0.449609, 1.32295], "centroid": [-2.2455736604429153, 0.27876832108554106, 1.0336859231437197], "id": "2cdd25a716ab2ac12056b4bd5d870b47", "numVertices": 4606, "min": [-3.4827, 0.00267531, 0.734705]}
