{"max": [0.05715, 0.796282, -0.421981], "centroid": [-0.8444521257859972, 0.30616826042234635, -0.7703868484684956], "id": "62cc45e9d704d87f155d75bbf62b80", "numVertices": 7411, "min": [-1.74948, 0.0, -1.05927]}
