{"max": [0.0, 2.67895, -5.769], "centroid": [-3.017349175801874, 1.378092332521318, -8.191454254973513], "id": "11694171ff49a7521ee0429e004db48d", "numVertices": 2463, "min": [-6.014, 0.0, -8.31063]}
