{"max": [0.05, 0.826872, 0.037], "centroid": [-0.7190523277419336, 0.4540414906887108, -0.2840279044467748], "id": "d2193ef2753921aced98cca8f0ccd5f7", "numVertices": 2480, "min": [-1.49012, -0.003, -0.628086]}
