{"max": [0.0, 2.72, 0.0], "centroid": [-0.8223474582402007, 1.5577082042125143, -0.4738805045671578], "id": "7650fd61f3a162397ee0cb5488055ac", "numVertices": 6503, "min": [-1.2, 0.0, -1.00105]}
