{"max": [0.0, 2.25425, 0.28575], "centroid": [-0.4324659793637131, 1.4766799153052395, 0.06587632133276047], "id": "d5058b014492f748220c986172788383", "numVertices": 2326, "min": [-0.7366, 0.0, -0.01905]}
