{"max": [0.328105, 1.46849, -0.266926], "centroid": [-1.2057705340909066, 0.4072002696590909, -0.8037185738636357], "id": "8f6890cfdd98450f4f782ac57aea97b", "numVertices": 352, "min": [-2.73675, 0.0, -1.20522]}
