{"max": [0.154688, 0.771083, 0.16493], "centroid": [-0.7364953034755034, 0.37665450361214, -0.039275249753056116], "id": "9aafd6c69c331aef535e3a87e2212e35", "numVertices": 14562, "min": [-1.62789, 0.0, -0.419604]}
