{"max": [0.0, 0.8763, 0.0], "centroid": [-0.4601760090909086, 0.5995940800000006, -0.48708609459964103], "id": "b592fe51cdda66394692707833167ca3", "numVertices": 275, "min": [-0.9144, 0.0, -0.65044]}
