{"max": [3.0734, 0.9398, 0.0635], "centroid": [0.9881508028634352, 0.8032824229074897, -0.2782949865638754], "id": "aac417d5df45cfd7605de7eae9f0b0f4", "numVertices": 908, "min": [-0.0254, 0.0, -1.0922]}
