{"max": [0.00336517, 0.798438, 0.00115595], "centroid": [-0.6113010774815956, 0.5119443052147238, -0.3347042731288347], "id": "c29ae4355b73ad302be4222736443739", "numVertices": 652, "min": [-1.23488, 0.0, -0.699783]}
