{"max": [1.13249e-06, 0.713729, 0.0], "centroid": [-0.2955146698501942, 0.49274459922018304, -0.3442054346330282], "id": "ef018d0bcb3d4c89601104cd2d998272", "numVertices": 872, "min": [-0.585, -0.00330031, -0.699995]}
