{"max": [0.000146355, 0.885111, 4.47035e-08], "centroid": [-0.9398502984132041, 0.5466168078936778, -0.2503259422375279], "id": "b2fa26eb323ee7e3697079d6fa35f34", "numVertices": 2483, "min": [-1.87452, 0.0, -0.666509]}
