{"max": [0.291979, 0.85725, 0.875217], "centroid": [-0.4162784615384618, 0.39864323076923136, 0.5756069038461532], "id": "7b7067ed1bfcfb62377b9297f3055210", "numVertices": 104, "min": [-1.13042, 0.0, 0.341817]}
