{"max": [0.0, 0.434547, 0.00384404], "centroid": [-1.216179593631506, 0.37628300578439955, -0.2694430828370338], "id": "3a93bccaa0b3161afca6ee915b120ce0", "numVertices": 9861, "min": [-2.43688, 0.0, -0.556862]}
