{"max": [0.0, 0.36, 0.302], "centroid": [-0.45042261461538513, 0.139076923076923, 0.12192546884615382], "id": "55d1668a7d33f8ebc0b2397831029b54", "numVertices": 104, "min": [-0.9, 0.0, -0.0499413]}
