{"max": [0.0, 0.762, 0.0], "centroid": [-0.39197070075188095, 0.26398340827067823, -0.29845923093447835], "id": "38c9f4bc9c5583d7824662341ce2b233", "numVertices": 931, "min": [-0.762, 0.0, -0.353441]}
