{"max": [-0.0540062, 2.13874, 0.46], "centroid": [-0.8431083721538488, 1.165017510153849, 0.07438696769230949], "id": "4acadee1dadac64e4b8710a3469971b1", "numVertices": 1300, "min": [-1.62829, 0.0174005, -0.0206]}
