{"max": [1.58156, 0.50165, -0.333787], "centroid": [0.9484940428226778, 0.2501735542822681, -0.5919859246079651], "id": "1d898bbd8bbad8f98430b7446f9e1252", "numVertices": 1658, "min": [0.311558, 0.0, -0.860837]}
