{"max": [0.0, 0.8763, 1.49012e-07], "centroid": [-0.3415100304347828, 0.7277855047258961, -0.2908095962698621], "id": "403661cbfc8deb029a50a2b3c5e5b6", "numVertices": 529, "min": [-0.6858, 0.0, -0.354866]}
