{"max": [0.954158, 0.47625, 0.937769], "centroid": [-0.012397016840255516, 0.43348832907348217, -0.028909346345047944], "id": "8141d9182908d7288be87af3b9c7b4c7", "numVertices": 626, "min": [-0.978576, 0.0, -0.994387]}
