{"max": [1.05735, 0.519502, 1.59519], "centroid": [0.3662265355606818, 0.3669511361461919, 1.2001991497548434], "id": "407a485c7d711903ae25f6fe802a8997", "numVertices": 6731, "min": [-0.335531, 0.0, 0.924136]}
