{"max": [0.0, 0.840861, 1.11759e-08], "centroid": [-0.8826640370142483, 0.4447065932642514, -0.31940367204358533], "id": "5ab786ce3a18e3a170387839208c8db", "numVertices": 772, "min": [-1.7653, 0.0, -0.601107]}
