{"max": [0.0, 0.8763, 0.0], "centroid": [-0.11497131878538318, 0.6492095985589315, -0.6175761261166807], "id": "4a4ae602159a711c824662341ce2b233", "numVertices": 1943, "min": [-0.2286, 0.0, -0.664369]}
