{"max": [-0.0315581, 0.98425, 0.0417588], "centroid": [-0.9064455880497141, 0.04908902007648322, -0.22917029215583606], "id": "3931068c10d0a606ef37b256c10c21e4", "numVertices": 2092, "min": [-1.75876, -1.00965, -0.466822]}
