{"max": [0.0, 0.429514, 0.513144], "centroid": [-1.2189004114391147, 0.23115159601476, 0.25690543118081166], "id": "208b5f58f4f45d63ad5067eac75a07f7", "numVertices": 542, "min": [-2.4384, 0.0, 0.0]}
