{"max": [-0.428001, 0.595, 0.988273], "centroid": [-0.8880227671957689, 0.3259181330687833, 0.8333008730158729], "id": "4ddee322f191096a54e14b4b3de20526", "numVertices": 378, "min": [-1.968, -0.005, 0.678273]}
