{"max": [-0.00347105, 0.895014, -0.00334773], "centroid": [-1.0155815501104963, 0.4823906740331493, -0.30188540430939265], "id": "48c9e1679ada2949fd8f87bd7d4c2514", "numVertices": 181, "min": [-2.01725, 0.0, -0.562731]}
