{"max": [0.0736656, 0.838449, -0.0145531], "centroid": [-0.8417457062146869, 0.46745347570621526, -0.26394895473163815], "id": "599dd0b655adc794ae143c6e852a4f2d", "numVertices": 1416, "min": [-1.74243, 0.0, -0.621635]}
