{"max": [1.01078, 2.08915, 0.422071], "centroid": [-0.3139777626970708, 0.5922419045925306, -0.16551047705698385], "id": "721c788bb55b083ae8a9bc001231a118", "numVertices": 15743, "min": [-1.64352, 0.0, -0.412954]}
