{"max": [0.0, 0.623887, -0.116734], "centroid": [-0.9239251212536262, 0.32878817356834156, -0.3984571255395726], "id": "50cdaa9e33fc853ecb2a965e75be701c", "numVertices": 5560, "min": [-1.84785, 0.0, -0.680155]}
