{"max": [-2.07544, 2.1336, 1.77909], "centroid": [-3.4338604724409474, 1.090768461417323, 1.437082598425197], "id": "6788de26abc86a8480fa521a9c7198a", "numVertices": 254, "min": [-4.81864, 0.0, 1.11869]}
