{"max": [3.3819, 0.06, 0.0], "centroid": [2.6268999999999845, 0.025379310344827318, -0.17250004344827571], "id": "2731687dd460a263d8eae9bce48bbeed", "numVertices": 580, "min": [1.8719, -0.32, -0.345]}
