{"max": [-0.168851, 1.8288, 0.951207], "centroid": [-0.4961644015748031, 1.128372733700784, 0.09441237259842515], "id": "2537e62a6495a46bc47fc2b7741fa", "numVertices": 1270, "min": [-1.08325, 0.0, 0.0129944]}
