{"max": [0.238899, 0.456629, -0.0122874], "centroid": [-0.772759373875513, 0.3982074568309244, -0.4192755283067808], "id": "6f630f561e5ae2a5423efd8c02bd12f7", "numVertices": 8097, "min": [-1.78273, 0.0, -0.772271]}
