{"max": [-0.266883, 0.714375, 0.76584], "centroid": [-0.9315244676313815, 0.2979684031987826, 0.4900972079207894], "id": "498ef3fb51503dc36e07666ce67ff5a", "numVertices": 1313, "min": [-1.59222, 0.04445, 0.184821]}
