{"max": [0.0, 0.3048, 0.3048], "centroid": [-0.3844917553333329, 0.10203816385714293, 0.0006778898076190326], "id": "8b35178a614ee2f462023490a1e05c18", "numVertices": 420, "min": [-0.761967, 0.0, -0.047625]}
