{"max": [1.8499, 0.976628, 0.478834], "centroid": [0.9201476297850381, 0.5214356766391587, 0.017743786056239306], "id": "ab1c843def8b843bed98cca8f0ccd5f7", "numVertices": 12203, "min": [-0.00990165, -0.003, -0.442834]}
