{"max": [0.0, 1.8, 0.35], "centroid": [-0.3021019864060152, 1.0662166039097738, 0.08543634700751822], "id": "1ee58b9b772b8807f51f77a6d7299806", "numVertices": 665, "min": [-0.6, 0.0, 0.0]}
