{"max": [1.58509, 0.740317, 0.0], "centroid": [0.8268352603105601, 0.5106926757763971, -0.044812272422360085], "id": "dbacfce828f0598ad534c2812395a1c1", "numVertices": 1610, "min": [0.0610851, 0.0, -0.3048]}
