{"max": [0.002, 0.763368, 0.656824], "centroid": [-0.8654662040133773, 0.4175983297658866, 0.3782788285000464], "id": "3c90d2eda6fdae1fbe1638d01f5577d9", "numVertices": 598, "min": [-1.73536, -0.015, -0.0128494]}
