{"max": [0.635, 0.864, 0.405], "centroid": [-0.0005798479087444839, 0.539921350285171, -0.3257763250950526], "id": "906d1dc1a8e519868cb5d9909aeb1309", "numVertices": 2104, "min": [-0.635, 0.0, -0.399]}
