{"max": [0.0, 0.649288, 0.0], "centroid": [-0.8836095667107023, 0.4211502457067397, -0.23881823091149287], "id": "a03c239b05374a837c8303a5f3977966", "numVertices": 757, "min": [-1.7653, 0.0, -0.477838]}
