{"max": [31.2421, 23.48, 68.1928], "centroid": [26.704469536423858, 7.683074172185415, 63.34921125827814], "id": "d06a1c6dc8a4dcdecb3bcacd97bbd8b8", "numVertices": 302, "min": [22.2321, 3.29, 60.0245]}
