{"max": [-0.371387, 2.5, 0.881104], "centroid": [-2.5761940524861857, 1.2224864585635355, 0.6124921104972382], "id": "1b3d4f2291545e472dc6c96daf8fd5ea", "numVertices": 362, "min": [-4.78139, 0.0, 0.223104]}
