{"max": [0.112735, 0.339561, 0.231882], "centroid": [-1.126140650235316, -0.19201679615281123, -0.06448342646901556], "id": "ec4317837dd247dcd2b12aa6a0f050b3", "numVertices": 21543, "min": [-2.36377, -0.543202, -0.391039]}
