{"max": [0.0, 0.85, 0.5], "centroid": [-0.7818853328315398, 0.46357649354099634, 0.036461463168038215], "id": "aa28deb4dd304d12f51f77a6d7299806", "numVertices": 19198, "min": [-1.6, 0.0, 0.0]}
