{"max": [0.0, 0.748284, 0.675753], "centroid": [-0.8840913978201626, 0.30432581471389675, 0.40202093547683915], "id": "94420ab399ce8a1561e51a63d5bc6e46", "numVertices": 367, "min": [-1.77, 0.0, 0.0]}
