{"max": [14.7288, 11.3665, 0.0], "centroid": [7.402730937499999, 5.32107875, -3.2071027812500024], "id": "63a218005fa1bee7fd313061a14ce51c", "numVertices": 64, "min": [0.0, 0.0, -6.95008]}
