{"max": [0.0, 0.877416, -5.96046e-08], "centroid": [-1.218774529165471, 0.5547056000598237, -0.3322213324753453], "id": "b03c1ad073bf95cde9edcfa70ed557a", "numVertices": 10029, "min": [-2.43688, 0.0, -0.688659]}
