{"max": [0.381, 1.8288, 0.0], "centroid": [0.27749633217993064, 0.9218737716262971, -0.4993379505190311], "id": "45553c754e1132533fe047712e43e185", "numVertices": 289, "min": [0.0, 0.0, -0.666751]}
