{"max": [-1.79096, 1.6766, 1.26987], "centroid": [-2.4369476808266253, 0.8140269838117096, 0.5911850608495983], "id": "321eb85037156544799b0b9a0d4a12cf", "numVertices": 1742, "min": [-3.09096, 0.0, 0.569874]}
