{"max": [3.40066, 1.8407, 0.390799], "centroid": [1.7044831664608562, 1.1020216449189466, 0.19564265124108193], "id": "a4caf30bbf028b63713f083e39bce318", "numVertices": 21167, "min": [1.19209e-07, 0.0, 0.002823]}
