{"max": [0.0, 0.425159, 7.98106e-05], "centroid": [-0.9429628984426638, 0.34492433910546105, -0.2811777835659913], "id": "a775a66a362089fdcb2a965e75be701c", "numVertices": 12185, "min": [-1.88595, 0.0, -0.562055]}
