{"max": [0.0, 0.470134, 0.662955], "centroid": [-0.7156561633093517, 0.2590230019640284, 0.19155177733812953], "id": "1f1484649f0b2d9f6820cc0e7030e15e", "numVertices": 556, "min": [-1.5875, -0.00151691, 0.0508]}
