{"max": [0.00635, 0.893869, 0.0], "centroid": [-1.4637228406242282, 0.5704647982931346, -0.40369400396639715], "id": "60287e7894707cf9fd074351be80913b", "numVertices": 7261, "min": [-2.93445, 0.0, -0.883733]}
