{"max": [0.55, 5.19, 1.17], "centroid": [-2.9685182102857106, 2.586546154285715, 0.4727428571428574], "id": "d6a58b80b6f1a4f9a14bb1d7e401bf06", "numVertices": 175, "min": [-6.95, 0.0, 0.0]}
