{"max": [1.0922, 0.5588, 0.0254], "centroid": [0.5308715954349323, 0.32522866513570003, -0.22346175830201856], "id": "154f41bbdd20cd9d8430b7446f9e1252", "numVertices": 1437, "min": [-0.0254, 0.0, -0.4826]}
