{"max": [1.15e-06, 0.717439, 0.0], "centroid": [-0.7516668665035319, 0.4980900318705763, -0.351205752275026], "id": "49989a15860936d6601104cd2d998272", "numVertices": 989, "min": [-1.485, -0.00330031, -0.699995]}
