{"max": [1.2192, 0.241453, 0.0], "centroid": [0.5876102547945204, 0.1355540000000001, -0.1524000000000001], "id": "39d8fdb56b0e160dbcceec49967c0de7", "numVertices": 146, "min": [0.0, 0.0, -0.3048]}
