{"max": [4.2662, 1.02819, 0.0], "centroid": [2.9912005714285717, 0.5090499714285716, -0.29571428571428576], "id": "20222f467d257022c8bbbd98dee48cb", "numVertices": 70, "min": [1.7162, 0.008193, -0.77]}
