{"max": [0.0, 0.830375, 0.664819], "centroid": [-0.8667524177077378, 0.4178278326647556, 0.4231187380744982], "id": "d55207728b14e543ad5067eac75a07f7", "numVertices": 1745, "min": [-1.74778, 0.0, 0.0]}
