{"max": [-0.157777, 2.4, 0.715274], "centroid": [-0.9477777463002055, 0.682273784355179, 0.1518351078224118], "id": "d17b46d9ad9378209c68640456c0e", "numVertices": 1892, "min": [-1.73778, 0.0, 0.129274]}
