{"max": [0.033786, 0.817572, 0.408601], "centroid": [-0.4089706999769739, 0.49150912203545294, -0.03102411881188091], "id": "9402e5123bd831e276f1f48f36df7df4", "numVertices": 4343, "min": [-0.846214, 0.0, -0.06481]}
