{"max": [-0.0555625, 0.804363, -0.0524926], "centroid": [-0.998576872376864, 0.5089332699436186, -0.34103104944818124], "id": "ebdcd5f64e44ce0cb2a965e75be701c", "numVertices": 12504, "min": [-1.94151, -1.13249e-06, -0.753397]}
