{"max": [1.2192, 0.3048, 0.0], "centroid": [0.6161548387096777, 0.24143655913978496, -0.2264150537634409], "id": "a8e987a6a6486b962d6c8e51365a5a87", "numVertices": 93, "min": [0.0, 0.0, -0.4572]}
