{"max": [0.0, 0.299999, 0.699999], "centroid": [-1.0996390703703727, 0.22523999907407435, 0.35625035518518544], "id": "25876fee744f8f8dd45380eb90f62b3f", "numVertices": 216, "min": [-2.17474, 0.0, 0.0]}
