{"max": [-0.957263, 0.712784, 0.677125], "centroid": [-2.176969157248152, 0.33575878230958245, 0.3575176108108112], "id": "76d029e29ac2bb69ad5067eac75a07f7", "numVertices": 814, "min": [-3.39566, 0.0, 0.0]}
