{"max": [0.0249365, 0.838701, 0.238584], "centroid": [-1.2237507090633288, 0.35222283292357304, -0.09733672909251394], "id": "634524d6d74142ecd2b12aa6a0f050b3", "numVertices": 10766, "min": [-2.4681, -5.97154e-05, -0.43986]}
