{"max": [5.7956, 0.508454, -2.51741], "centroid": [4.71559748786406, 0.11802145509708724, -2.9151078883495147], "id": "bd51deddfdcae18b3b8dea4a358cbf0d", "numVertices": 824, "min": [3.63559, -0.382935, -3.30131]}
