{"max": [0.0, 0.87, 0.538], "centroid": [-0.7218421052631581, 0.6039271255060722, 0.07040890660479253], "id": "1ee6393153a3146ebc19762eaa7ba40f", "numVertices": 247, "min": [-1.44, 0.0, -7.45058e-09]}
