{"max": [0.297497, 0.789288, 0.129962], "centroid": [-0.577228765272146, 0.47614883856154305, -0.27246080690958363], "id": "135765739f0cb969f155d75bbf62b80", "numVertices": 13153, "min": [-1.51657, 0.0, -0.619727]}
