{"max": [-1.55857, 2.60509, -2.54976], "centroid": [-2.6176102100104925, 0.9029598123906195, -3.2358337066853644], "id": "b8e019587c8157041a3b39b07e4b3d0f", "numVertices": 2857, "min": [-3.67665, 0.0, -3.26135]}
