{"max": [0.0, 0.9144, 0.0], "centroid": [-0.6096, 0.3555999999999999, -0.24892000000000003], "id": "33a40eba7b3382f5653e42b6d3d77b73", "numVertices": 20, "min": [-1.2192, 0.0, -0.6096]}
