{"max": [0.987588, 0.4572, 0.00635], "centroid": [0.3870479978431378, 0.23700351699346403, -0.2247014017254898], "id": "4c44e4124118a2521e4b67452ae5160", "numVertices": 306, "min": [-0.04445, -0.1524, -0.454025]}
