{"max": [1.0, 0.445, 0.205], "centroid": [-0.00048295833333329014, 0.1977514916666666, -1.734723475976807e-18], "id": "6233b6cce0da0615d4cfbd0aef5a371", "numVertices": 96, "min": [-1.0, 0.0, -0.205]}
