{"max": [3.95376, 1.916, 2.15597], "centroid": [2.2318449999999994, 0.734978524115384, 1.921969999999998], "id": "274b2b7de6654d7ce6619119a89ba92d", "numVertices": 520, "min": [1.14176, -0.152, 1.68797]}
