{"max": [1.8288, 1.2192, 0.00635], "centroid": [0.8013516743581831, 0.7217925785895504, -0.5084334330390915], "id": "aa249df1e594036f730fe631274bee9c", "numVertices": 9855, "min": [0.0, 0.0, -0.609902]}
