{"max": [0.0, 2.41099, 0.0], "centroid": [-0.44765089274725334, 0.3403263411868192, -0.30241584417582346], "id": "687a33b0fd4a906dc2185cc0ca1b306b", "numVertices": 910, "min": [-1.375, 0.0, -0.65]}
