{"max": [0.0, 0.8, 0.5], "centroid": [-0.4597343864848491, 0.3925681818181814, 0.20323846215151536], "id": "c89a5482bb756c041d86c17c15247b0", "numVertices": 264, "min": [-0.9, 0.0, -0.024]}
