{"max": [1.9649, 0.789572, 0.0], "centroid": [0.9835967129367853, 0.5550750590755289, -0.3792724891356255], "id": "e3fddd1e0ce63b65ad5067eac75a07f7", "numVertices": 12374, "min": [0.0, 0.0, -0.759351]}
