{"max": [-1.37393, 0.880668, 2.70271], "centroid": [-2.285485992530421, 0.4370884036631156, 2.3722875088702327], "id": "7c49749ab1fa402a2056b4bd5d870b47", "numVertices": 5355, "min": [-3.20952, 0.0, 2.02681]}
