{"max": [0.53, 0.72, 1.8], "centroid": [0.39329268292682973, 0.29853658536585365, 0.8934756097560975], "id": "4f53f0d00d3491f35eea3e3d89293379", "numVertices": 164, "min": [0.0, 0.0, 0.0]}
