{"max": [-0.30525, 2.11089, -0.0645336], "centroid": [-1.8494994259259259, 0.8367681500000035, -0.2883412543209876], "id": "7728f0ae18c58d067e427098d75ece6a", "numVertices": 324, "min": [-4.39287, 0.0, -0.416959]}
