{"max": [0.0, 1.7399, 0.390661], "centroid": [-0.3412424012368044, 0.44902414298829985, 0.10935707509957199], "id": "aae9df5536cce166d5532c7891a349ad", "numVertices": 1402, "min": [-0.682625, 0.0, 0.0]}
