{"max": [0.712045, 1.50241, 0.749014], "centroid": [0.5062513944329892, 0.9051841752577328, 0.3883499690721648], "id": "a06df01467d298caac51268fdb437a9e", "numVertices": 194, "min": [-0.00271058, 0.0, 0.0342584]}
