{"max": [0.0, 0.725919, 0.00643319], "centroid": [-1.219199999999997, 0.42828989028936126, -0.26180031383771335], "id": "9c1a78d3846b8137d839166e2dcdb427", "numVertices": 470, "min": [-2.4384, -3.81842e-07, -0.581124]}
