{"max": [1.76213, 0.787794, 0.0039007], "centroid": [0.8867800137274211, 0.3879595578104144, -0.27372478669377187], "id": "e30527e054c1bf2ed201085e80edb26a", "numVertices": 8239, "min": [-0.092075, 0.0, -0.552506]}
