{"max": [0.0, 0.8763, 0.0], "centroid": [-0.2594569944073452, 0.6584310442403993, -0.5840376564398165], "id": "6b7123a3631583c612de5317fe5b354f", "numVertices": 1198, "min": [-0.4572, 0.0, -0.64758]}
