{"max": [0.0, 0.8763, 8.9407e-08], "centroid": [-0.23776309039145826, 0.5889344768683277, -0.3568376026406302], "id": "1700d057c9e0c88cc59350d819542ec7", "numVertices": 281, "min": [-0.5334, 0.0, -0.517525]}
