{"max": [-0.74677, 0.431137, 1.31118], "centroid": [-1.9542477666666676, 0.24209060000000013, 1.1147434000000003], "id": "4e3e67fa22620b82056b4bd5d870b47", "numVertices": 120, "min": [-3.18301, 0.0, 0.918032]}
