{"max": [0.0, 0.769327, -0.240123], "centroid": [-0.8888472276422761, 0.26288792953929524, -0.5367966910569105], "id": "a73601ecef6e3cf9f155d75bbf62b80", "numVertices": 738, "min": [-1.778, 0.0, -0.831448]}
