{"max": [0.75, 0.45, 0.18], "centroid": [0.03656308518368996, 0.21560661440920412, -0.0029497694792087075], "id": "45c49b9d7cf74ed261477e162a5a4fa4", "numVertices": 4954, "min": [-0.75, 0.0, -0.18]}
