{"max": [0.0, 0.381, 8.9407e-08], "centroid": [-0.6478504109480031, 0.1901482278063868, -0.39258393526505886], "id": "365b6a92fc2f46294da5feafe6f1c8fc", "numVertices": 1942, "min": [-0.9144, 0.0, -0.435769]}
