{"max": [0.15, 0.857658, 0.0740829], "centroid": [-0.8463801103974943, 0.2049782180995476, -0.19088906358323518], "id": "64cf18fe86206f6e1b1a00a31bfed97b", "numVertices": 442, "min": [-1.85, 0.0, -0.514665]}
