{"max": [1.19209e-07, 0.762, 0.0], "centroid": [-0.6464582703507558, 0.21621971561119246, -0.3149388549337221], "id": "20d92bdc128be29c59350d819542ec7", "numVertices": 2716, "min": [-1.2192, 0.0, -0.3556]}
