{"max": [-4.05075, 0.509587, 7.04078], "centroid": [-4.906415656469136, 0.17721170483111154, 6.815188974506012], "id": "57afec727772346f30bbd4cddd04c77b", "numVertices": 15690, "min": [-5.37253, 0.0, 6.59628]}
