{"max": [-1.9552, 1.96374, -0.840901], "centroid": [-3.19239770451068, 0.7378084531409418, -1.1669033152395665], "id": "2af2279b9331aa9916c6f599d5622764", "numVertices": 15696, "min": [-4.4317, 0.0, -1.23778]}
