{"max": [1.13877, 0.444349, 0.177555], "centroid": [0.5125540983018873, 0.30168967622641507, -0.12565527132075474], "id": "838c48b41d513a2dd0992406ba4944f5", "numVertices": 106, "min": [-0.141385, -0.00904093, -0.487478]}
