{"max": [0.0138922, 1.04067, 0.571956], "centroid": [-0.8966134944086016, 0.4796275806451614, 0.3058939494623661], "id": "6150a9e7c5534dec50cdeffe12411e9e", "numVertices": 186, "min": [-1.80712, 0.0, 0.0]}
