{"max": [-2.23469, 1.62299, 7.1333], "centroid": [-3.1284541509433934, 0.8952091886792448, 5.873852806603753], "id": "35faa6d255a474f3dde9018a607defc5", "numVertices": 424, "min": [-4.00501, 0.0, 5.8028]}
