{"max": [0.0, 0.840861, 1.11759e-08], "centroid": [-0.882664154864693, 0.44100256443299246, -0.3223275149711959], "id": "d9b39a2a427c17ed43d55fea640906fa", "numVertices": 776, "min": [-1.7653, 0.0, -0.601107]}
