{"max": [0.0, 1.14, 0.335], "centroid": [-0.40435705190082555, 0.6004744175206608, -0.015897337165452552], "id": "37fbc4e7c9e46b602b5631520b7d94fe", "numVertices": 1210, "min": [-0.81, 0.0, -0.042]}
