{"max": [1.095, 1.705, 0.450002], "centroid": [0.7786112546664846, 0.7949725928920779, 0.03852816675873123], "id": "3d5ef34ce469b11c5af597c14b093f6", "numVertices": 7811, "min": [0.0, 0.0, -0.00399835]}
