{"max": [-1.06512, 2.309, 1.73853], "centroid": [-1.6998658017604167, 1.0412973071182603, 1.307746851639267], "id": "52e92f372629cf356e8f1932e45c9faf", "numVertices": 7839, "min": [-2.33163, 0.0, 1.21795]}
