{"max": [1.90495, 0.787399, 1.31344], "centroid": [1.0085036552176239, 0.17229873000629284, 0.5496994728421613], "id": "608af07bd357d605f155d75bbf62b80", "numVertices": 3814, "min": [0.12695, 0.0, -0.207622]}
