{"max": [2.08183, 1.15081, 2.45566], "centroid": [0.9938686399151689, 0.68043892173913, 2.0993316425120763], "id": "276195bc09970fdbec0de4d645145eaf", "numVertices": 1035, "min": [-0.102477, 0.0, 1.50674]}
