{"max": [0.0, 0.8763, 8.9407e-08], "centroid": [-0.7743958227938889, 0.5921887481631227, -0.4640919026711939], "id": "6754e64c37f7318c824662341ce2b233", "numVertices": 5444, "min": [-1.524, 0.0, -0.505841]}
