{"max": [-2.23254, 0.762, 2.65976], "centroid": [-2.6405306388759495, 0.45408373882936903, 1.7215405138953765], "id": "a5b0aa0232ecc6dbd2f1945599cd5176", "numVertices": 12882, "min": [-2.71832, 0.0, 0.830959]}
