{"max": [2.0, 0.943822, 0.412708], "centroid": [1.0669459459459505, 0.37496563851351394, 0.16859972459459502], "id": "c02649dad5a5946dfcb04979ea30d7e8", "numVertices": 592, "min": [0.0, 0.0, 0.0]}
