{"max": [2.0, 1.2, 0.4218], "centroid": [0.9948656874531842, 0.2409279390703327, 0.18073782442095598], "id": "2b45de8320e0b2ca55d7f0828042fbd", "numVertices": 534, "min": [0.0, -3.72529e-09, -7.45058e-09]}
