{"max": [-1.29611, 1.12393, 1.06261], "centroid": [-2.46680355294117, 0.4972826105882353, 0.6713906717647036], "id": "3f50c37f196c541e776d8bc79b9caa2c", "numVertices": 850, "min": [-3.43288, 0.0, 0.294651]}
