{"max": [0.035, 0.4, 0.82], "centroid": [-1.3506302521008395, 0.0452235294117647, 0.42133422689075606], "id": "4d6b053f11e784e2a136ebdce43e4200", "numVertices": 119, "min": [-2.265, -0.3208, -0.035]}
