{"max": [2.98596, 0.44459, 1.06527], "centroid": [1.521397548228009, 0.33380438044406613, 0.5234645277113554], "id": "65470e16a5880d4dcb2a965e75be701c", "numVertices": 4684, "min": [0.0583642, 0.0, 0.0608554]}
