{"max": [0.0, 0.709263, 0.0], "centroid": [-0.909264724689159, 0.44766671140319775, -0.4073939555950267], "id": "24f090d8ee565dd1601104cd2d998272", "numVertices": 563, "min": [-1.785, -0.00330031, -0.699995]}
