{"max": [0.853628, 0.915001, 0.403519], "centroid": [0.08737247382028367, 0.38594119064466914, 0.05197498599579635], "id": "3761d6523fb9d7a73f7e27638e63d848", "numVertices": 1903, "min": [-0.670372, -2.54e-08, -0.0801021]}
