{"max": [0.0, 0.712784, 0.677125], "centroid": [-1.828867354545458, 0.3433740299173542, 0.3713777475206612], "id": "3dd362593be47490ad5067eac75a07f7", "numVertices": 1210, "min": [-3.6576, 0.0, 0.0]}
