{"max": [0.0, 0.568318, 0.456335], "centroid": [-0.9829108494164737, 0.46515981714921545, 0.19389819424428606], "id": "f713433b5702975aad5067eac75a07f7", "numVertices": 4490, "min": [-1.96446, 0.0, 1.19209e-07]}
