{"max": [0.0, 2.02, 0.0], "centroid": [-0.08470149253731336, 0.9663151492537314, -0.10298507462686571], "id": "bfdb60bd61d083536739a7caa0c577bd", "numVertices": 134, "min": [-0.18, 0.0, -0.178]}
