{"max": [0.20865, 0.780755, 0.0761312], "centroid": [-2.1198712702386717, 0.24287004176043894, -0.20031050462574004], "id": "c2516123957e1cc42283e6cce5561adc", "numVertices": 331, "min": [-4.47675, -0.000925068, -0.509363]}
