{"max": [1.41444, 1.37322, 0.587734], "centroid": [0.576996717275299, 0.9889111447309733, 0.2914932716103152], "id": "eb7cc5c0c5f8a289d2b12aa6a0f050b3", "numVertices": 6709, "min": [-0.236565, 0.533856, -0.060325]}
