{"max": [0.0, 0.97, 0.42], "centroid": [-0.832905978260869, 0.42951652173912963, 0.2104347826086952], "id": "740f399fea35db05490ad276cd2af3a4", "numVertices": 184, "min": [-1.24, 0.0, 0.0]}
