{"max": [0.0, 0.839922, -0.0103162], "centroid": [-0.886674161378069, 0.48578674686007867, -0.22875240368691563], "id": "e03e7aab2967929d3fdfe80ff0b57538", "numVertices": 3309, "min": [-1.778, -0.00738632, -0.564526]}
