{"max": [0.102491, 1.5875, 1.14285], "centroid": [-1.525418938028867, 0.7970829707216484, 0.02735576527835183], "id": "65f11f7cb5c5106eac00fd1150223027", "numVertices": 2425, "min": [-3.15049, 0.0, -0.0765867]}
