{"max": [0.0, 0.649288, 0.0], "centroid": [-0.8826664575757579, 0.4176607636363672, -0.2389188924242422], "id": "5c76331c2d99f3e2fc9d3ea96a9a9d1", "numVertices": 660, "min": [-1.7653, 0.0, -0.477838]}
