{"max": [0.189252, 0.979044, 0.552677], "centroid": [-0.6581064889146108, 0.34929381057752895, 0.2419115766651686], "id": "f70fe48c38bda53282c132e825d0d08f", "numVertices": 1780, "min": [-1.50564, 0.0, -0.27159]}
