{"max": [1.82307, 0.712186, 0.00194518], "centroid": [0.902980125371944, 0.4279621595585594, -0.3219019100059522], "id": "31615e201e29cc11c7f46e918e672933", "numVertices": 7394, "min": [-0.0184339, 0.0, -0.645746]}
