{"max": [1.52307, 1.39224, 0.476983], "centroid": [0.7843566025145726, 0.7413798551207325, 0.03285323569691937], "id": "b1bdcc7bcb3148aaa23949c21eddef76", "numVertices": 1201, "min": [0.0, 0.0, 0.0]}
