{"max": [0.000517905, 0.43004, 0.473976], "centroid": [-0.7439256171168025, 0.3553977632391658, 0.22719290086493135], "id": "8def49409282ccd4d8d8ba9872cc7fb4", "numVertices": 604, "min": [-1.48871, -0.002386, -0.0194322]}
