{"max": [0.0128385, 0.852947, 0.0127436], "centroid": [-0.9270598307739994, 0.4541660284890649, -0.32123533283527533], "id": "607414f33022aff2d2b12aa6a0f050b3", "numVertices": 18018, "min": [-1.86704, -0.000307188, -0.642107]}
