{"max": [-0.0151866, 2.2957, 0.45], "centroid": [-0.5045775412621379, 0.7620876199029119, 0.10197571941747582], "id": "45342795c9bf86d94b8710a3469971b1", "numVertices": 412, "min": [-0.997564, 0.0115742, -0.034]}
