{"max": [0.0684985, 0.78105, 0.31115], "centroid": [-0.6074103458724097, 0.43500602726547827, 0.03231803894429851], "id": "77d1cf70e480af7e6a400d4015c42de", "numVertices": 4499, "min": [-1.2877, -5.76302e-06, -0.01905]}
