{"max": [0.6858, 2.1336, 0.0], "centroid": [0.34005695506607775, 1.1351049823788553, -0.5722463138766528], "id": "bd55f9190cb5c9ea3fe047712e43e185", "numVertices": 454, "min": [0.0, 0.0, -0.666751]}
