{"max": [0.0, 1.8, 0.4], "centroid": [-1.00436678533058, 0.5180153044421504, 0.02231082033057844], "id": "a07f3b931238a5c3fe618e12c7f65698", "numVertices": 1936, "min": [-2.0, 0.0, -0.006]}
