{"max": [-1.08028, 0.86309, 2.61542], "centroid": [-2.298694494206146, 0.4250453638502982, 2.280480291262145], "id": "1bdfb8796887adf92056b4bd5d870b47", "numVertices": 6386, "min": [-3.53773, -0.000563982, 1.95258]}
