{"max": [0.0, 0.04445, 0.4064], "centroid": [-0.5302622028194197, -0.14848786765547028, 0.20366456473162659], "id": "d1caf5fd22c6c5083892cfdb72a66fb4", "numVertices": 3007, "min": [-1.0668, -0.43815, 0.0]}
