{"max": [0.0, 0.840861, 1.11759e-08], "centroid": [-0.8835572676489253, 0.4352535994930317, -0.32022893639752575], "id": "56916be69d224f2a3569fd2bf3d0a41b", "numVertices": 789, "min": [-1.7653, 0.0, -0.601107]}
