{"max": [-0.00112657, 0.966412, 3.2394], "centroid": [-1.1039233157587454, 0.6748761463467343, 2.8480380717682627], "id": "b12c3a046c326ca1d9b228d02c3319a3", "numVertices": 4626, "min": [-2.18553, -0.0127, 2.65497]}
