{"max": [1.16206, 0.771745, 0.02], "centroid": [0.5908335622298859, 0.28766117241379324, -0.2294422721839068], "id": "243cea3dfd6619944b8710a3469971b1", "numVertices": 870, "min": [-0.00079069, 0.0, -0.48]}
