{"max": [0.0, 0.381571, 0.488594], "centroid": [-0.7887449005649714, 0.3480799579661018, 0.24458478689265584], "id": "2c6c50ead2551d51a0e159a720dabf7", "numVertices": 354, "min": [-1.57721, 0.0, 0.0]}
