{"max": [0.0, 0.8763, -1.86265e-09], "centroid": [-0.1525599812286689, 0.5185543549488053, -0.3352201915300111], "id": "170be0087472182bc59350d819542ec7", "numVertices": 293, "min": [-0.3048, 0.0, -0.57424]}
