{"max": [2.2028, 0.6, -0.658769], "centroid": [1.599768520231212, 0.3337939017341015, -0.9232815592485601], "id": "b2a585ba5f0b4a25e76bc197b3a3ffc0", "numVertices": 692, "min": [0.987069, -4.3e-05, -1.18677]}
