{"max": [0.0635, 2.06375, 0.0], "centroid": [-0.8552969108787525, 0.799119849301895, -0.5787873993876305], "id": "18efc77e6837f7d311e76965808086c8", "numVertices": 3266, "min": [-1.8923, 0.0, -0.6477]}
