{"max": [0.0127001, 2.40053, 0.2794], "centroid": [-1.751247759925408, 1.169749963945284, 0.02406927121840022], "id": "5abaee58835d67975f9f6f4c95ed18d0", "numVertices": 2413, "min": [-3.5052, 0.0, -0.0709249]}
