{"max": [-1.10091, 0.969035, 2.65144], "centroid": [-2.3193075132515224, 0.48328768138663736, 2.337939940178726], "id": "ab3260f85c28adc82056b4bd5d870b47", "numVertices": 13206, "min": [-3.53931, -0.0015875, 1.95214]}
