{"max": [3.05687, 2.02, 1.59338], "centroid": [2.658119595469254, 1.067927228964401, 1.2959069902912517], "id": "b56494e8810764286739a7caa0c577bd", "numVertices": 2472, "min": [2.25687, 0.0, 1.2664]}
