{"max": [0.9144, 0.0, 0.0], "centroid": [0.5408381673588518, -0.5140555485714299, -0.285331945142857], "id": "b4e35d962847fb8e86d53ab0fe94e911", "numVertices": 525, "min": [-1.19209e-07, -0.6858, -0.354866]}
