{"max": [2.0735, 1.37322, 0.617973], "centroid": [1.108626760411217, 1.0067536426206734, 0.3399895635581133], "id": "22da6d7559e28ac9d2b12aa6a0f050b3", "numVertices": 5739, "min": [0.104999, 0.533856, -0.0300862]}
