{"max": [-1.35622, 2.0066, -1.14565], "centroid": [-2.069975, 1.1238736346153853, -1.627345769230774], "id": "ba6c211ed08d5c1b292e33b9f44edab7", "numVertices": 208, "min": [-2.94372, 0.0, -1.7235]}
