{"max": [0.0413672, 0.886198, 0.172879], "centroid": [-0.5999914947203406, 0.5481229820067058, -0.28178663319380964], "id": "2cb61abc0c2663ae8f0add668496d7a1", "numVertices": 6558, "min": [-1.34178, 0.0, -0.69296]}
