{"max": [0.0392532, 1.14985, 0.166809], "centroid": [-1.041253551273076, 0.6782160955024319, -0.15714427805636558], "id": "abf095439d2d7bdb57a8fa4c1cbcf3ea", "numVertices": 1029, "min": [-2.12762, -0.000961161, -0.726575]}
