{"max": [4.01303, 3.32729, 1.97734], "centroid": [2.188111674285726, 1.5280106341942847, 0.698668191580575], "id": "1b269019c7698355a8737fcf23389014", "numVertices": 875, "min": [0.115888, 0.00529966, -0.659598]}
