{"max": [0.035, 1.16239, 0.395], "centroid": [-0.30565920218561915, 0.6594153332569535, 0.04658871369405032], "id": "9ebf23f2bcb8f334246300e1c662ce6d", "numVertices": 3491, "min": [-0.785, 0.0, -0.035]}
