{"max": [0.00101966, 0.819382, 0.6096], "centroid": [-0.8572784410631231, 0.36034746843853765, 0.30226843853820656], "id": "84bb6a30b1c5a87be008ebe8273a693f", "numVertices": 301, "min": [-1.98018, 0.0, 0.0]}
