{"max": [1.2192, 0.8763, 0.0], "centroid": [0.941100646416383, 0.6403164846416386, -0.520386604095563], "id": "ea48a2a501942eedde650492e45fb14f", "numVertices": 293, "min": [0.0, 0.0, -0.660403]}
