{"max": [0.0, 0.0, 0.0], "centroid": [-0.38119792814403125, -0.7094864610331084, -0.32448896266878763], "id": "2fff20fe8b4b4a6cc59350d819542ec7", "numVertices": 3777, "min": [-0.762, -0.9906, -0.359569]}
