{"max": [-2.32695, 2.1336, 2.09148], "centroid": [-3.3843164516128947, 1.1118224700460848, 1.6979459907834111], "id": "3e881be7e5289fcb77a8ecb4b9a890c5", "numVertices": 217, "min": [-4.46055, 0.0, 1.43108]}
