{"max": [0.0, 1.36, 1.41], "centroid": [-1.5738182727272727, 0.4409090909090908, 0.7388872272727273], "id": "b77813d8b4fb7c606919f8efc25fe2eb", "numVertices": 44, "min": [-3.15, 0.0, 0.0]}
