{"max": [0.0, 1.3, 0.42], "centroid": [-0.6096189176470588, 0.5182264411764707, 0.021117647058823474], "id": "62f5c85919a21aee7868105076bde789", "numVertices": 340, "min": [-2.0, 0.0, 0.0]}
