{"max": [-3.01534, 0.0508, 6.74159], "centroid": [-4.083663530864198, 0.014829246888888899, 6.5009139382716], "id": "ff7a08ac16701dcec0277fc71766d822", "numVertices": 810, "min": [-5.14894, -0.3302, 6.25899]}
