{"max": [0.02, 0.837411, 0.00392387], "centroid": [-0.996105951167002, 0.553512582750503, -0.20307119983299807], "id": "694681de16b492987170f3141eadbf9", "numVertices": 497, "min": [-2.222, 0.0, -0.5]}
