{"max": [0.0, 0.762, 0.0], "centroid": [-0.5412536995469246, 0.28059490236559165, -0.21551373118279593], "id": "1257abde355da7ebc59350d819542ec7", "numVertices": 186, "min": [-0.9906, 0.0, -0.365125]}
