{"max": [0.0, 0.801877, 0.0247603], "centroid": [-0.9153957157999003, 0.43756840452560514, -0.2543922374273935], "id": "68d603f0483f4f869bd9ce04b3b1fd54", "numVertices": 2519, "min": [-1.8288, -0.175862, -0.640913]}
