{"max": [0.0511969, 0.80163, 0.0], "centroid": [-0.8680069384287713, 0.31173022777629766, -0.43628872300665733], "id": "969f830a531682cef155d75bbf62b80", "numVertices": 1502, "min": [-1.80062, 0.0, -0.692109]}
