{"max": [-5.96046e-08, 2.3368, 0.610931], "centroid": [-0.882365444081944, 1.7088543132091807, 0.40340886339283616], "id": "4b2e20535d3ecd016b7154919b02cbec", "numVertices": 13748, "min": [-1.75565, 0.0, 0.0]}
