{"max": [7.45058e-09, 0.7, 0.56], "centroid": [-0.8634319227011734, 0.5225348033028072, 0.01674705548724644], "id": "44e48c541b5466342f38c0d2792fb5e", "numVertices": 6116, "min": [-1.7208, 0.0, 0.0]}
