{"max": [0.0, 0.403, 0.393656], "centroid": [-0.45000010654412065, 0.2594833455882354, 0.029253646472191374], "id": "c66e77615d80399466e506c113d5d05e", "numVertices": 1088, "min": [-0.9, 0.0, -4.09782e-07]}
