{"max": [0.0, 1.0, 0.0], "centroid": [-0.9165872159468438, 0.5486378737541517, -0.32523008637873846], "id": "e9bf24b026df9624ef9a8aedf51bb497", "numVertices": 301, "min": [-1.85, 0.0, -0.75]}
