{"max": [0.0, 0.611188, 0.6096], "centroid": [-1.1664865375517244, 0.47070108620689655, 0.3258206896551725], "id": "c67c3e22b0c0f34e7db48c721db3fba4", "numVertices": 58, "min": [-2.13519, 0.0, 0.0]}
