{"max": [-0.564213, 2.51527, 1.01808], "centroid": [-1.2443293129032238, 1.6981232258064511, 0.16932765587096768], "id": "81bef552e83476ad3da27ece6ae88fff", "numVertices": 310, "min": [-1.93716, 0.0, -0.113562]}
