{"max": [3.25899, 0.333229, -1.81707], "centroid": [2.2502715625000014, 0.15609147718750002, -2.1918767968749995], "id": "c2365f1009f94814ece2872dbe44bfca", "numVertices": 128, "min": [1.27129, 0.0, -2.56347]}
