{"max": [-2.54434, 7.51103, 6.63575], "centroid": [-6.810486567164181, -0.5715394388059702, -0.11491860039801013], "id": "187f9c840611133b7fa41e06a7f4a88", "numVertices": 402, "min": [-11.2883, -6.63698, -0.53975]}
