{"max": [-0.317141, 0.847725, 2.18514], "centroid": [-1.2445541147540986, 0.4188438126463705, 1.4930632318501234], "id": "575d4aa0c1b95b0836d8dd30a594b2af", "numVertices": 427, "min": [-2.15855, 0.0, 1.466]}
