{"max": [-2.73763, 2.00004, 2.55807], "centroid": [-3.336984224999999, 1.0171815712499976, 2.318188], "id": "ac11c66661c8f95825b0a60e00f47d7d", "numVertices": 400, "min": [-3.93766, 0.0, 2.25773]}
