{"max": [0.0, 0.8763, 0.0], "centroid": [-0.21429167539571897, 0.5971136231956246, -0.6069842877127485], "id": "2cf4888579296377c59350d819542ec7", "numVertices": 2009, "min": [-1.0668, 0.0, -0.658813]}
