{"max": [1.6, 1.85, 1.72779], "centroid": [0.8062074571428579, 0.6629062074941451, -0.28463569428027957], "id": "895de6b9d3e0f1ad11b65536c08c170d", "numVertices": 427, "min": [0.0, -0.1, -0.36]}
