{"max": [-0.705278, 0.430258, 0.71358], "centroid": [-1.280625102454645, 0.32532526407683293, 0.5471510389541063], "id": "9f757c0acb5264f665ba78ad9601cf1b", "numVertices": 1874, "min": [-1.84908, 0.0, 0.369322]}
