{"max": [0.0154992, 0.755346, 0.135254], "centroid": [-0.8270707822079869, 0.37975312820712115, -0.2314180624822725], "id": "9e4391cde5446bded98cca8f0ccd5f7", "numVertices": 3904, "min": [-1.67282, -0.003, -0.52007]}
