{"max": [2.21862, 2.03, 0.166951], "centroid": [0.5640701124999998, 1.153490477941176, -0.2635109255514702], "id": "cdc2c14b62e110fbf8bf793ac0a3a901", "numVertices": 544, "min": [-1.27774, -0.04, -0.648049]}
