{"max": [0.0, 0.8763, 0.1016], "centroid": [-0.38004488043126655, 0.5298980431266845, -0.020420486469002654], "id": "8697ab2a0da98ba65588a2543ef0b0b4", "numVertices": 371, "min": [-0.762, 0.0, -0.0471932]}
