{"max": [0.0, 0.45, 0.54], "centroid": [-1.6635348404382937, 0.18221542084156991, 0.2696336433174211], "id": "14b63361a48a9fffe4a048c146e8bd43", "numVertices": 3541, "min": [-2.16, 0.0, 0.0]}
