{"max": [-2.0516, 1.01936, 0.770418], "centroid": [-2.9787000346170625, 0.44824848148887725, 0.45700739376892957], "id": "7ac31f1da37aca5160ddc468fe733ed1", "numVertices": 2311, "min": [-3.9058, 0.0, 0.194831]}
