{"max": [-0.26136, 3.58145, -0.00566017], "centroid": [-0.8844125291181347, 2.4539907321131365, -0.149473547820299], "id": "1fe25f0be8d71d6ce2e1a0e8b25f573f", "numVertices": 601, "min": [-1.34272, 1.73355, -0.342093]}
