{"max": [0.0254, 0.889, 0.508], "centroid": [-0.47384860187665245, 0.5474528621050805, 0.01813121082143595], "id": "6ff13af4d409fd25c3c22f38f0cbdf9f", "numVertices": 5691, "min": [-1.1938, 0.0, -0.0210945]}
