{"max": [0.0, 0.8255, -1.86265e-09], "centroid": [-0.4963747942708379, 0.6388182427083285, -0.6182006919989366], "id": "1ec5e12f2b5684a24da5feafe6f1c8fc", "numVertices": 3840, "min": [-0.9906, 0.0, -0.664369]}
