{"max": [0.0305264, 0.5615, 0.0305264], "centroid": [-0.8887171049170512, 0.3417259078341014, -0.7708863496774175], "id": "d347f6e236975a6b7c4767a4f4c46bba", "numVertices": 217, "min": [-2.17157, 0.0, -0.930205]}
