{"max": [0.0254, 0.9906, 0.0], "centroid": [-0.4550497819444445, 0.7103991111111116, -0.4002855625000001], "id": "1c898677c5b4291c847857e42f50ec6e", "numVertices": 144, "min": [-0.9144, 0.0, -0.6096]}
