{"max": [-0.0381, 0.804771, -0.0194784], "centroid": [-0.9811313709795639, 0.5113461155348265, -0.3166936589293715], "id": "552ab19eab47725cb2a965e75be701c", "numVertices": 13394, "min": [-1.92405, 0.0, -0.720058]}
