{"max": [0.177127, 0.553779, -0.00238158], "centroid": [-0.78645054482024, 0.3723791140251473, -0.3930951630967209], "id": "f7fe4b70b7268f6cc118bd35b5372812", "numVertices": 8509, "min": [-1.73815, -0.00866607, -0.737551]}
