{"max": [0.0, 0.455158, 0.0], "centroid": [-0.8875145348837183, 0.400385906976744, -0.1917103681976745], "id": "55619caff40ba259601104cd2d998272", "numVertices": 344, "min": [-1.785, 0.0, -0.400003]}
