{"max": [3.37846, 2.68236, 3.19882], "centroid": [1.9396001980874298, 1.1154914677595642, 2.6789424043715995], "id": "9fe8af4bc8683818579c9a60a6b30a2a", "numVertices": 732, "min": [0.480655, 0.0, 2.56992]}
