{"max": [0.999184, 0.70993, 0.994255], "centroid": [-0.00948673659620086, 0.35344310530273954, 0.0035103374287991677], "id": "106494f75125eea6adf66a6d73888234", "numVertices": 13160, "min": [-1.01818, 0.000434637, -0.986949]}
