{"max": [0.0, 1.27635, 0.0], "centroid": [-0.1944686990936555, 0.6989243111782463, -0.3480984018126881], "id": "8c60fe0d274ef76f6b983cbae7aad051", "numVertices": 662, "min": [-0.388938, 0.0, -0.377825]}
