{"max": [0.0, 2.0, 0.0], "centroid": [-0.5060810810810811, 1.1663986486486497, -0.3469594594594604], "id": "2dddaf7774fd11efe4d4a3bf05a8b705", "numVertices": 148, "min": [-1.0, 0.0, -0.65]}
