{"max": [0.0128385, 0.853254, 0.182745], "centroid": [-1.2328627226205902, 0.47211689683527575, -0.1326879509172704], "id": "516e288a1f609250d2b12aa6a0f050b3", "numVertices": 23730, "min": [-2.47664, 0.0, -0.472105]}
