{"max": [0.1778, 0.485402, 0.428375], "centroid": [-0.7366001698113205, 0.2529416981132076, 0.18287997358490574], "id": "c273ce2890d74ae18cca710901c2e97b", "numVertices": 106, "min": [-1.651, 0.0, -0.0626153]}
