{"max": [1.5, 0.455158, 0.400003], "centroid": [0.745843023255814, 0.400385906976744, 0.1917103681976745], "id": "4b6276df295b3967601104cd2d998272", "numVertices": 344, "min": [0.0, 0.0, 0.0]}
