{"max": [-1.16792, 0.70485, 1.52316], "centroid": [-2.2074478846153855, 0.3959173974358974, 0.7163867980769193], "id": "77342f11ba666144d71237b3923fc09", "numVertices": 312, "min": [-3.26342, 0.0, 0.608763]}
