{"max": [0.0, 0.8763, 0.0], "centroid": [-0.3403337812884323, 0.5920467642752548, -0.6047608828806007], "id": "40f90a159f03321cc59350d819542ec7", "numVertices": 1366, "min": [-0.5334, 0.0, -0.658813]}
