{"max": [1.2573, 0.315822, 0.0381], "centroid": [0.4614765306122451, 0.20376007857142892, -0.1930068643265307], "id": "831955faf1c5eceb433fb7e44afbc69d", "numVertices": 196, "min": [-0.3429, 0.0, -0.3937]}
