{"max": [0.0, 0.8763, 0.6096], "centroid": [-0.4572032912396679, 0.6787389641873305, 0.027965882093663786], "id": "60ac3a02f8c1116b5588a2543ef0b0b4", "numVertices": 726, "min": [-0.9144, 0.0, -0.0471932]}
