{"max": [0.203904, 0.787447, 1.28553], "centroid": [-0.7108991428571427, 0.5484813999999993, 0.5544590471428569], "id": "758b78e2ad5dfdd1edecfa50e41e5c9b", "numVertices": 280, "min": [-1.6249, 0.0, -0.167791]}
