{"max": [-2.23742, 1.2, 5.09807], "centroid": [-2.5159683084577114, 0.8157960199004962, 4.628644427860695], "id": "cac3d104981b47cd3d113b8340bd5029", "numVertices": 201, "min": [-2.79742, 0.0, 4.59807]}
