{"max": [0.0, 0.62, 0.36], "centroid": [-0.22521060022026404, 0.29451636916299573, 0.1683539257709267], "id": "29faa40d5c0a65a576e9713f57a5fcb6", "numVertices": 908, "min": [-0.446715, 0.0, 0.0]}
