{"max": [0.154688, 0.771083, 0.16493], "centroid": [-0.7366396195719254, 0.36644696522503967, -0.03087699671602428], "id": "29fafe9d3b95e324535e3a87e2212e35", "numVertices": 13642, "min": [-1.62789, 0.0, -0.419604]}
