{"max": [0.0, 0.0, 0.0], "centroid": [-0.5305557291666667, -0.30569025191858323, -0.23070283333333355], "id": "253c1fd3743c47234da5feafe6f1c8fc", "numVertices": 192, "min": [-0.8382, -0.5969, -0.365125]}
