{"max": [0.0, 0.9398, 0.3937], "centroid": [-0.7775159125585525, 0.267235111755522, 0.015792703546732217], "id": "238e8b7747e7a2503c4f66791e25960f", "numVertices": 4483, "min": [-1.3208, 0.0, 0.0]}
