{"max": [-18.286, 0.0762, 4.2454], "centroid": [-18.89121912568308, -0.00558850819672134, 3.9913979508196773], "id": "9d68ef4ac84c552819fb4103277a6b93", "numVertices": 366, "min": [-19.5052, -0.381, 3.7374]}
