{"max": [0.0103773, 0.548233, 0.00384404], "centroid": [-0.6088160519920911, 0.3731808073654002, -0.27044508085211794], "id": "6d23e04807a5c840307005544420ecd4", "numVertices": 5572, "min": [-1.22687, 0.0, -0.556863]}
