{"max": [0.0, 0.8763, 0.0], "centroid": [-0.29168976752767506, 0.6365162964329634, -0.5735170873492005], "id": "1767bd876a8b8c6e4da5feafe6f1c8fc", "numVertices": 813, "min": [-0.4572, 0.0, -0.658019]}
