{"max": [-0.00786707, 0.0429007, -0.0171093], "centroid": [-0.01365503602693607, 0.0217663557373737, -0.022647184175084257], "id": "3d326cbd820a49443a9bf8c718fc345e", "numVertices": 297, "min": [-0.0192971, 0.000254051, -0.0285393]}
