{"max": [0.000293601, 0.825035, 0.106898], "centroid": [-0.7391985544295206, 0.3492513054153994, -0.2698027668125262], "id": "e70d19625546502bed98cca8f0ccd5f7", "numVertices": 9196, "min": [-1.47983, -0.006, -0.665539]}
