{"max": [5.96046e-08, 0.8382, 0.0], "centroid": [-0.4523096106528566, 0.23566123477011516, -0.28440859348659003], "id": "3a0492e3892bb29f12de5317fe5b354f", "numVertices": 522, "min": [-0.762, 0.0, -0.34278]}
