{"max": [0.0, 2.82, 0.46], "centroid": [-0.8827215941510957, 1.1852062492132616, 0.2148194210371721], "id": "743366dfb72897be1ba9fd11dc8bf457", "numVertices": 12139, "min": [-2.2, 0.0, -7.45058e-09]}
