{"max": [0.0047575, 0.864208, -5.96046e-08], "centroid": [-0.608861772395805, 0.5140478566810557, -0.3372352913827712], "id": "da52e5b3a29c06b1eb8ae9cf8e3a676c", "numVertices": 5791, "min": [-1.22125, 0.0, -0.688659]}
