{"max": [5.55501, 1.18373, -0.163498], "centroid": [3.490374721030044, 0.7206326266094408, -0.6569458969957086], "id": "f560aae80e66f50585ef4356ea4ff622", "numVertices": 233, "min": [1.55501, 0.0, -1.0135]}
