{"max": [0.0, 0.34431, 0.0], "centroid": [-0.042309788952654755, 0.1471045136776659, -0.042749539935437654], "id": "2cb76d6aaac3c677bb60e56ad1645b95", "numVertices": 4182, "min": [-0.092887, 0.0, -0.053346]}
