{"max": [-3.01756, 1.30175, -3.37206], "centroid": [-3.932418649468886, 0.9159303308042538, -3.7952633990895253], "id": "3735e7c2bdcdcd7eebf9241bfabf12f1", "numVertices": 659, "min": [-4.84636, 0.52705, -3.88641]}
