{"max": [0.0, 0.8763, 8.9407e-08], "centroid": [-0.3529481073217829, 0.5334072709570946, -0.47443767675611476], "id": "3076e5d4a8078a0c59350d819542ec7", "numVertices": 6060, "min": [-0.6858, 0.0, -0.505]}
