{"max": [0.004, 0.675, 0.14], "centroid": [-0.34909544311149765, 0.25332602276490346, -0.009235798783835762], "id": "832fa486c60335f66ca64288cf1b7ee0", "numVertices": 283, "min": [-0.704, -0.02179, -0.0192419]}
