{"max": [-0.210973, 1.08289, -0.115941], "centroid": [-1.251499011647243, 0.578333165557404, -0.4740394950083202], "id": "fa259d97f0514af1814acb3be75bdbcf", "numVertices": 1202, "min": [-2.34553, 0.0, -0.83826]}
