{"max": [16.3129, 4.68648, 9.60747], "centroid": [11.035911535714279, 2.517235978571424, 8.041445535714292], "id": "19bb2f65f3de8f5fbdc7943e19c9bdf7", "numVertices": 840, "min": [5.86556, 0.0, 6.06187]}
