{"max": [-0.138712, 0.9144, -0.368873], "centroid": [-0.5959116666666664, 0.5095875000000001, -0.8291375000000002], "id": "c0d58499d2cecf07e1c245f9728d365", "numVertices": 24, "min": [-1.05311, 0.0, -1.13087]}
