{"max": [6.24609, 0.309334, 39.8003], "centroid": [5.419054525870779, 0.16082105270384467, 39.50757358566545], "id": "f5c6c9a4c5787dae19fb4103277a6b93", "numVertices": 4967, "min": [4.59388, -0.0915985, 39.2121]}
