{"max": [0.0, 0.8763, 8.9407e-08], "centroid": [-0.355538286837963, 0.5484063709075842, -0.45211124373892053], "id": "d6242003931d0a27824662341ce2b233", "numVertices": 2413, "min": [-0.6858, 0.0, -0.505841]}
