{"max": [0.0, 0.876303, 0.457202], "centroid": [-0.3544556923439688, 0.6760938878817122, 0.07116948140466935], "id": "68bc79caeaf162a7ce5d6e9371bb5c33", "numVertices": 257, "min": [-0.457167, 0.0, -0.047625]}
