{"max": [0.0, 1.397, 1.31921], "centroid": [-1.5417916922268902, 0.6270242531512598, 0.7672738455882447], "id": "ea518b89b8511916ac51268fdb437a9e", "numVertices": 952, "min": [-3.0734, 0.0, 0.0]}
