{"max": [-0.957263, 0.712784, 0.677125], "centroid": [-2.174097576219516, 0.3047039530487803, 0.40527651890244076], "id": "6ec0ed3fc05dc7b7ad5067eac75a07f7", "numVertices": 656, "min": [-3.40836, 0.0, 0.0]}
