{"max": [0.05, 0.782877, 0.0], "centroid": [-0.7278208815817405, 0.5290343269639066, -0.32938508471337347], "id": "c5eb5577e728c4c1ab4753fa80886181", "numVertices": 942, "min": [-1.44, 0.0, -0.414444]}
