{"max": [0.6, 2.02, 0.0], "centroid": [0.3000000000000001, 0.9977314285714284, -0.14672142857142859], "id": "acba82ca76cb0201774bc00c294ec5e4", "numVertices": 70, "min": [0.0, 0.0, -0.28]}
