{"max": [1.905, 0.936786, -1.22351], "centroid": [0.952499880478086, 0.6650184900398401, -1.3849829880478062], "id": "58a09612c838e441e7b89654b68b9e5b", "numVertices": 502, "min": [0.0, 0.0, -1.84684]}
