{"max": [0.0, 2.286, 1.78814e-07], "centroid": [-0.3665457136465325, 1.586266359060401, -0.306078321895114], "id": "47344f869d6c12e486d53ab0fe94e911", "numVertices": 894, "min": [-0.4572, 0.0, -0.354013]}
