{"max": [0.0, 0.839922, 0.00110904], "centroid": [-1.1841313038793329, 0.44863912124569033, -0.23100710616206996], "id": "52c13c1c0812699120f85be7e9edc22b", "numVertices": 4640, "min": [-2.3749, 0.0, -0.564526]}
