{"max": [-0.479727, 0.866775, -2.22025], "centroid": [-1.3108266516129055, 0.467021554193548, -2.348152322580651], "id": "6a9fb118c1501215f6459198cd03dd78", "numVertices": 310, "min": [-2.22439, 0.0, -2.55918]}
