{"max": [0.0, 0.64, 0.4], "centroid": [-0.6020323646341466, 0.3022913573170732, 0.07409619512195119], "id": "863deff7bdee8cdff51f77a6d7299806", "numVertices": 164, "min": [-1.2, 0.0, 0.0]}
