{"max": [-1.38031, 0.850711, 2.63059], "centroid": [-2.3050858291842045, 0.49168194184092084, 2.3520306536448445], "id": "2e016658e44247bd2056b4bd5d870b47", "numVertices": 7833, "min": [-3.23769, 0.0, 1.92799]}
