{"max": [1.86704, 0.853254, -0.153685], "centroid": [0.9278581422850041, 0.4658530808968987, -0.48544044966098104], "id": "280553e975d6b79fd2b12aa6a0f050b3", "numVertices": 19468, "min": [-0.0128385, 0.0, -0.808535]}
