{"max": [1.78273, 0.838478, 1.28123], "centroid": [0.8888685960179692, 0.36916438974664967, 0.6537412242800724], "id": "31846b186cddba04554672356b2029e9", "numVertices": 3158, "min": [2.1356e-06, 1.97928e-06, -1.06577e-06]}
