{"max": [0.027, 0.759056, 0.063807], "centroid": [-0.8334651874862801, 0.3431278402094884, -0.250425886805945], "id": "7bcb67e77adbb19bed98cca8f0ccd5f7", "numVertices": 2914, "min": [-1.69612, -0.003, -0.533159]}
