{"max": [0.0, 0.915687, 0.565791], "centroid": [-0.6261964285714281, 0.49529685142857177, 0.3994598914285713], "id": "fa1b7b9630c840eff4fb4dee5181bee", "numVertices": 350, "min": [-1.25254, 0.0, 0.0]}
