{"max": [0.0, 0.8763, 8.9407e-08], "centroid": [-0.35515297770154364, 0.5223228987993147, -0.40179007743055994], "id": "140ec01582235e15c59350d819542ec7", "numVertices": 583, "min": [-0.6858, 0.0, -0.511175]}
