{"max": [-0.196013, 1.8542, -0.228284], "centroid": [-0.873667850060461, 1.2072115961305971, -0.5100835114873034], "id": "8928e0f1fdd7f107f975e70a1bde427d", "numVertices": 827, "min": [-1.51681, 0.0, -0.691834]}
