{"max": [3.70109, 0.86, 4.42875], "centroid": [3.2538108358208984, 0.5332489791044778, 4.054835373134328], "id": "7fd938d174a81474b4aed946870413c3", "numVertices": 335, "min": [2.82109, 0.0, 3.91375]}
