{"max": [1.85067, 1.01216, 1.099], "centroid": [1.0559224648221373, 0.5137443899762835, 0.8260576474308292], "id": "fd359f64dda4e753870f22c94729669b", "numVertices": 1265, "min": [0.297102, -0.0187564, 0.43996]}
