{"max": [0.0, 0.8763, 0.0], "centroid": [-0.2849909562387682, 0.5580724724005149, -0.5750475689536584], "id": "3d2870c83ad35dfe86d53ab0fe94e911", "numVertices": 779, "min": [-0.4572, 0.0, -0.659666]}
