{"max": [4.4975, 0.769686, 6.1734], "centroid": [3.1745957954545516, 0.6093452236363639, 5.756220509090912], "id": "c81cf82daa56a165271513b292108db", "numVertices": 2200, "min": [2.4585, 0.0, 5.3194]}
