{"max": [0.0047575, 0.877416, -5.96046e-08], "centroid": [-0.6088346728890692, 0.5470719710803927, -0.33621176576893846], "id": "9c95f498f2726883bdc8e7e780fbaa21", "numVertices": 5498, "min": [-1.22125, 0.0, -0.688659]}
