{"max": [1.2192, 0.4191, 0.4572], "centroid": [0.6096000000000003, 0.24476363636363646, 0.2286000000000001], "id": "564474f25a4400c5dc20930e6fc85682", "numVertices": 88, "min": [0.0, 0.0, 0.0]}
