{"max": [-0.0569065, 0.454038, 0.544281], "centroid": [-0.20961946326530617, 0.16653000918367353, 0.34280555102040816], "id": "b7dc1e9a3949991747d7c2aae1e5c61", "numVertices": 98, "min": [-0.358097, 0.0, 0.316629]}
