{"max": [0.159167, 0.79452, -0.34141], "centroid": [-0.8804255076923075, 0.5051135743589746, -0.983630102564103], "id": "a5a9a0be36997bd82f549c6b85154162", "numVertices": 195, "min": [-1.88111, 0.0, -1.66597]}
