{"max": [2.23517e-08, 0.830375, 0.664819], "centroid": [-1.5567280257907339, 0.4460674007381475, 0.4040487830419567], "id": "95b375118d800de7ad5067eac75a07f7", "numVertices": 5148, "min": [-3.1414, 0.0, 0.0]}
