{"max": [0.0, 0.8763, 0.0], "centroid": [-0.46765505842207267, 0.5845233639883844, -0.586811753547822], "id": "1f336c9e48f1b54686d53ab0fe94e911", "numVertices": 1033, "min": [-0.9144, 0.0, -0.659666]}
