{"max": [0.0, 0.877416, -5.96046e-08], "centroid": [-0.9136158899483715, 0.5531730009270308, -0.33227357055971796], "id": "38e8a36cdd879fd2d6f2f8f659863647", "numVertices": 7551, "min": [-1.82677, 0.0, -0.688659]}
