{"max": [-1.10245, 0.852031, 2.62027], "centroid": [-2.3089006294628276, 0.4946429322860519, 2.354343660331787], "id": "6b05c22024088fa92056b4bd5d870b47", "numVertices": 9103, "min": [-3.51555, 0.0, 1.92316]}
