{"max": [0.389333, 2.6, -1.42927], "centroid": [-0.6097384261838453, 1.113946090993501, -2.0323897771587633], "id": "c8631f63ec5899a4a84a884e8267301c", "numVertices": 1077, "min": [-1.61067, 0.0, -2.05027]}
