{"max": [0.0, 0.875, 0.56], "centroid": [-1.4200000056224915, 0.15339011212851353, 0.21519276867469891], "id": "acbc349caf76e6b171337fa12bff07ad", "numVertices": 498, "min": [-2.84, -0.105, 0.0]}
