{"max": [-0.957263, 0.712784, 0.677125], "centroid": [-2.174699511363626, 0.34674883318181715, 0.3563783125000011], "id": "9683f5ef9e032a8aad5067eac75a07f7", "numVertices": 880, "min": [-3.40836, 0.0, 0.0]}
