{"max": [0.0608169, 2.1336, 0.47625], "centroid": [-0.6612530900973352, 0.9893716677354796, 0.12913490374299114], "id": "643191e8ee56104e424f8f8e828c9ab9", "numVertices": 35385, "min": [-1.38302, 0.0, -0.0395773]}
