{"max": [0.64062, 0.88511, 0.684939], "centroid": [0.3101271368308335, 0.5231380976017119, 0.4175059535331911], "id": "e0cefe05e1244097b51974a280a6461", "numVertices": 934, "min": [-0.01905, 0.0, 0.0160515]}
