{"max": [0.0, 0.8763, 8.9407e-08], "centroid": [-0.7805287570623488, 0.5930520964769742, -0.4633398900113815], "id": "1cf9f1ead192b6c9824662341ce2b233", "numVertices": 3690, "min": [-1.524, 0.0, -0.511175]}
