{"max": [0.0, 0.862518, 0.705631], "centroid": [-0.922793981341042, 0.47046959429190893, 0.38172172436849594], "id": "1541e36e8dc2d84caed2201239784a35", "numVertices": 5536, "min": [-1.84559, 0.0, 0.0]}
