{"max": [0.0, 1.951, 0.543563], "centroid": [-1.4502345113592834, 0.910331027761359, 0.28995473463529264], "id": "85b82499e3ce7aea3a5893ad04c930a0", "numVertices": 6268, "min": [-3.65173, -5.96046e-08, 0.0]}
