{"max": [0.0158974, 0.633633, 0.482637], "centroid": [-0.5201110327135657, 0.3516764251557769, 0.2363156731155765], "id": "aa722d165b5ede74f8832716537767a4", "numVertices": 796, "min": [-1.0763, -0.000795147, -0.0269507]}
