{"max": [-0.0777875, 0.804757, -0.0654165], "centroid": [-1.0207625718827504, 0.40110775076083294, -0.41878546268932765], "id": "51197dd964f598fdcb2a965e75be701c", "numVertices": 11356, "min": [-1.96374, 0.0, -0.765036]}
