{"max": [-1.5389, 0.580323, 0.794262], "centroid": [-2.465177878787877, 0.45235457575757626, 0.6085788181818187], "id": "6c5b4a90068a6b511fcbd85b6ac8926a", "numVertices": 132, "min": [-3.38, 0.131799, 0.415982]}
