{"max": [1.86227, 0.885213, 0.59], "centroid": [0.8806438281518711, 0.5486786407566152, 0.04505932062683571], "id": "99cd1d8970feddbaed98cca8f0ccd5f7", "numVertices": 3060, "min": [-0.1, -0.21, -0.5]}
