{"max": [-1.10665, 0.45, 0.644642], "centroid": [-1.8066500000000003, 0.19500000000000003, 0.43464199999999975], "id": "ac1b9a34ed8450bb2644d7d4d7ea2c7", "numVertices": 32, "min": [-2.50665, 0.0, 0.224642]}
