{"max": [0.0, 0.929378, 0.579811], "centroid": [-0.5746750608108105, 0.4812994864864861, 0.34198713967567584], "id": "8d7f97ef9187d6fff4fb4dee5181bee", "numVertices": 296, "min": [-1.14935, 0.0, -0.000331292]}
