{"max": [1.8546, 0.5588, 0.509833], "centroid": [0.9019241402685222, 0.3822988902655917, 0.25398246715693384], "id": "d3eea79405a0c784f155d75bbf62b80", "numVertices": 14006, "min": [-0.0511969, 0.0, 0.0]}
