{"max": [0.0, 0.839922, 0.00110904], "centroid": [-0.5905521209084947, 0.41015539391449796, -0.23034141582899154], "id": "5d68fdf84dfdc4809f136629ee03397d", "numVertices": 2994, "min": [-1.1811, 0.0, -0.564526]}
