{"max": [0.7366, 1.016, 0.0], "centroid": [0.36809402471631497, 0.4895309568257481, -0.3229938823529407], "id": "917de5653765673f8c2611a5a36e83b4", "numVertices": 901, "min": [0.0, 0.0, -0.45085]}
