{"max": [0.0, 2.0, 0.0], "centroid": [-0.6709946874999998, 1.0132791125000005, -0.16175000000000023], "id": "9990d6c43d95c521c4df475ad1a6d009", "numVertices": 160, "min": [-1.33, 0.0, -0.37]}
