{"max": [0.0337302, 1.0994, 0.748028], "centroid": [-0.8179556854648576, 0.5872449263285029, 0.5341958581249406], "id": "2fec2d7fdd169e28bb90acb1046227f8", "numVertices": 828, "min": [-1.67142, 0.0, -0.0748085]}
