{"max": [0.0, 2.45, 0.0], "centroid": [-1.6087040223325122, 0.6596449586435073, -0.5645135053763461], "id": "77aff49eccafcf2726831803d0b48347", "numVertices": 1209, "min": [-4.00014, 0.0, -0.63]}
