{"max": [-0.79513, 1.72, -2.97571], "centroid": [-2.4354936683417017, 0.8687876532663312, -3.6982068844221105], "id": "962d112db5d7c687e82effbd6750a761", "numVertices": 398, "min": [-4.15513, 0.0, -4.05571]}
