{"max": [0.0, 0.855, 0.515], "centroid": [-0.44699508704318985, 0.5201317009966785, 0.10796186445182716], "id": "4f168576511489f91439869d172d3897", "numVertices": 301, "min": [-0.885, 0.0, 0.0]}
