{"max": [1.01441, 2.63172, 1.01441], "centroid": [0.5160574631487329, 1.5615986268987383, -0.006590769936708598], "id": "97ff4614190d8cdfff05fff9845ac53e", "numVertices": 632, "min": [0.0, 0.0, -0.0887761]}
