{"max": [0.0, 0.840861, 1.11759e-08], "centroid": [-0.8836445757052196, 0.4236418420310315, -0.3154944863436508], "id": "5ee7a51ae38eda6b26b7fce5a7fdd285", "numVertices": 709, "min": [-1.7653, 0.0, -0.601107]}
