{"max": [-0.367128, 0.86305, 0.825296], "centroid": [-0.9131748406850929, 0.47186459427499045, 0.5629317353355402], "id": "a2dcaeb9f64566672027cee422df2aa3", "numVertices": 8524, "min": [-1.67119, 0.0605518, 0.33862]}
