{"max": [0.0, 0.8763, 0.0], "centroid": [-0.4572571599099099, 0.7187756599099109, -0.5928952581248889], "id": "23e3c2a2f61ddb2986d53ab0fe94e911", "numVertices": 888, "min": [-0.9144, 0.0, -0.658813]}
