{"max": [-2.38816, 2.6, 1.21404], "centroid": [-4.243197263279444, 1.0724281154734365, 0.6845826732101614], "id": "e16c0191973a25f02d63c890dc92b5", "numVertices": 866, "min": [-6.27016, 0.0, 0.409822]}
