{"max": [0.0929999, 0.907565, 2.98023e-08], "centroid": [-0.6121325349397598, 0.3124868915662651, -0.3325394648288047], "id": "9edc26b719dfbd49121811fcf3127a22", "numVertices": 166, "min": [-1.331, 0.0, -0.779]}
