{"max": [1.138, 0.7316, 0.738697], "centroid": [0.578541979516614, 0.21011672858006034, 0.4426944104909373], "id": "474fb0ff79e036b0820018801b237b3d", "numVertices": 1324, "min": [-0.022, 0.0, -0.0594513]}
