{"max": [0.0, 0.8763, 0.0], "centroid": [-0.45791169061685477, 0.5855632945264999, -0.5949105195611647], "id": "1676f8b995b976e5824662341ce2b233", "numVertices": 1151, "min": [-0.9144, 0.0, -0.663575]}
