{"max": [2.86636, 1.26251, 3.56904], "centroid": [1.9161055624999992, 0.5676296437500004, 3.0483451249999995], "id": "e8ed5a53c78744aa600895f6141c10ae", "numVertices": 160, "min": [0.760316, 0.100942, 2.60715]}
