{"max": [0.0, 0.8763, 0.0], "centroid": [-0.5011273827037777, 0.6536048986083498, -0.50919374158032], "id": "19e444da148930154692707833167ca3", "numVertices": 503, "min": [-0.9906, 0.0, -0.65044]}
