{"max": [0.0, 0.86614, 0.134826], "centroid": [-0.8887799846209652, 0.45865145717387457, -0.19859049215777264], "id": "54c05e235c8d3a4cf09874e0e8a75195", "numVertices": 11054, "min": [-1.778, 0.0, -0.54664]}
