{"max": [-0.719939, 0.817084, 1.45324], "centroid": [-1.9587593245613923, 0.3253969702399991, 1.1867736456140323], "id": "ec917ab14b06fe402056b4bd5d870b47", "numVertices": 570, "min": [-3.18301, 6.6294e-06, 0.911682]}
