{"max": [0.348763, 0.9906, 0.6096], "centroid": [-0.762554202565493, 0.542968589656639, 0.010275616032217837], "id": "cafb0ae07b0e2fb055f46d55537192b6", "numVertices": 9436, "min": [-1.5621, 0.0, -0.0381018]}
