{"max": [2.57525, 2.1336, 1.27723], "centroid": [1.2497336680497935, 1.0033783004149381, 0.7461665518672174], "id": "84f34a2d86cd4f0211926054acb73bec", "numVertices": 241, "min": [0.699059, 0.0, -0.54675]}
