{"max": [-0.0234405, 1.40271, 0.0], "centroid": [-0.6258032256097558, 0.6741043597560975, -0.2620614146341464], "id": "7bd5510b4451cb651d6ac856ecde9eb2", "numVertices": 164, "min": [-1.22344, 0.0027086, -0.4]}
