{"max": [0.0, 0.649288, 0.0], "centroid": [-0.882666680909093, 0.4176607636363672, -0.2389188924242422], "id": "cd385ebe6cd0c1262acc546c71bed8c7", "numVertices": 660, "min": [-1.7653, 0.0, -0.477838]}
