{"max": [0.0, 1.78096, 0.708984], "centroid": [-0.5914254217506488, 1.3019044972868252, 0.06660950526485845], "id": "7910e29e5285fa1a178e7d331e641179", "numVertices": 3096, "min": [-0.907732, 0.0, 0.020803]}
