{"max": [2.914, 1.85786, 2.92], "centroid": [2.3577307878787876, 0.5697974278787883, 2.4161696969697006], "id": "cb4234b5106ee84dfba786d6c256035b", "numVertices": 330, "min": [1.804, 0.0178592, 2.398]}
