{"max": [1.8288, 0.4318, 0.56832], "centroid": [0.9144000000000003, 0.31276821025212526, 0.28344895353936483], "id": "6a5ba469761d03c0d60ded25865ac76b", "numVertices": 160, "min": [0.0, -4.65767e-07, -6.77654e-07]}
