{"max": [-1.02474, 0.807559, 1.45324], "centroid": [-1.9443647572815612, 0.3622003932038832, 1.2250170388349524], "id": "f0df158b0694ee1f2056b4bd5d870b47", "numVertices": 206, "min": [-2.87821, -0.009525, 0.911682]}
