{"max": [0.0, 62.99, 12.65], "centroid": [-28.710007831325303, 24.421544120481926, -0.4875301204819275], "id": "247ef69bd111e8f026cd8d83e7ef5b6d", "numVertices": 166, "min": [-57.42, 0.0, -1.84]}
