{"max": [0.265378, 0.799437, 0.0274535], "centroid": [-0.44062909057591726, 0.5203887068062826, -0.25244955521465956], "id": "c9ca9b7317ac41b82168e5dee0d7f21", "numVertices": 955, "min": [-1.136, 0.0, -0.632311]}
