{"max": [2.35, -0.222789, -0.971863], "centroid": [0.8500053974350449, -0.5897006418020645, -1.9067637237813846], "id": "bf0b9b88be76628440126a5bcf48fc87", "numVertices": 2708, "min": [-0.65, -1.03161, -2.85186]}
