{"max": [0.0, 2.286, 0.0], "centroid": [-0.3868871991477242, 0.8357528437500014, -0.6178657227759089], "id": "f6d2550b82c208b012de5317fe5b354f", "numVertices": 3520, "min": [-0.762, 0.0, -0.657225]}
