{"max": [0.0, 0.853106, 0.581785], "centroid": [-1.2851499300558589, 0.4253830961859708, 0.3225232982326774], "id": "b695128faed7cffdad5067eac75a07f7", "numVertices": 2338, "min": [-2.50633, -2.87528e-05, 0.0]}
