{"max": [0.0, 0.762, 0.0], "centroid": [-0.4003808145192323, 0.21600978091715933, -0.31566252958579477], "id": "181716a7a34f2708c59350d819542ec7", "numVertices": 2704, "min": [-0.762, 0.0, -0.3556]}
