{"max": [0.0, 1.79292, 0.8845], "centroid": [-0.4029111904761901, 0.7994626991342019, 0.05143737229437236], "id": "a6abf531780014f890a1391b3fdfda26", "numVertices": 462, "min": [-0.91, 0.012916, 0.0]}
