{"max": [1.27321, 0.942274, 0.00357154], "centroid": [-0.348964264825031, 0.401662062624293, -0.04671967262609622], "id": "4a19288db84ea192871543ab797c3d2d", "numVertices": 17803, "min": [-1.95595, 0.0, -0.446757]}
