{"max": [7.45058e-09, 0.79151, 0.620003], "centroid": [-1.073533693758002, 0.1505218745652181, 0.335021719152174], "id": "28353d39cde416d0ed49e2c2d58fcee1", "numVertices": 368, "min": [-2.19, 0.0, 0.0]}
