{"max": [-0.697571, 0.2282, -0.0121183], "centroid": [-1.8106130681457953, -0.053843407416798716, -0.3547081800316953], "id": "f5557538f4c6d755d295b24579cf55b8", "numVertices": 631, "min": [-2.91257, -0.3448, -0.687118]}
