{"max": [0.0, 0.76, 0.7], "centroid": [-0.30616032785983366, 0.044543224658193374, 0.32502186159395374], "id": "5a6715ef95a99bf59856fa70a578baeb", "numVertices": 5822, "min": [-1.5, 0.0, 0.0]}
