{"max": [0.0, 0.434547, 0.00384404], "centroid": [-0.9126176793795843, 0.3825311790610693, -0.2692454564176691], "id": "10a66ce0a6b469d3b2cb19fcedc32ddd", "numVertices": 7221, "min": [-1.82677, 0.0, -0.556862]}
