{"max": [2.82526e-05, 0.763, 0.0], "centroid": [-0.9994322341819751, 0.4502873627189193, -0.35784208364978565], "id": "19399a9aac37442359cbde03ded257fd", "numVertices": 2330, "min": [-2.0, -5.58794e-09, -0.82]}
