{"max": [1.1, 0.5, 0.0], "centroid": [0.5357631272727267, 0.2533692999999998, -0.06730911363636365], "id": "cae6c2b329bbc12de5d5fc930770c792", "numVertices": 110, "min": [0.0, 0.0, -0.25]}
