{"max": [1.19209e-07, 0.762, 0.0], "centroid": [-0.6522603480890687, 0.2902238520855618, -0.21188059358288786], "id": "839393d59ef6c8cfc59350d819542ec7", "numVertices": 187, "min": [-1.2192, 0.0, -0.365125]}
