{"max": [-0.82375, 14.2796, 3.18242], "centroid": [-2.2959957494780823, 10.820860375782843, 2.0134000626304767], "id": "d68b1b0c95408b95380188eb80c957bc", "numVertices": 479, "min": [-3.97335, 5.28799, 1.04882]}
