{"max": [2.1016, 0.463814, 0.0499587], "centroid": [0.9380650250000009, 0.3058151599999999, -0.23965593850000033], "id": "cb48fccedaee0e82368bd71100fb3a30", "numVertices": 160, "min": [-0.2667, 0.0, -0.52978]}
