{"max": [0.0, 0.8, 0.3], "centroid": [-0.3858481824561404, 0.44500834947368456, 0.08126315789473726], "id": "63cb49d18eef102a5c910a98e42d23d", "numVertices": 570, "min": [-0.86, 0.0, -0.01]}
