{"max": [0.0, 0.801877, 0.0247603], "centroid": [-1.2208001019841197, 0.437550244841269, -0.2545237281615298], "id": "eb940ba9c22e793f35f2c389ea4da425", "numVertices": 2520, "min": [-2.4384, -0.175862, -0.640914]}
