{"max": [0.0, 0.945974, 0.574152], "centroid": [-0.6095999999999996, 0.60896515811966, 0.36264510905982983], "id": "3e59aa33fcf672b8f4fb4dee5181bee", "numVertices": 468, "min": [-1.2192, 0.0, -0.03175]}
