{"max": [1.7907, 0.444885, 0.565082], "centroid": [0.8826504173669524, 0.30745466890756296, 0.2822542981047821], "id": "5f355af51670666cfbf62ed378434fd1", "numVertices": 714, "min": [-0.0254, 0.003175, -0.000573507]}
