{"max": [2.695, 0.03175, 1.37349], "centroid": [1.6282021562499993, -0.099611202625, 1.2210899999999998], "id": "8d4693c04d684e61a3430e4fb40c91fe", "numVertices": 64, "min": [0.561404, -0.43815, 1.06869]}
