{"max": [0.015, 0.784871, 0.57862], "centroid": [-0.5373696682464462, 0.4150120592417091, 0.3511907087956355], "id": "696697545f8c8b9ff26d8e17374f38e2", "numVertices": 422, "min": [-1.095, 0.0, -0.02]}
