{"max": [0.9144, 0.0, 0.0], "centroid": [0.565107819502741, -0.5819711719844379, -0.31117682490272286], "id": "23b8cec330bc7699c59350d819542ec7", "numVertices": 1285, "min": [0.0, -0.762, -0.354013]}
