{"max": [0.00387157, 0.453117, 0.490358], "centroid": [-0.8473860377148441, 0.2708759660884762, 0.2423975230273434], "id": "4cd4797320eae6f90dac09d2827796c", "numVertices": 1024, "min": [-1.69857, -5.54228e-05, 0.0]}
