{"max": [0.0, 0.434547, 0.00384404], "centroid": [-1.5209611750293859, 0.38415542441762757, -0.26919745114127636], "id": "2355964634eba1da35eb9316401353ce", "numVertices": 11934, "min": [-3.04698, 0.0, -0.556862]}
