{"max": [1.53642, 0.918, 0.0984912], "centroid": [0.27727454125, 0.5741844769021818, -0.2671249633135864], "id": "1459b403c084a33e7694593a26340e", "numVertices": 3680, "min": [-1.11449, 0.005, -0.575509]}
