{"max": [1.81, 0.9, 0.62083], "centroid": [0.9049999754318598, 0.5419507877159315, 0.0779939201535509], "id": "13bae5728bec802034ea40f5d8767c57", "numVertices": 2605, "min": [0.0, 0.0, 0.0]}
