{"max": [-0.842191, 0.945071, 1.38735], "centroid": [-1.597008934959352, 0.34280382113821173, 1.0665799485094851], "id": "1c310698c57a3d378fd6b27be619556b", "numVertices": 369, "min": [-2.34219, -0.063276, 0.75467]}
