{"max": [2.43447, 0.430505, 0.0], "centroid": [1.2192465568015909, 0.3163499838895807, -0.4297480533908429], "id": "c4c9828b5c0e5db1ad5067eac75a07f7", "numVertices": 1507, "min": [0.0, 0.0, -0.866318]}
