{"max": [0.0, 0.8763, 8.9407e-08], "centroid": [-0.7816611930387991, 0.5277771780118214, -0.46359421221217234], "id": "4a30aaec0e83f992c59350d819542ec7", "numVertices": 3893, "min": [-1.524, 0.0, -0.511175]}
