{"max": [0.0, 0.840861, 0.00219453], "centroid": [-0.882664228205961, 0.4447065932642514, -0.31720920764248683], "id": "23bb9c45796a28d4154e78d1322f3484", "numVertices": 772, "min": [-1.7653, 0.0, -0.598912]}
