{"max": [-0.00303415, 1.7, 0.366966], "centroid": [-0.42798299039755316, 1.15201062262997, 0.10839746593272206], "id": "c4db384855e345009f8c3d2002c77ddb", "numVertices": 327, "min": [-0.956966, 0.0, 0.00303415]}
