{"max": [0.0, 0.4572, 0.458089], "centroid": [-0.9144000283687947, 0.41315531914893544, 0.2286000000000002], "id": "a77b423dbe9f9a34beedb4c8fd29e2d1", "numVertices": 564, "min": [-1.8288, 0.0, -0.000889]}
