{"max": [-0.9, 0.972, 0.51], "centroid": [-1.7600050995879177, 0.6005487946428578, -0.008830128680175974], "id": "9ea0005f3d702b4f6cc679ef84e06ad6", "numVertices": 2912, "min": [-2.62, 0.0, -0.03]}
