{"max": [0.0, 0.72, 0.3973], "centroid": [-0.3970141500409841, 0.4158178522540994, 0.17160101932377075], "id": "cb506ccfb07faa60f51f77a6d7299806", "numVertices": 976, "min": [-0.792787, 0.0, 0.0]}
