{"max": [0.00126994, 0.83566, 0.581625], "centroid": [-0.9437404582471403, 0.502032441970969, 0.34419153563881777], "id": "691480901ee9f047ad5067eac75a07f7", "numVertices": 5648, "min": [-1.90068, 0.0, 0.0]}
