{"max": [0.0, 0.0, 1.905e-08], "centroid": [-0.5641572833333335, -0.2286000416666667, -0.22440535719836097], "id": "386bf465df74b1321d860ee2ad2a42e1", "numVertices": 144, "min": [-1.0668, -0.4572, -0.3556]}
