{"max": [-0.617514, 1.4224, 0.587697], "centroid": [-0.9096782742707877, 0.9298742307357474, -0.043004502294296636], "id": "6a36134591ec32cd37c7771ad8a91690", "numVertices": 2297, "min": [-1.20171, 0.0, -0.0983112]}
