{"max": [0.0, 0.381, 8.9407e-08], "centroid": [-0.8667351064412018, 0.1415703324750198, -0.38156347523808176], "id": "a03797c4034be11ac59350d819542ec7", "numVertices": 1301, "min": [-1.3716, 0.0, -0.430212]}
