{"max": [0.0, 2.1844, -0.00635], "centroid": [-0.6076748844086016, 0.9502972365591401, -0.12000322096774206], "id": "d3257b1df741d9a099c549327bba1953", "numVertices": 372, "min": [-1.2192, 0.0, -0.469642]}
