{"max": [0.6096, 0.8763, 0.0], "centroid": [0.22295968473118258, 0.6463756594982084, -0.5288954946236558], "id": "68f25e77ac6bdea7de650492e45fb14f", "numVertices": 279, "min": [0.0, 0.0, -0.666753]}
