{"max": [0.0, 1.6604, 0.0], "centroid": [-1.1831733813559322, 0.4920908192090391, -0.17539661016949207], "id": "77df125bac962fbe4c5470734f591843", "numVertices": 354, "min": [-2.3577, 0.0, -0.3815]}
