{"max": [0.0, 0.389999, 0.619999], "centroid": [-0.9949995416666684, 0.33683241666666613, 0.30999938333333327], "id": "61ade658bb475cc6a992c1353f8a88ef", "numVertices": 96, "min": [-1.99, 0.0, 0.0]}
