{"max": [1.3716, 0.9398, 0.0], "centroid": [0.6752410616438351, 0.5793892486301373, -0.10709717513698627], "id": "5c31950da8e2eb09929ce23741435ae", "numVertices": 292, "min": [-1.34634, 0.0, -0.813821]}
