{"max": [0.0, 0.6094, 0.455297], "centroid": [-0.9823436719747586, 0.49083728739383387, 0.19713062672850376], "id": "54197739c383e3b9ad5067eac75a07f7", "numVertices": 4593, "min": [-1.96446, 0.0, 0.0]}
