{"max": [3.56732, 2.02, 0.0], "centroid": [1.7871057789115656, 0.994126921768708, -0.5458144829931963], "id": "7a8a8c523bcaa364a41bbb5eb703e15", "numVertices": 294, "min": [0.0, 0.0, -1.58448]}
