{"max": [-7122540000.0, 970930000.0, -1428270000.0], "centroid": [-8043872702.7027025, 664239243.2432432, -1755078378.3783784], "id": "cf14c102e6da1a78e6d475a101a6dfca", "numVertices": 37, "min": [-9002620000.0, 453505000.0, -2087100000.0]}
