{"max": [0.0550877, 0.940028, 0.609238], "centroid": [-0.7618495625, 0.5339584583333336, 0.25371398333333345], "id": "486535f610428612cf078dc7b29022e6", "numVertices": 96, "min": [-1.57491, 0.0, -0.10181]}
