{"max": [0.00635, 0.893869, 0.0], "centroid": [-1.4637321613067233, 0.5719794551474302, -0.40878970188729896], "id": "759fbe8a3ffa3831a895774ea4e4686b", "numVertices": 7471, "min": [-2.93445, 0.0, -0.883733]}
