{"max": [0.533969, 1.77641, 0.0], "centroid": [0.18595403028455265, 0.8096877926829267, -0.2529830571138213], "id": "8316451b3959184963be0260dd648a5e", "numVertices": 492, "min": [0.0, 0.0, -0.29845]}
