{"max": [0.762, 0.0, 0.0], "centroid": [0.4817731204133393, -0.4576191764433351, -0.31999067666666475], "id": "8e9a51408589448bc59350d819542ec7", "numVertices": 3000, "min": [0.0, -0.9144, -0.354013]}
