{"max": [0.01905, 1.524, 0.4318], "centroid": [-0.44199974404976683, 0.791354017293939, 0.10091039635956651], "id": "b74f87f4d4c7da7343638dabe1eb5336", "numVertices": 3215, "min": [-0.70485, 0.0, -0.25108]}
