{"max": [-0.00069736, 0.90513, 0.419101], "centroid": [-0.23902865784861832, 0.2862384462814071, 0.11864531645728842], "id": "14590b6bdb425e80d8986c3ed6c52fe2", "numVertices": 3184, "min": [-0.480697, 0.00512016, 0.00399803]}
