{"max": [0.0, 2.18, 0.51], "centroid": [-0.27707856606848535, 1.3436704714648096, -0.06491544216867276], "id": "6c2762c2c95d7a2063b3c67777442463", "numVertices": 3154, "min": [-0.6, 0.0, -0.116]}
