{"max": [0.0, 3.81, 0.6096], "centroid": [-1.7335626190476197, 2.503665357142857, 0.2070950892857143], "id": "8cfbb0ecb20361e8a7cb178ec63a7c4a", "numVertices": 168, "min": [-2.7686, 0.0, -0.1016]}
