{"max": [-0.252079, 1.97612, 0.908922], "centroid": [-1.7724243061519875, 0.5606550706859585, 0.49670956799358895], "id": "544fbd4d4c1d445498a4820926b2a786", "numVertices": 12435, "min": [-3.75728, 0.0, 0.406208]}
