{"max": [0.0, 1.83515, 0.3048], "centroid": [-0.38400137338403023, 0.9045502256020325, 0.1201266679670467], "id": "ac2f35da065a451c72ddb537ecda2719", "numVertices": 789, "min": [-0.762, 0.0, 0.0]}
