{"max": [0.0128385, 0.852947, 6.40396], "centroid": [-0.7746415663496354, 0.45249641775457106, 6.068435027837809], "id": "c6dbedf2028735ccd2b12aa6a0f050b3", "numVertices": 17602, "min": [-1.56224, -0.000307188, 5.74911]}
