{"max": [3.25474, 3.52108, 1.41764], "centroid": [1.7574047781358317, 2.0427286392100124, 1.2124267165221403], "id": "7d865d0774f34972814c9aa90ee14e", "numVertices": 4152, "min": [0.0, 0.0, 0.0]}
