{"max": [2.37543, 0.45239, 0.446734], "centroid": [1.1884660952449153, 0.37585224038592474, 0.19531612743473287], "id": "87783e267a4db70044a8a9dc66c6c095", "numVertices": 1762, "min": [-2.30502e-08, -0.00787519, 0.00868792]}
