{"max": [1.77165, 0.64135, 0.03175], "centroid": [0.8826498487485714, 0.5014297142857131, -0.2603500148005712], "id": "bdce8b3475f59d38f4fb4dee5181bee", "numVertices": 1400, "min": [-0.00635, 0.0, -0.55245]}
