{"max": [3.66, 2.29, 0.0], "centroid": [1.8345750342374418, 1.3431166518452673, -0.7702745233437405], "id": "abcac243e3ed325b34943af333340cd2", "numVertices": 2249, "min": [-0.01, 0.0, -0.89]}
