{"max": [0.01905, 2.1336, 0.0], "centroid": [-0.5916587671187208, 1.3449541796315587, -0.5592617691914032], "id": "868509e96bb859bbfd5b2dc3df6521d5", "numVertices": 3908, "min": [-1.20015, 0.0, -0.67945]}
