{"max": [1.56098, 12.8471, 9.93107], "centroid": [-9.979825518937552, 6.917787985243473, 5.499768454992629], "id": "aecc04ab28ca258181dea46b799d4f46", "numVertices": 2033, "min": [-21.4678, -0.4, -0.06153]}
