{"max": [0.0, 0.783971, 0.0], "centroid": [-1.0840000000000038, 0.39062435629139075, -0.3182830533112583], "id": "7f218ef91e835a90b515d1675be6b5d3", "numVertices": 604, "min": [-2.168, 0.0, -0.657142]}
