{"max": [-0.418854, 0.8128, -0.72162], "centroid": [-1.6392341098265875, 0.40145502312138726, -1.4823864739884374], "id": "94ac417b7ec10bcc6420261eb2dfc717", "numVertices": 346, "min": [-2.85725, 0.0, -2.24562]}
