{"max": [1.9812, 0.8763, 0.584664], "centroid": [0.985650735294117, 0.432466536764706, 0.3331710151838236], "id": "96fb3569c007fec46dbc2b0ff6fd8e0c", "numVertices": 544, "min": [0.0, 0.0, 0.0]}
