{"max": [0.0254, 1.2065, 0.523875], "centroid": [-0.7633232360849483, 0.6985043331486597, 0.030574144598929116], "id": "cece5afa11b5ea16d2096b2fa6f98cc7", "numVertices": 5415, "min": [-1.5494, 0.0, -0.0254]}
