{"max": [0.729662, 0.87, 0.159115], "centroid": [0.006020516129032271, 0.5676625287096771, -0.09250758064516135], "id": "94d10abadfa0d88bf51f77a6d7299806", "numVertices": 124, "min": [-0.770338, 0.0, -0.320885]}
