{"max": [0.0, 0.8763, 0.0], "centroid": [-0.40167979000000015, 0.6341526933333329, -0.5505621066997796], "id": "3cfebf4fdfa1384da5feafe6f1c8fc", "numVertices": 450, "min": [-0.5334, 0.0, -0.658019]}
