{"max": [0.0, 2.00016, 0.45], "centroid": [-0.36840756384976536, 1.4911616262910814, 0.16948356807511725], "id": "1a658b76afedb342490ad276cd2af3a4", "numVertices": 213, "min": [-0.74, 0.0, 0.0]}
