{"max": [0.0, 0.8763, 0.0], "centroid": [-0.11737298658536577, 0.6059544725609742, -0.5539470784704281], "id": "3d8183c2f6c0003bc59350d819542ec7", "numVertices": 984, "min": [-0.2286, 0.0, -0.6604]}
