{"max": [0.265378, 0.799437, 0.0274535], "centroid": [-0.5589520610155619, 0.545221233415235, -0.26636913579852606], "id": "2902b377edd4b48aa3a0c1cc16d124ad", "numVertices": 1221, "min": [-1.38298, 0.0, -0.632311]}
