{"max": [1.51691, 0.45, -0.744874], "centroid": [0.8235243921259834, 0.30555118110236207, -0.9340859999999996], "id": "1695ec4ee4d2e60b50039fe1590fc615", "numVertices": 127, "min": [0.0969103, 0.0, -1.11487]}
