{"max": [0.0508, 0.9144, 0.609596], "centroid": [-0.5253294430851064, 0.5126913892436175, 0.05956072513723402], "id": "46bb63196198ffa2fc98aa4b97627df6", "numVertices": 188, "min": [-1.1176, 0.0, -0.107954]}
