{"max": [0.0149509, 0.858347, 0.587138], "centroid": [-1.0963783928571436, 0.38026123785714316, 0.3249458094642855], "id": "8d074f177479ac42628516f95b4691f", "numVertices": 112, "min": [-2.19034, -0.00033617, -0.00109577]}
