{"max": [0.0229651, 2.08, 0.64654], "centroid": [-0.4264117695395937, 1.1939011749539572, 0.1514640127071821], "id": "217d29a61745991f7aa75dfc74adc93f", "numVertices": 1086, "min": [-0.877035, 0.0, 0.0333648]}
