{"max": [-1.44837, 1.9939, 1.1208], "centroid": [-2.00964075697211, 1.57936482071713, 0.8877955856573695], "id": "98e47ed9746cbc88ef9b1f19ef4b8cc0", "numVertices": 251, "min": [-2.56611, 0.0, 0.731132]}
