{"max": [0.0, 0.8763, 0.0], "centroid": [-0.45273545941721427, 0.5843138520621686, -0.6128490445950137], "id": "bdb118e2b6c9f4d712de5317fe5b354f", "numVertices": 3346, "min": [-0.9144, 0.0, -0.646373]}
