{"max": [-2.44159, 0.946787, 1.34508], "centroid": [-3.450626427732068, 0.5138845910693303, 1.0452529847238565], "id": "258a52f3077d3ed56c342cf382162bc7", "numVertices": 1702, "min": [-4.44159, 0.0, 0.716881]}
