{"max": [0.0151613, 0.790291, -0.587426], "centroid": [-0.9286728357167373, 0.434961741452632, -0.9146529173205763], "id": "26325f047537acd3f155d75bbf62b80", "numVertices": 10450, "min": [-1.87254, 0.0, -1.23859]}
