{"max": [0.0, 1.83365, 0.4209], "centroid": [-0.3240243871225073, 1.355920410028491, 0.07213760683760681], "id": "ade25be3b1ee38bff51f77a6d7299806", "numVertices": 351, "min": [-0.62, 0.0, 0.0]}
