{"max": [0.0, 0.839922, 0.00110904], "centroid": [-1.134257914609315, 0.48085118957013784, -0.32126602889805267], "id": "2aaf5fe631a855b4de9ff1d2442cc6d1", "numVertices": 6886, "min": [-2.3749, 0.0, -0.599267]}
