{"max": [1.15e-06, 0.713729, 0.0], "centroid": [-0.8930197324839754, 0.4685983548208675, -0.39811083155248217], "id": "7ba9140b8e416d79601104cd2d998272", "numVertices": 1591, "min": [-1.785, -0.00330031, -0.699995]}
