{"max": [0.635, 0.867248, -0.59758], "centroid": [0.0010712448899061796, 0.3946276667625501, -1.0026467199173246], "id": "a2a83603f38cffbbd2b12aa6a0f050b3", "numVertices": 6291, "min": [-0.635, -0.00635, -1.36593]}
