{"max": [2.38419e-07, 0.6096, 0.0], "centroid": [-0.8136689410701073, 0.14039021663516055, -0.2900051327032123], "id": "6bd87f32df22ffe2854a6619c08bff6d", "numVertices": 529, "min": [-1.0668, 0.0, -0.354013]}
