{"max": [1.9649, 0.789572, 0.0], "centroid": [0.9836386964750786, 0.5551990215725975, -0.37926013344696], "id": "10bb5f29a8654f22ad5067eac75a07f7", "numVertices": 12006, "min": [0.0, 0.0, -0.759351]}
