{"max": [0.00799999, 0.792127, 0.0719144], "centroid": [-0.8154618924673603, 0.5228889941759046, -0.21795492561356805], "id": "616f9d109968982ced98cca8f0ccd5f7", "numVertices": 1548, "min": [-1.64203, -0.003, -0.552538]}
