{"max": [0.216653, 0.778028, 1.34748], "centroid": [-0.542393440460869, 0.39784529774086913, 0.5612468488400442], "id": "54650f6fee0e76b8b173657dabb4301e", "numVertices": 460, "min": [-1.30735, 0.0, -0.225937]}
