{"max": [3.08008, 0.525463, 2.30457], "centroid": [2.502037027027026, 0.4814930414414428, 1.984930135135136], "id": "9fd5b67a2b20b5d1b19874039c8f3e05", "numVertices": 222, "min": [1.92735, 0.0547407, 1.67657]}
