{"max": [-1.95506, 2.0, 1.34847], "centroid": [-2.757405161290325, 0.9588305135483867, 1.1072339516128995], "id": "2d2ce6dc51aa6c7a9856fa70a578baeb", "numVertices": 248, "min": [-3.55506, -3.586e-05, 0.948469]}
