{"max": [3.69, 0.7659, 0.0], "centroid": [1.9006661165228398, 0.42924401375690935, -0.8047055404174778], "id": "a7366461245f831ea764a25163affad1", "numVertices": 6235, "min": [0.0, 0.0, -1.30404]}
