{"max": [1.25413, 0.62865, 0.0], "centroid": [0.6270648518518526, 0.36089166666666633, -0.2921000000000003], "id": "f540ad990dbbd600f4fb4dee5181bee", "numVertices": 216, "min": [0.0, 0.0, -0.5842]}
