{"max": [-0.0254, 1.65562, 0.792883], "centroid": [-0.37472617217922627, 0.928388971079431, 0.10712325441955156], "id": "4e89985989c6a1936aedbd2a02b96953", "numVertices": 2455, "min": [-0.7274, 0.0, 0.024694]}
