{"max": [0.0, 2.02883, 0.652765], "centroid": [-0.369893792466151, 1.1187715570924095, 0.35242322389641106], "id": "1175801334a9e410df3a1b0d597ce76e", "numVertices": 3398, "min": [-0.762, 0.0, 0.0]}
