{"max": [0.265378, 0.799437, 0.0197308], "centroid": [-0.8298160076119492, 0.5314504320895541, -0.2579250555223877], "id": "324257d878597916bea0f59596aee501", "numVertices": 1340, "min": [-1.94178, 0.0, -0.632311]}
