{"max": [0.874722, 0.353011, 0.259036], "centroid": [-0.016165884382894968, 0.002536530764267232, 0.042193298144422686], "id": "eec9e185d9596e7ed2b12aa6a0f050b3", "numVertices": 6571, "min": [-0.903278, -0.449938, -0.317711]}
