{"max": [-0.368123, 1.01032, 1.06839], "centroid": [-1.313703756632222, 0.5312397081445434, 0.47970346675278613], "id": "f0ebc33311b55d6b4e7d60def15dcb8b", "numVertices": 23220, "min": [-2.26395, -5.92836e-05, 0.326791]}
