{"max": [0.0, 0.839922, 0.00110904], "centroid": [-0.8872464798359625, 0.44908670165869324, -0.26797337051537956], "id": "6ba417deb22dec19ff8d96709474c16b", "numVertices": 4389, "min": [-1.778, 0.0, -0.599267]}
